10000
4232 4335 1
4610 9391 1
1183 1660 1
3853 7722 1
5721 7616 1
2075 7691 1
7089 9469 1
5246 9043 1
1865 7881 1
2421 5884 1
3467 3714 1
1426 4801 1
484 5042 1
2440 9509 1
193 8276 1
1898 4796 1
4709 8057 1
6427 8946 1
6613 9890 1
288 5103 1
6874 7945 1
4752 5660 1
6075 8494 1
7732 9696 1
3773 5110 1
5813 8494 1
696 7557 1
5496 6343 1
4713 9869 1
7707 9639 1
4699 7719 1
6576 6975 1
4353 7082 1
7854 8346 1
533 9256 1
5992 7678 1
4254 6322 1
4438 8883 1
4734 7713 1
2161 8939 1
3687 3996 1
7912 8701 1
896 3831 1
3115 9432 1
376 2075 1
2007 2056 1
5358 6759 1
2242 3616 1
2655 3031 1
1318 4463 1
3623 9838 1
669 1573 1
2716 4438 1
3519 8734 1
5255 7011 1
577 2738 1
2686 5727 1
2574 9458 1
1872 9186 1
1361 2820 1
7412 8536 1
3200 5948 1
3324 3540 1
1789 4987 1
3867 9417 1
4454 5979 1
2272 5895 1
3590 8385 1
295 3025 1
8491 9697 1
110 239 1
261 6824 1
1426 1902 1
7508 9937 1
1472 6219 1
3232 5644 1
971 8677 1
6253 9681 1
2197 7414 1
855 2086 1
211 8400 1
2558 4387 1
2740 6121 1
1938 4679 1
479 2738 1
5654 7817 1
4350 5979 1
957 7466 1
5177 8417 1
8962 9440 1
1479 5296 1
1885 6738 1
8452 9338 1
732 4315 1
250 2851 1
7500 8891 1
5568 7484 1
2051 5495 1
361 2867 1
1324 5166 1
2318 9222 1
135 834 1
348 4325 1
5979 9455 1
48 8005 1
2942 6605 1
1625 7723 1
1701 2083 1
6786 8208 1
4052 9331 1
1558 9884 1
5314 7725 1
6217 9219 1
1633 6271 1
6265 7947 1
6098 9527 1
2474 8607 1
2054 8021 1
3747 9634 1
2833 5507 1
3896 5004 1
422 7815 1
4018 5933 1
1043 3961 1
6552 8162 1
918 9150 1
732 9926 1
5075 7335 1
8908 9338 1
2846 5153 1
6368 7294 1
1003 7945 1
215 2991 1
3429 7231 1
930 2744 1
4572 5179 1
2048 6112 1
852 5305 1
540 1246 1
887 4737 1
3726 7602 1
1472 7642 1
885 4664 1
5358 9471 1
5281 7561 1
3512 9336 1
7412 7865 1
294 1190 1
4485 7627 1
1663 8341 1
545 2529 1
7690 7809 1
9030 9304 1
4486 8229 1
6788 9169 1
184 4967 1
2109 9367 1
137 4397 1
472 8817 1
1205 8402 1
3017 7263 1
1907 7920 1
4486 5196 1
1356 7817 1
4310 7222 1
143 2899 1
5473 5637 1
2021 8207 1
139 2191 1
5691 7028 1
696 3048 1
3182 5795 1
5637 7731 1
1719 9562 1
3028 5328 1
2684 5518 1
3780 9127 1
7224 9857 1
3617 9106 1
2867 7854 1
2941 8557 1
2583 8849 1
5549 9015 1
628 4984 1
3004 5873 1
4831 6520 1
5939 8446 1
426 5789 1
2229 9260 1
8703 9417 1
1577 2689 1
8330 8677 1
1332 8520 1
1349 8689 1
497 5440 1
3933 5555 1
7508 7522 1
4027 9354 1
7182 9981 1
157 3305 1
2349 2387 1
2053 3557 1
688 9357 1
2820 8388 1
1151 4917 1
1581 3747 1
5235 8451 1
2465 9917 1
1016 8664 1
6246 7034 1
1072 1591 1
633 4173 1
4033 5385 1
6856 7717 1
2740 7089 1
2439 7915 1
1754 7812 1
3254 9030 1
4482 7840 1
2892 5416 1
6138 7851 1
2681 4415 1
1361 3572 1
5626 9396 1
552 5123 1
2093 9348 1
5388 8292 1
4603 6265 1
6119 6296 1
5174 9272 1
6607 7548 1
3828 9652 1
7880 8575 1
2440 3979 1
2262 5370 1
3337 3938 1
1028 5991 1
4938 5962 1
8222 8689 1
2775 3676 1
7690 9582 1
3676 8507 1
914 5862 1
4310 5612 1
1982 7423 1
1170 5293 1
8580 9336 1
1477 8419 1
1293 9830 1
579 4071 1
3903 4699 1
111 8921 1
4656 7188 1
2880 5540 1
4349 9889 1
5545 6532 1
4115 5521 1
5278 6188 1
2038 6951 1
5219 8991 1
1482 3286 1
1105 6746 1
3956 4710 1
2595 6310 1
2414 3266 1
793 5693 1
1106 3938 1
399 3322 1
3021 7650 1
4437 6511 1
1756 4986 1
8404 9460 1
2069 3231 1
1071 4883 1
1434 8907 1
2265 4863 1
1548 2593 1
2674 7542 1
4119 7333 1
2457 9005 1
2364 2398 1
626 3486 1
4067 4699 1
5120 9924 1
2387 9929 1
2117 5904 1
5305 6671 1
5934 9094 1
688 7747 1
743 8208 1
1810 6161 1
6598 6630 1
2193 5899 1
8012 8828 1
1773 3061 1
5572 7200 1
2474 8770 1
7326 8500 1
2837 7132 1
5278 8416 1
5008 8555 1
2165 2538 1
1571 1799 1
3300 5321 1
2088 2291 1
1878 2481 1
1129 4837 1
7815 8849 1
2942 8996 1
4716 5121 1
1276 9960 1
5058 8268 1
687 705 1
6583 9516 1
5053 9587 1
5287 7539 1
4379 5701 1
1452 4709 1
3 9872 1
6180 8345 1
72 3061 1
6049 9582 1
5566 7893 1
2923 6660 1
2300 7435 1
1376 9036 1
3568 7364 1
5263 5640 1
223 6613 1
16 9518 1
9443 9636 1
2652 3164 1
1962 1963 1
97 1778 1
2662 5572 1
3589 7652 1
3730 9577 1
6462 9347 1
5378 5563 1
3031 7132 1
1969 6517 1
2502 6788 1
3610 5496 1
545 7014 1
4898 5111 1
710 2917 1
479 8646 1
5610 7791 1
5458 9649 1
2793 8657 1
936 8333 1
4362 8514 1
5518 8202 1
3412 4730 1
745 2349 1
922 3739 1
9585 9877 1
545 7953 1
989 5715 1
2071 8672 1
856 7815 1
2558 4818 1
1232 8102 1
23 674 1
3022 6615 1
732 4746 1
2941 9659 1
525 5207 1
1621 8062 1
1041 5501 1
1660 7990 1
8191 8681 1
1288 6132 1
6341 7084 1
763 834 1
1690 2914 1
2024 2036 1
2844 8945 1
2414 6917 1
6287 7787 1
397 9344 1
1457 2154 1
3143 9012 1
839 7245 1
6546 7489 1
1200 4972 1
2182 6759 1
3061 7667 1
633 1892 1
4115 7078 1
1818 7236 1
3540 9587 1
6298 6606 1
1903 8283 1
487 3760 1
3193 8725 1
526 2934 1
5933 6858 1
3696 6313 1
3775 7360 1
673 3361 1
2522 7739 1
1753 6245 1
280 6850 1
875 8191 1
8361 9600 1
1398 3802 1
1365 7826 1
2093 7067 1
790 7329 1
35 2323 1
3649 9880 1
1720 7236 1
770 1200 1
1205 7544 1
3022 6749 1
4212 5267 1
2783 5420 1
35 9089 1
4572 8993 1
3748 7792 1
5255 6771 1
6717 9949 1
1480 3992 1
7688 9857 1
2069 7016 1
2143 3747 1
4818 9399 1
3032 5343 1
3108 6119 1
1857 3161 1
5210 8691 1
351 7790 1
1258 8494 1
19 7051 1
8615 9493 1
480 1784 1
3368 8675 1
2298 8007 1
3299 6626 1
2690 3135 1
3617 5215 1
1554 6543 1
2607 9516 1
2548 8155 1
795 1795 1
2324 6195 1
6009 6048 1
8208 9519 1
5128 8285 1
1349 4798 1
5585 9692 1
2613 9681 1
516 5763 1
7446 9169 1
2594 4743 1
9269 9320 1
2817 6478 1
5640 8810 1
485 9833 1
1898 2007 1
5729 8101 1
428 4603 1
2263 8521 1
3343 9153 1
1454 1966 1
1004 9085 1
4349 6803 1
94 9803 1
32 8171 1
6114 9790 1
4461 7044 1
5930 7983 1
5809 9908 1
7440 9889 1
5532 8876 1
1358 5826 1
3486 5647 1
1072 8438 1
6657 9251 1
5463 6265 1
2075 4686 1
935 7386 1
1537 3290 1
3956 8979 1
8539 9982 1
1712 8017 1
4509 9128 1
3900 5637 1
242 5887 1
607 4322 1
617 2566 1
5379 8230 1
6103 9981 1
3526 4672 1
3799 8214 1
2920 4862 1
6507 7590 1
5222 5802 1
366 2166 1
6100 8929 1
5530 7086 1
2106 5288 1
4709 5402 1
2718 9050 1
894 7920 1
2876 9636 1
2754 6263 1
3738 4713 1
338 1811 1
8971 9238 1
3792 4949 1
3699 8922 1
1200 6879 1
6152 7025 1
7325 9134 1
3588 6839 1
126 8721 1
3754 8040 1
1397 4949 1
5318 6799 1
707 3748 1
7210 9561 1
7948 9490 1
8263 8370 1
6341 6897 1
1102 2557 1
7167 8925 1
6571 7359 1
1483 9604 1
859 1109 1
1791 7505 1
545 9055 1
2126 6263 1
3356 9872 1
350 4615 1
4 3978 1
8314 9998 1
792 2516 1
5525 7250 1
6719 7230 1
2003 2665 1
2204 3887 1
7047 8227 1
2219 7393 1
426 2166 1
1503 1561 1
699 9872 1
1188 6653 1
2917 3759 1
3877 5787 1
738 7356 1
7432 9731 1
5481 7328 1
3686 5438 1
38 714 1
628 5683 1
4502 8441 1
89 7849 1
2692 7963 1
4610 7220 1
5699 9658 1
2793 5571 1
6645 9536 1
3942 4088 1
6918 7416 1
1591 4949 1
4760 7918 1
4225 4376 1
6616 8017 1
4351 6178 1
6404 8134 1
2663 6629 1
533 2763 1
3697 9360 1
3070 4509 1
3906 8945 1
2767 8672 1
866 2414 1
3388 4818 1
100 437 1
3429 5381 1
4599 4967 1
6455 9762 1
1441 5540 1
3533 9868 1
5362 8144 1
1701 2461 1
4758 9161 1
437 6623 1
776 6843 1
5067 7472 1
5061 5937 1
2117 5530 1
2161 6768 1
464 8419 1
1426 4858 1
3126 3478 1
2587 8862 1
3729 8652 1
1083 1486 1
3512 4453 1
640 7332 1
2613 9494 1
6825 9830 1
3 8209 1
1235 4509 1
2293 3662 1
32 6695 1
1085 1532 1
6842 7555 1
1577 1994 1
7781 8706 1
2495 6240 1
1698 9868 1
1770 8990 1
6572 9357 1
6080 6451 1
3287 8657 1
5572 7176 1
1938 8574 1
5212 6641 1
5704 7103 1
207 1973 1
2304 6645 1
4656 6948 1
91 4242 1
358 2142 1
8507 9722 1
5484 6016 1
8271 8691 1
5747 8870 1
6509 9193 1
931 2943 1
1805 3699 1
378 9375 1
2498 6137 1
8387 9805 1
1720 5089 1
264 9273 1
305 9836 1
4021 6558 1
1989 3227 1
1820 5670 1
1230 2421 1
1488 4931 1
1517 9833 1
4430 4511 1
7245 9234 1
6673 8254 1
5004 9701 1
2387 9689 1
8020 9230 1
1712 7830 1
3028 4767 1
6304 8387 1
440 8159 1
2871 4783 1
6073 7700 1
3960 9665 1
6451 7094 1
988 7210 1
3266 7564 1
6406 9603 1
1357 8770 1
5428 7935 1
6520 7638 1
6908 9440 1
6567 9147 1
4922 6262 1
6262 8511 1
4371 6159 1
1098 1312 1
8692 9636 1
7575 9122 1
2854 4213 1
476 2497 1
2069 8602 1
240 7882 1
3421 3506 1
2330 4967 1
530 5177 1
270 9976 1
530 2733 1
2207 3813 1
1271 6343 1
7420 9184 1
4653 7161 1
3400 9984 1
7094 9199 1
750 8334 1
7711 8609 1
2062 8535 1
737 9038 1
361 9690 1
4630 7150 1
5703 9055 1
6121 8814 1
1701 3079 1
37 7122 1
4586 6289 1
1695 5516 1
3379 7575 1
619 6723 1
2582 8197 1
101 9766 1
696 6943 1
5880 7412 1
7931 7979 1
2814 5322 1
8428 8785 1
1303 3191 1
1129 3792 1
272 2451 1
4294 9271 1
1068 5768 1
2348 7212 1
1548 7159 1
6245 9230 1
822 2329 1
1929 9480 1
5169 6273 1
5645 6202 1
4021 4948 1
1107 5881 1
183 1066 1
9360 9869 1
5640 9241 1
7932 9493 1
2376 5446 1
4485 6745 1
3869 5493 1
8977 9350 1
7384 7409 1
8366 9196 1
4288 8860 1
6843 7994 1
2144 2844 1
2617 3064 1
2820 5867 1
1457 1914 1
8690 9293 1
4717 8219 1
257 7781 1
3686 7479 1
2242 7324 1
8417 9134 1
3300 3471 1
2448 7392 1
3413 9764 1
3442 8250 1
780 6775 1
7717 8908 1
5026 6695 1
35 4177 1
3978 5786 1
2768 9999 1
8453 9730 1
3864 6438 1
6114 7188 1
6952 8287 1
2587 8675 1
3540 6314 1
315 3413 1
587 1657 1
1526 2808 1
6861 9862 1
2810 4933 1
432 7381 1
5072 8918 1
1261 2510 1
2278 5826 1
5640 5992 1
7534 7861 1
1061 4142 1
2687 3779 1
1476 7767 1
4965 9960 1
2171 6868 1
2551 6335 1
2250 7161 1
1281 7299 1
3671 3922 1
319 2192 1
2175 6987 1
183 4583 1
1595 1982 1
4439 5191 1
7188 9294 1
261 5405 1
4125 7475 1
2184 5760 1
5138 8575 1
6239 8364 1
1844 3625 1
2819 7439 1
6747 8770 1
6821 8719 1
1697 1885 1
549 6976 1
3341 9995 1
192 3706 1
333 5631 1
4230 6895 1
2501 3373 1
4398 8923 1
7211 9813 1
1189 8999 1
3481 9251 1
7283 9689 1
3405 6223 1
8207 9808 1
1361 3629 1
1340 9168 1
2250 9389 1
1314 5503 1
3 1740 1
5479 5993 1
3411 6977 1
2086 8234 1
7161 8945 1
592 5518 1
2761 9312 1
638 3419 1
4397 9637 1
2539 4015 1
3117 5941 1
7728 8992 1
42 5051 1
1594 4739 1
464 2300 1
2356 9226 1
7913 7991 1
2342 2912 1
1220 2054 1
809 1022 1
6996 8319 1
31 4138 1
1485 5735 1
6593 7148 1
4351 6259 1
6417 8612 1
6154 9730 1
290 9502 1
4896 5793 1
3536 3831 1
3422 6927 1
1194 1772 1
7319 8191 1
4903 6183 1
1483 5847 1
476 5693 1
3513 3847 1
1343 5278 1
1487 6720 1
3686 3775 1
4828 9981 1
8611 8679 1
2393 3035 1
534 6048 1
674 2675 1
3017 3616 1
2562 3975 1
2799 5608 1
1488 1845 1
2704 8754 1
5023 9109 1
2387 6603 1
1199 7377 1
49 2973 1
6575 9736 1
1379 3780 1
2468 4498 1
5484 8191 1
2992 9571 1
3902 9792 1
6364 8735 1
7183 9592 1
5491 8581 1
139 422 1
314 7593 1
7435 7561 1
4288 4351 1
7242 7920 1
1865 5336 1
2054 8241 1
242 6936 1
1464 2548 1
961 6623 1
1620 3061 1
2239 4796 1
8197 8823 1
6777 8500 1
588 2096 1
736 9164 1
3000 9812 1
2894 3909 1
4351 6743 1
795 3328 1
8079 8952 1
2988 5264 1
2069 6455 1
3194 6830 1
789 1039 1
1007 8846 1
2029 6090 1
3364 7241 1
4709 9834 1
4284 8904 1
4024 9731 1
3160 4967 1
4015 5481 1
493 3148 1
4844 7026 1
7774 9255 1
3405 8935 1
3859 4187 1
6777 7345 1
6027 6847 1
2642 4223 1
4187 9910 1
770 2867 1
6284 7412 1
2652 9637 1
1310 4309 1
4508 5764 1
3589 7709 1
2935 9171 1
2906 4269 1
2304 5921 1
456 4397 1
5120 7082 1
6319 7406 1
2711 7965 1
3411 6656 1
8884 8948 1
164 3996 1
7999 9723 1
1361 4247 1
5640 5805 1
7319 7520 1
6396 8003 1
7258 9496 1
2041 9833 1
7996 9425 1
3061 5496 1
8238 8958 1
4267 4547 1
5614 7967 1
7252 9681 1
2947 6148 1
1823 2965 1
1102 2451 1
527 8370 1
5317 7222 1
3701 9993 1
5805 8474 1
7040 8455 1
1448 6471 1
2219 6348 1
2448 3956 1
414 2050 1
8089 9774 1
9204 9461 1
2351 8719 1
2332 6225 1
2674 9372 1
2705 4521 1
392 7364 1
3556 7545 1
10 4818 1
3422 5101 1
1548 5362 1
1930 3212 1
6088 8947 1
6317 6555 1
6979 9872 1
3753 5615 1
1660 8986 1
6849 9799 1
1933 6112 1
715 3294 1
1606 5717 1
4462 7997 1
288 1537 1
1977 8104 1
2851 4696 1
162 2364 1
1232 3032 1
4284 9388 1
2880 3182 1
6906 7300 1
6185 9230 1
834 3925 1
4218 4604 1
1617 2873 1
1016 9823 1
6792 7952 1
6112 7439 1
577 6743 1
1931 3972 1
7882 9272 1
1280 2699 1
1376 9577 1
564 3283 1
4922 5888 1
655 2647 1
5445 7915 1
4094 7197 1
1962 8920 1
723 7477 1
3011 6267 1
7582 9919 1
1982 3910 1
5400 9835 1
2964 5697 1
1102 5029 1
6239 7372 1
2277 2515 1
656 778 1
5031 9214 1
4640 9558 1
0 1605 1
3298 4230 1
1192 4922 1
5385 5770 1
6265 7280 1
339 6174 1
6980 9477 1
619 2027 1
7244 8769 1
5064 9512 1
8880 9848 1
4836 9096 1
220 5701 1
533 3946 1
2826 9496 1
6465 9004 1
6962 9056 1
2181 4096 1
1846 7001 1
8348 9960 1
2674 7412 1
1051 5040 1
36 107 1
3427 5929 1
7343 7435 1
426 4988 1
211 4834 1
1938 3557 1
3003 7853 1
847 9182 1
3917 5564 1
2313 7406 1
5343 6833 1
2917 4137 1
3438 4775 1
3830 6319 1
2007 3162 1
467 2545 1
855 4347 1
1521 1956 1
7188 7497 1
221 6461 1
1779 3685 1
791 1329 1
7621 9981 1
1671 7535 1
5556 8230 1
2096 6775 1
6392 8502 1
1870 6432 1
1168 6914 1
3000 9625 1
3005 3553 1
813 2027 1
2342 7181 1
7815 8719 1
1841 8885 1
1380 2074 1
3250 4323 1
2876 4082 1
3831 5766 1
223 2161 1
773 4291 1
1036 7145 1
4763 6500 1
1098 2361 1
4098 9493 1
242 8038 1
2496 7998 1
1861 7258 1
3340 9851 1
8550 9289 1
1915 9184 1
511 3732 1
6214 8738 1
5221 7728 1
935 4999 1
4751 5335 1
8782 9797 1
4284 6623 1
4203 8913 1
6259 7168 1
404 2330 1
531 3603 1
1541 1776 1
3617 8789 1
5971 9919 1
322 985 1
1337 2912 1
2493 5606 1
2474 8774 1
2754 5381 1
1560 9373 1
1904 2767 1
1052 5934 1
8199 9597 1
1480 8855 1
3832 5186 1
8339 9577 1
366 5606 1
3 5554 1
1921 5565 1
1804 8952 1
1690 4878 1
3813 8327 1
735 750 1
6273 9853 1
4112 4422 1
5550 7014 1
4650 9201 1
32 7423 1
5780 7476 1
5551 8370 1
317 8346 1
5606 8077 1
21 3100 1
1931 2496 1
126 2362 1
5296 7097 1
5306 7785 1
4972 6219 1
2448 7152 1
5080 5752 1
1835 6171 1
601 5072 1
2421 7958 1
1511 5293 1
3792 5356 1
270 7187 1
4764 6455 1
70 6375 1
1977 5473 1
171 9810 1
699 9929 1
7781 8279 1
1167 9805 1
6750 9983 1
778 7778 1
876 4903 1
2440 3662 1
1725 9544 1
2448 8441 1
3 4749 1
6942 7709 1
1011 8511 1
7852 7930 1
5677 9017 1
1164 2337 1
7263 7535 1
6067 6728 1
164 910 1
2784 6855 1
3281 7661 1
3276 7317 1
2276 4170 1
3136 9000 1
2004 3482 1
1527 6526 1
4727 8616 1
999 1711 1
2086 5766 1
3672 4284 1
2025 7742 1
5712 5978 1
3869 4798 1
5495 7441 1
3184 4695 1
2239 7671 1
796 2291 1
5228 7097 1
5271 5481 1
4653 6600 1
264 2430 1
5656 6046 1
2182 2441 1
4737 5547 1
523 8548 1
8461 8546 1
5078 7503 1
6346 7432 1
23 7444 1
1960 6943 1
530 8938 1
1017 8302 1
8102 9367 1
108 2829 1
319 9657 1
2277 3617 1
4240 5091 1
1908 8446 1
8047 9845 1
4475 5897 1
485 8414 1
3360 4520 1
1157 9221 1
8604 9204 1
2298 7877 1
2979 4828 1
1363 6845 1
2844 6855 1
2009 9437 1
5381 6349 1
6659 6966 1
8316 8922 1
381 2025 1
737 906 1
1482 1814 1
525 3467 1
3880 8878 1
2261 5716 1
2393 7333 1
5174 6056 1
2942 8329 1
2680 8329 1
3554 4921 1
8053 9451 1
7327 8593 1
37 1434 1
450 7265 1
3483 6209 1
3237 3524 1
1878 5197 1
5193 7237 1
4893 5255 1
3881 4757 1
675 4350 1
644 2785 1
4336 7781 1
4955 9516 1
184 1080 1
4862 7073 1
669 3781 1
2236 5255 1
3662 8776 1
5582 9614 1
1649 5495 1
4204 4629 1
6482 9147 1
3291 3356 1
705 3411 1
8191 8230 1
1011 6901 1
3750 7842 1
3912 4228 1
1878 6486 1
5484 7012 1
8219 9497 1
5038 5205 1
4021 6615 1
8169 9410 1
6868 7089 1
5180 7540 1
187 223 1
1606 9181 1
1614 6790 1
3388 9331 1
901 8611 1
5937 6930 1
5495 5831 1
4607 7089 1
3621 3648 1
395 4309 1
484 5290 1
2502 6471 1
3092 7468 1
3411 9665 1
4101 7668 1
4624 7443 1
6209 8742 1
7207 7844 1
1883 9058 1
250 5998 1
845 7339 1
876 2488 1
5394 6314 1
5263 9995 1
1526 3536 1
2278 9587 1
65 3212 1
1548 1605 1
123 7354 1
2184 9171 1
4992 6499 1
7067 8214 1
4513 7962 1
2727 7878 1
5430 7664 1
6259 9209 1
82 4320 1
8238 9873 1
3011 4604 1
432 2632 1
89 6430 1
3194 6940 1
431 3161 1
3421 7885 1
107 8699 1
4828 7192 1
828 6769 1
4613 7792 1
2362 5097 1
423 8935 1
3176 5610 1
3079 8121 1
4689 7787 1
1869 2720 1
4940 5154 1
5327 9764 1
3176 8993 1
48 6025 1
485 2616 1
6942 7522 1
2740 5430 1
2678 8716 1
3194 4846 1
321 707 1
261 656 1
5876 9979 1
6425 7003 1
9274 9802 1
1433 2540 1
2820 4635 1
1951 1971 1
471 7821 1
106 7134 1
1472 9850 1
4569 7089 1
5568 6793 1
6605 9041 1
3515 6365 1
153 6199 1
820 9106 1
1558 2427 1
914 8741 1
2480 4163 1
2242 9475 1
2080 6673 1
7135 8452 1
2737 7202 1
7365 8914 1
137 6605 1
1885 3953 1
1128 3782 1
2566 6566 1
2165 6222 1
3856 7008 1
1614 6119 1
514 3330 1
2045 8557 1
345 4275 1
7478 9730 1
8309 9658 1
2204 6335 1
6125 8939 1
5690 6567 1
5003 8081 1
674 8880 1
25 1826 1
5511 8487 1
2901 7202 1
2381 6412 1
8208 9202 1
7802 8514 1
2427 5067 1
4204 9569 1
4106 6782 1
379 1011 1
301 3572 1
745 2300 1
1474 2675 1
3 1663 1
4476 7224 1
5691 8081 1
679 4686 1
8741 8884 1
1754 9670 1
5704 6034 1
1261 2567 1
1798 4492 1
4320 7650 1
2524 2906 1
3279 7912 1
4063 7994 1
479 8947 1
1537 8100 1
3469 8009 1
577 7792 1
415 4990 1
35 5523 1
1846 8855 1
2715 5103 1
1256 5606 1
6527 8703 1
3747 4755 1
2544 2969 1
1090 3624 1
402 4004 1
3022 9949 1
4438 8810 1
4985 5007 1
3638 5751 1
4608 8467 1
1898 6012 1
579 4051 1
1169 8054 1
952 9517 1
453 5632 1
8288 8915 1
7242 9587 1
2963 7275 1
1189 2290 1
1292 9585 1
4716 8939 1
569 6746 1
2995 3026 1
4846 8231 1
5622 8452 1
813 2942 1
2781 4760 1
1902 7824 1
2602 7269 1
2991 6290 1
2253 6361 1
701 6673 1
5728 6404 1
5246 9104 1
5612 8673 1
3797 7851 1
1136 3568 1
2461 4031 1
3300 7984 1
4851 6481 1
579 2896 1
1907 6074 1
653 3599 1
80 6181 1
1621 9652 1
5862 7508 1
9172 9204 1
65 6058 1
2210 7014 1
7399 7827 1
1232 7598 1
4377 9981 1
4720 8657 1
4804 9294 1
3030 4309 1
437 4883 1
879 9954 1
6727 9649 1
7176 9475 1
3191 5166 1
3093 8795 1
1052 3466 1
1828 3687 1
811 8507 1
907 2553 1
1218 6387 1
6906 8833 1
8580 9450 1
6679 9608 1
1281 4457 1
1616 8877 1
2867 9391 1
4278 7908 1
3662 5690 1
2204 9047 1
6667 7504 1
1892 7994 1
9504 9542 1
7711 8479 1
3026 5479 1
4230 6147 1
2239 9041 1
1155 9421 1
4947 9171 1
1019 5396 1
1681 8713 1
8685 9624 1
688 1095 1
2219 7076 1
6398 7272 1
2926 4494 1
5496 8632 1
7406 8782 1
1028 1917 1
3011 8739 1
5800 5825 1
3018 7466 1
2172 8169 1
4458 7852 1
1189 3713 1
5757 6128 1
1447 2251 1
4435 6148 1
1660 3298 1
2114 9130 1
6049 7468 1
2950 2986 1
4691 6333 1
1814 7148 1
2628 7661 1
2189 6271 1
186 7650 1
5067 8310 1
955 2728 1
4473 9823 1
3694 4423 1
2880 7882 1
2813 6660 1
4284 7672 1
2665 3756 1
6778 8782 1
450 7696 1
4880 9423 1
4694 6789 1
2569 7431 1
6137 9917 1
2109 4972 1
2799 7893 1
1971 5038 1
1164 3252 1
1885 7738 1
1577 3421 1
6995 7504 1
1933 4746 1
1110 4709 1
7135 9204 1
3116 4567 1
5459 9480 1
4268 9017 1
77 136 1
5080 8895 1
3653 7401 1
8269 8352 1
6719 7047 1
8460 9640 1
5065 8772 1
60 4104 1
1130 8744 1
1935 9895 1
3562 8976 1
424 5320 1
926 6470 1
1319 8616 1
3227 7185 1
8230 9528 1
1126 1805 1
1614 7221 1
1695 8903 1
8467 8717 1
2595 4464 1
4699 7109 1
3675 9792 1
4917 8500 1
4920 8017 1
221 2867 1
4944 6159 1
1606 6579 1
2170 6163 1
279 593 1
2328 7503 1
9606 9929 1
1361 4304 1
3131 7827 1
1457 4012 1
3483 9218 1
5212 6324 1
866 1292 1
3212 5722 1
1448 9561 1
108 1650 1
311 3699 1
1302 1630 1
1845 9197 1
4230 7920 1
676 3797 1
7357 8219 1
8234 8492 1
5008 9153 1
5550 7258 1
1332 6353 1
3687 7119 1
7947 8435 1
5012 7582 1
6443 7475 1
5540 9953 1
3346 8546 1
4810 8387 1
4362 9917 1
1879 5933 1
2851 7786 1
2925 7735 1
1430 2165 1
4246 9742 1
3773 7078 1
5440 9722 1
1310 6944 1
9443 9884 1
950 4157 1
1963 8263 1
4219 5852 1
9322 9365 1
2520 6868 1
211 4757 1
183 9125 1
1264 3566 1
2468 4234 1
3729 5436 1
3032 6262 1
2836 8602 1
395 902 1
3792 9922 1
657 9947 1
53 6800 1
6123 7096 1
729 9823 1
7552 7882 1
351 5676 1
2342 6754 1
527 1206 1
5019 6817 1
4327 7987 1
2880 7561 1
1464 8700 1
325 2011 1
5693 9205 1
5 6759 1
476 8596 1
6593 7018 1
319 8612 1
9004 9591 1
4121 9050 1
4613 9512 1
7295 9919 1
2326 7160 1
7379 8112 1
1120 3413 1
3191 5918 1
696 7781 1
4851 7583 1
1123 2930 1
4669 5657 1
5052 9559 1
474 8900 1
2404 7982 1
2824 6124 1
3130 5642 1
8288 8862 1
4888 8404 1
4124 7254 1
392 7555 1
817 6795 1
8253 9807 1
5780 7265 1
1802 6601 1
4438 6663 1
3063 7803 1
5157 5596 1
2242 4429 1
7522 8770 1
5218 7003 1
1376 5446 1
4378 9241 1
217 5460 1
3773 6623 1
2703 5955 1
3766 5452 1
3747 9374 1
1687 6247 1
3994 9251 1
1700 2510 1
3964 4878 1
4278 5977 1
3490 4241 1
2619 7920 1
881 9008 1
5781 7466 1
1113 3881 1
3594 6284 1
4130 7018 1
1322 7438 1
1793 7023 1
1112 1212 1
7118 8663 1
5131 6603 1
7553 8591 1
2818 3784 1
8313 9807 1
2752 5416 1
3433 8029 1
250 6108 1
606 4989 1
1616 2408 1
3692 7731 1
3227 9092 1
2088 9573 1
5231 8877 1
6774 9011 1
654 4656 1
1576 6392 1
6605 9956 1
3794 6695 1
4981 7948 1
3780 4545 1
887 8799 1
524 8747 1
3227 3615 1
6532 8165 1
3519 8153 1
3588 7758 1
2058 7829 1
3402 4370 1
5554 8749 1
1461 3409 1
2703 8533 1
2364 4903 1
1480 7623 1
1471 5817 1
3482 8271 1
8345 9880 1
4903 7476 1
4318 8543 1
1938 3748 1
3283 6341 1
7679 9238 1
922 5760 1
1407 7495 1
2319 8543 1
3198 5479 1
2405 5843 1
858 8219 1
3910 8159 1
2401 2691 1
4794 9411 1
3621 3892 1
5639 9237 1
2724 9760 1
4818 7553 1
6746 9972 1
1364 7798 1
1373 3188 1
3697 8051 1
49 9743 1
1137 2157 1
1374 6042 1
2421 6726 1
1480 2496 1
5585 6907 1
3685 9919 1
569 6022 1
4923 9417 1
1217 3025 1
3672 4207 1
3061 6305 1
3978 7697 1
569 9405 1
1374 6392 1
1028 9919 1
3366 6352 1
4763 9135 1
8615 8936 1
3792 8446 1
5614 5743 1
7455 9506 1
3878 7466 1
7398 8972 1
339 3466 1
3747 8703 1
1080 2912 1
2819 4678 1
102 7660 1
2504 3354 1
1012 1465 1
2106 6691 1
4351 7097 1
94 7018 1
4383 6820 1
696 2922 1
5952 6677 1
2096 5222 1
7280 9855 1
3200 6440 1
4597 5059 1
4378 9859 1
4710 4936 1
23 5273 1
2554 3067 1
2590 2724 1
866 6716 1
2657 8672 1
3531 5264 1
6022 8355 1
5189 6102 1
473 1537 1
3272 8945 1
729 3220 1
1131 6418 1
6112 8248 1
1616 1737 1
1774 9493 1
7027 9567 1
688 8292 1
4685 7508 1
3081 9350 1
92 7480 1
2002 6876 1
3359 8540 1
6475 9993 1
1002 1285 1
1602 9386 1
8751 9712 1
1647 1989 1
2364 3293 1
96 5155 1
4678 5024 1
3731 4921 1
1573 5423 1
5604 9885 1
4021 8632 1
1480 2980 1
386 4170 1
6498 9573 1
4179 6774 1
6305 9932 1
3000 3884 1
5878 5923 1
4974 6456 1
5764 6575 1
2690 8539 1
1224 7871 1
4266 6369 1
2786 5803 1
3242 6800 1
2373 8108 1
5272 7052 1
1113 9760 1
1549 6126 1
97 5356 1
4429 8992 1
3844 6087 1
1846 7810 1
220 5921 1
454 7845 1
77 917 1
2484 4125 1
3373 3469 1
561 737 1
471 4227 1
2995 5014 1
7781 8820 1
1303 7009 1
1131 3519 1
4004 7658 1
274 7096 1
1280 9469 1
3529 4921 1
2901 5352 1
3394 4696 1
517 5511 1
4001 7360 1
2069 5199 1
4732 6118 1
4990 8628 1
1519 8704 1
9093 9960 1
1285 4336 1
1027 6552 1
1373 7189 1
426 7086 1
4686 8402 1
8139 8686 1
6561 7777 1
6814 9943 1
2282 7185 1
5544 6935 1
4076 5440 1
1822 3228 1
7391 7480 1
953 4536 1
4884 7828 1
5006 9511 1
5381 8634 1
4968 6021 1
2705 5009 1
3035 9085 1
4883 8357 1
5005 9286 1
6001 7561 1
4075 8598 1
1625 5316 1
3614 5759 1
1399 9699 1
351 4818 1
1022 2771 1
2913 9095 1
7503 8825 1
3131 4070 1
213 4884 1
4944 5785 1
1074 6344 1
1261 8422 1
3020 5959 1
6951 9251 1
8083 8353 1
4616 5919 1
705 8729 1
786 3433 1
106 3674 1
2002 3172 1
2301 7935 1
723 4582 1
2588 9685 1
4560 5795 1
94 5542 1
987 6348 1
1938 4850 1
2561 5795 1
4455 7664 1
3605 9214 1
1419 7668 1
9473 9561 1
1708 5327 1
1128 6738 1
4177 7161 1
5066 8757 1
3368 4548 1
5759 6469 1
7485 8030 1
3925 5405 1
5253 8583 1
1182 3002 1
2481 4496 1
3482 7279 1
4960 7018 1
4972 6089 1
1397 2432 1
75 5650 1
6407 9164 1
2012 9121 1
2740 4198 1
1110 4819 1
2168 3218 1
3018 3388 1
17 2447 1
1708 9649 1
997 8325 1
2660 7063 1
280 2268 1
1670 3880 1
135 7771 1
3932 7865 1
983 7114 1
3500 5764 1
1473 2777 1
3035 7125 1
2054 8192 1
6603 8113 1
3690 9271 1
2463 6899 1
4778 9764 1
86 9757 1
2007 7033 1
5279 8999 1
117 8289 1
4620 7865 1
3291 9158 1
3250 6905 1
8919 9109 1
504 821 1
894 4948 1
2718 6078 1
3578 4492 1
2480 4220 1
5396 8995 1
5484 6398 1
1466 9311 1
1922 7110 1
5263 7153 1
2877 4795 1
8539 9238 1
1772 7516 1
2940 8527 1
2450 6448 1
3983 6648 1
3181 5206 1
3979 5186 1
204 8823 1
1616 6222 1
4563 7866 1
5688 8241 1
3028 7593 1
7598 8391 1
3264 3928 1
7792 9196 1
2837 6335 1
2904 7557 1
1023 6647 1
2184 6679 1
5959 7014 1
1859 4667 1
2678 5524 1
5427 7153 1
4448 4883 1
1803 6987 1
698 6298 1
5242 9093 1
183 5852 1
2210 6587 1
3082 8768 1
1867 7911 1
6740 8518 1
169 7674 1
694 4112 1
45 5918 1
174 8018 1
1617 9456 1
7690 9269 1
2351 7731 1
5405 7744 1
6685 8996 1
3070 6664 1
3588 6095 1
5511 6450 1
2426 4118 1
1535 1695 1
3417 6213 1
6770 6825 1
103 6273 1
1709 6951 1
764 9927 1
1132 3907 1
306 6043 1
3723 6670 1
4189 8163 1
656 945 1
784 9990 1
1457 2162 1
2448 4257 1
6274 9253 1
4985 6003 1
530 5909 1
778 6977 1
1688 3980 1
4542 7877 1
1230 6320 1
1130 5150 1
5271 9218 1
3330 5813 1
367 1192 1
1551 6900 1
6086 6169 1
2884 4006 1
2245 8220 1
4227 7492 1
1367 7722 1
2867 7220 1
1420 2630 1
5883 7503 1
4691 5906 1
289 8856 1
1385 1885 1
3220 5803 1
3557 9360 1
2867 8159 1
2705 6111 1
5518 7755 1
2457 3565 1
7059 8782 1
3934 6085 1
2647 3662 1
1735 3580 1
3438 5881 1
4203 9885 1
1163 3354 1
1866 6480 1
3690 4412 1
3662 8780 1
4498 5080 1
3911 9484 1
5165 6297 1
3274 3945 1
4115 8725 1
3714 8381 1
4263 5213 1
1028 4068 1
1685 2123 1
420 9847 1
7906 9004 1
1490 1655 1
1009 7209 1
3500 4638 1
1633 2872 1
6148 7935 1
1772 8134 1
1822 7497 1
4220 8899 1
4648 9346 1
679 6516 1
1637 7717 1
1730 7908 1
6640 9306 1
207 6706 1
379 3780 1
6657 9475 1
4011 5527 1
2142 6132 1
3405 6471 1
2078 6147 1
376 3482 1
472 9606 1
1183 2262 1
2449 8534 1
2091 8826 1
473 8518 1
3394 7221 1
6424 6648 1
7012 9070 1
6007 7299 1
148 7415 1
2154 9525 1
1951 5224 1
1643 4879 1
539 9488 1
3017 5958 1
4896 6041 1
6812 9389 1
105 3554 1
2329 4803 1
8335 9810 1
907 6127 1
857 4320 1
800 3786 1
4289 5979 1
3031 8458 1
7145 8259 1
7031 8157 1
3189 6600 1
2382 5568 1
4422 6508 1
2330 2934 1
5299 6781 1
1875 5737 1
6585 9733 1
2210 3017 1
988 989 1
110 6907 1
3857 7638 1
5863 9748 1
2436 8433 1
2331 4475 1
5899 7715 1
6802 9209 1
2675 7668 1
1343 3782 1
7273 9733 1
6132 8825 1
2691 7612 1
922 6943 1
4268 4886 1
405 2452 1
7289 8923 1
3748 4096 1
907 5322 1
4451 7222 1
5091 5862 1
6727 6941 1
736 5440 1
1087 3977 1
5899 9004 1
1883 9546 1
4550 4949 1
1023 2272 1
1785 6759 1
1582 3956 1
3087 7962 1
1241 7827 1
3011 7186 1
306 6795 1
822 3679 1
32 1308 1
8385 8718 1
364 4521 1
1188 5722 1
1546 5430 1
6575 8240 1
864 4844 1
413 1939 1
607 6908 1
3081 4922 1
708 1298 1
577 2535 1
3479 7412 1
280 5732 1
710 5316 1
3929 7648 1
5823 6511 1
4278 5550 1
2041 5759 1
704 7191 1
2908 5344 1
4069 9348 1
2474 5826 1
4397 6181 1
3991 5493 1
9230 9833 1
2210 9917 1
3385 5683 1
1785 5015 1
4555 7521 1
687 2299 1
881 5548 1
6041 8841 1
119 2781 1
5793 9493 1
2452 3034 1
1373 6010 1
5464 8271 1
2957 3701 1
1374 2448 1
6324 6685 1
2566 5765 1
2411 8860 1
916 3290 1
2941 5642 1
3421 6279 1
2798 2890 1
5410 8974 1
6346 6444 1
3687 9404 1
196 6384 1
2011 2510 1
1720 4024 1
1976 9871 1
7779 8103 1
8314 9201 1
5296 6593 1
2727 7561 1
1612 2212 1
67 497 1
5925 9770 1
521 667 1
2413 9845 1
1059 5446 1
723 5497 1
771 8197 1
676 7371 1
564 4686 1
1156 2346 1
5789 6876 1
546 5046 1
3921 7891 1
745 1499 1
223 9496 1
2831 9954 1
3468 6633 1
6604 7210 1
3290 8024 1
6783 9427 1
2963 7629 1
2789 9728 1
2443 9091 1
456 807 1
392 5518 1
776 785 1
602 2884 1
2460 2844 1
7771 8750 1
92 3536 1
6795 7717 1
971 2192 1
4439 9924 1
5308 6172 1
2734 4544 1
2844 7156 1
1891 3101 1
4728 5331 1
165 4014 1
304 4358 1
510 6678 1
221 6575 1
1076 7089 1
5651 8231 1
126 1053 1
4239 6079 1
7074 7482 1
2886 4534 1
1446 2835 1
1828 3691 1
568 5343 1
2199 5324 1
9079 9367 1
893 2659 1
4903 6244 1
1154 2434 1
7148 8370 1
16 8213 1
1241 7506 1
4737 8426 1
2460 5072 1
2071 3045 1
2702 7049 1
3989 7220 1
1083 7105 1
5606 8057 1
250 688 1
6526 8966 1
1645 1890 1
1447 4349 1
3706 4653 1
4124 4412 1
4444 7800 1
4357 8555 1
4068 4288 1
7430 9372 1
7010 8786 1
2880 3564 1
5046 7087 1
412 9502 1
1059 6869 1
1169 9481 1
4808 5983 1
5463 7375 1
1810 8723 1
3004 8703 1
733 2912 1
655 5473 1
2362 2820 1
701 4128 1
4689 7954 1
1379 7224 1
4109 9365 1
3853 5238 1
530 4246 1
3759 4822 1
4478 8673 1
1343 4534 1
4844 5798 1
8483 9470 1
9172 9692 1
10 6839 1
6369 7046 1
3250 3632 1
2050 7779 1
3124 3493 1
3184 5264 1
4565 9766 1
8213 8828 1
5014 9592 1
6091 6543 1
1772 7276 1
1405 9734 1
2893 3745 1
1976 4073 1
1600 9421 1
4353 4598 1
2699 3879 1
6842 9336 1
3662 6178 1
3101 7831 1
3180 8878 1
2860 8708 1
2765 7882 1
1785 4478 1
437 9693 1
1034 8451 1
2075 7435 1
15 6028 1
2525 3699 1
3227 7189 1
1560 5299 1
1532 3251 1
4928 9417 1
4635 7852 1
1799 6978 1
6823 9444 1
7114 7930 1
417 6947 1
8029 8495 1
2237 9833 1
6253 6847 1
1994 8385 1
256 9473 1
953 8647 1
2052 5357 1
6384 8993 1
7024 8387 1
7189 7700 1
78 2004 1
2074 3426 1
770 834 1
3142 7431 1
2982 5264 1
432 4222 1
5356 5518 1
3830 7051 1
4518 8391 1
8007 9086 1
1897 9391 1
2912 7154 1
799 2703 1
3705 6790 1
5809 6025 1
6368 7709 1
907 2236 1
2009 4879 1
4376 4716 1
377 2421 1
621 5033 1
3126 8776 1
4965 7740 1
426 7009 1
4686 8325 1
2892 4408 1
724 4222 1
8208 8214 1
7605 8675 1
9219 9241 1
1891 5008 1
7333 7987 1
5676 7751 1
7498 8054 1
1892 8616 1
4215 8181 1
4679 8285 1
5799 8316 1
25 1188 1
3328 8129 1
6170 8259 1
17 6208 1
254 7841 1
3680 8022 1
5464 7279 1
3024 4685 1
7112 9681 1
7823 8753 1
5376 9152 1
169 6979 1
2461 7231 1
1678 1867 1
3415 7724 1
5870 8906 1
3867 7067 1
7392 8917 1
3077 4696 1
389 8416 1
9209 9842 1
1110 6486 1
859 2703 1
6170 8609 1
2837 6929 1
271 5162 1
257 9428 1
4187 7422 1
658 4110 1
2676 5291 1
4004 7715 1
2700 3433 1
5012 6781 1
4915 5128 1
7415 8527 1
3373 7848 1
1778 5080 1
1358 1488 1
5464 9507 1
1247 1657 1
1770 3684 1
2687 5076 1
8934 9206 1
4187 5328 1
5331 9917 1
639 1774 1
852 9237 1
2901 5759 1
2015 7652 1
3431 6513 1
3938 8007 1
2286 8115 1
1988 8458 1
2289 7632 1
1169 1939 1
4486 8778 1
2071 9624 1
2634 6354 1
1359 3002 1
753 9608 1
5371 7222 1
4268 6606 1
6644 9939 1
6087 6638 1
3979 8947 1
1878 9983 1
2893 7746 1
1009 4875 1
3617 5333 1
3641 9891 1
2314 3905 1
2496 5831 1
923 9238 1
735 9187 1
3896 5687 1
7187 9585 1
3956 9902 1
62 8155 1
984 9891 1
126 7416 1
4140 6047 1
4757 9399 1
922 6569 1
2775 6185 1
6749 9359 1
471 4418 1
2372 4260 1
2313 7817 1
3292 3671 1
1003 4656 1
564 3828 1
4189 7602 1
1787 2294 1
5056 7187 1
3031 4835 1
2783 4733 1
1678 9706 1
1200 3480 1
1029 2844 1
1385 8895 1
4086 7100 1
6802 7091 1
5899 9569 1
4665 8470 1
7342 8533 1
1554 4917 1
1269 2304 1
3832 9435 1
2421 4502 1
3761 6751 1
3539 7870 1
4616 7265 1
2298 9764 1
333 8217 1
4003 6284 1
1690 9127 1
1986 7957 1
4753 9256 1
7892 9350 1
4623 5211 1
2474 4513 1
2813 4733 1
3434 7295 1
2405 2464 1
2021 7951 1
2260 7967 1
7750 7954 1
775 3085 1
472 3084 1
4072 8491 1
3 7709 1
7905 8242 1
3356 6823 1
1210 6396 1
348 2459 1
6992 9443 1
1550 4020 1
1789 2316 1
1130 3434 1
5961 8703 1
163 235 1
4125 9256 1
1637 4928 1
5396 8702 1
7340 7682 1
709 2623 1
6015 8939 1
2448 9307 1
901 2793 1
1185 6524 1
3662 8219 1
1609 7983 1
4864 6562 1
1464 9322 1
6295 8175 1
3265 5550 1
3977 8230 1
4842 9432 1
619 1767 1
2620 3533 1
918 7284 1
5808 6552 1
3977 5197 1
6874 9730 1
4438 6346 1
4775 5177 1
4647 5931 1
3781 4504 1
2037 8029 1
758 7187 1
7674 8443 1
697 9163 1
6566 7483 1
3035 9760 1
3761 8174 1
7880 8319 1
7856 7925 1
3778 7589 1
1474 5822 1
249 8249 1
1710 2157 1
4051 8687 1
2401 6212 1
5780 5793 1
319 1074 1
5938 7133 1
136 7783 1
5728 7323 1
2077 3082 1
3517 6501 1
5829 8129 1
1187 9929 1
4955 5121 1
1768 2512 1
7122 9808 1
4494 7163 1
938 3748 1
5004 8396 1
3887 7882 1
4028 9807 1
6750 8889 1
3806 4510 1
497 9640 1
2004 7865 1
2742 7794 1
1968 5956 1
5842 7960 1
7134 9229 1
16 8778 1
5902 6513 1
3758 6721 1
3453 6085 1
8570 8742 1
106 2255 1
5572 9038 1
665 3939 1
3612 3863 1
780 3697 1
4128 8883 1
2029 6582 1
7920 8633 1
5084 9449 1
6147 8946 1
2467 3775 1
7494 9922 1
311 1906 1
1057 8112 1
6790 9577 1
1189 5787 1
2656 6865 1
51 3672 1
973 1998 1
737 7383 1
747 8071 1
2447 4247 1
2464 3662 1
5468 9038 1
6906 7658 1
3117 9145 1
7392 9803 1
8159 8218 1
2548 8436 1
62 8907 1
5153 6933 1
1770 2692 1
3155 6404 1
540 803 1
1551 8246 1
2527 8498 1
4184 9700 1
3033 8858 1
984 5166 1
4862 7134 1
803 7040 1
1641 3975 1
741 6162 1
2876 3956 1
2004 4027 1
25 330 1
5288 9228 1
3860 4880 1
6793 9070 1
1535 2236 1
4095 5686 1
8785 9030 1
26 4904 1
4502 9982 1
6656 8018 1
206 6003 1
2372 5362 1
2012 2575 1
3877 7678 1
2571 4259 1
363 9370 1
2440 5496 1
5972 8325 1
4220 8017 1
2484 9740 1
1374 3981 1
6233 8854 1
1622 5803 1
6830 6858 1
6728 8833 1
4937 7843 1
5482 9629 1
3555 8566 1
248 8107 1
201 1845 1
6689 8316 1
8 7866 1
371 6228 1
1305 7035 1
658 3252 1
4362 7319 1
1179 8616 1
7581 9651 1
6342 8208 1
592 4884 1
4473 5615 1
5046 7197 1
2793 8401 1
3939 7401 1
1989 4634 1
2639 7934 1
3945 4937 1
3191 4475 1
5820 9974 1
1710 2775 1
3473 5127 1
646 2087 1
5162 7530 1
2048 5214 1
6719 8316 1
8314 8640 1
6382 6479 1
4837 5518 1
5995 8285 1
5564 9230 1
7097 8676 1
9839 9888 1
1090 6450 1
1845 9766 1
7841 9359 1
8202 9338 1
389 3370 1
1418 1785 1
126 2236 1
1803 5568 1
4096 4702 1
5983 7120 1
742 6117 1
3918 7813 1
236 8231 1
2438 7247 1
991 6821 1
3577 7520 1
1457 1898 1
1715 4408 1
4939 7084 1
1303 7847 1
2117 8360 1
3626 7412 1
1212 3787 1
3032 8925 1
2115 5281 1
117 3032 1
5418 8250 1
2474 7843 1
5216 9055 1
2126 7133 1
2933 5913 1
825 1806 1
2186 4932 1
479 1169 1
5890 8999 1
2630 9295 1
3000 8828 1
4204 9496 1
1384 4429 1
2667 6144 1
2655 4629 1
3572 6021 1
6044 9816 1
1844 5353 1
1412 5696 1
1587 6451 1
2616 4112 1
1014 2617 1
3810 4846 1
288 8929 1
5823 7373 1
2350 7376 1
757 5435 1
2806 8181 1
6629 7244 1
7843 8600 1
3017 6149 1
1678 2782 1
4429 9964 1
2545 8783 1
692 9921 1
1461 8971 1
88 358 1
4439 8208 1
2297 5271 1
6015 6792 1
2004 7678 1
5280 6572 1
350 1297 1
2632 8378 1
4831 8439 1
1238 7586 1
1086 9444 1
2294 9322 1
5095 7731 1
714 1170 1
2278 7099 1
1132 1683 1
1261 1339 1
8093 8374 1
1622 5482 1
6673 8051 1
2217 2659 1
8206 8251 1
3017 7438 1
4178 7470 1
2060 9091 1
1857 6288 1
1779 8849 1
2607 9260 1
1643 9742 1
3427 8999 1
2054 4358 1
801 4737 1
367 8417 1
2041 3372 1
153 7899 1
2505 4230 1
292 8243 1
1419 7001 1
942 3629 1
1317 2752 1
4340 7424 1
715 4404 1
1363 7069 1
931 7412 1
996 9527 1
903 7084 1
440 5862 1
366 2715 1
383 2884 1
6112 8549 1
424 441 1
5143 8687 1
217 3346 1
4446 9513 1
3864 7845 1
206 8849 1
5905 5977 1
5079 8113 1
2386 5073 1
1159 9117 1
1166 7844 1
2451 6222 1
9435 9891 1
395 2305 1
5338 7815 1
7165 7708 1
7373 8411 1
894 8819 1
237 4348 1
3709 8846 1
5145 6639 1
3705 4940 1
3758 7018 1
991 1023 1
7926 8745 1
1102 6489 1
3055 7275 1
4106 9421 1
1150 2773 1
2438 8804 1
4470 5911 1
2183 4313 1
32 9204 1
4638 5495 1
4696 9637 1
2609 5653 1
4747 7882 1
3572 5700 1
461 2901 1
3650 8774 1
1317 6269 1
1313 8779 1
4465 9889 1
4370 6619 1
5223 6306 1
7781 9121 1
1554 4677 1
191 9614 1
1636 9405 1
3164 8507 1
8169 8479 1
397 5518 1
662 2029 1
1661 3985 1
3662 5751 1
1265 7957 1
1431 4462 1
288 3481 1
9797 9825 1
3775 9011 1
4522 7548 1
9310 9737 1
611 1690 1
1192 9549 1
3964 7220 1
3687 4468 1
1361 2942 1
171 9497 1
5345 9278 1
4027 4536 1
4870 5979 1
5195 5547 1
3679 9488 1
314 3389 1
3266 3657 1
1155 4005 1
5900 7056 1
3002 6994 1
3754 6629 1
3692 5751 1
7014 8962 1
543 1906 1
7431 9250 1
7882 9711 1
3534 5542 1
3895 4767 1
4638 9012 1
4624 6862 1
5424 7477 1
4837 7909 1
1979 4802 1
4859 5224 1
7233 8484 1
3800 8852 1
550 4955 1
2630 7014 1
6477 9669 1
1584 7686 1
3022 6306 1
4457 5409 1
5489 6559 1
3713 3945 1
3670 6527 1
5650 7416 1
2071 8713 1
3952 3961 1
6029 7412 1
7691 9712 1
1841 5218 1
1803 8898 1
7376 8388 1
1595 5751 1
953 4032 1
3551 3802 1
3096 6605 1
1343 2497 1
1286 1963 1
5186 7662 1
126 2533 1
8287 9184 1
1214 3780 1
5492 8119 1
215 5207 1
2381 8730 1
89 6788 1
2140 3191 1
5703 6087 1
8242 8660 1
4928 9474 1
2387 3822 1
1253 3893 1
1810 8914 1
6121 9229 1
7621 9481 1
2172 5331 1
386 9411 1
105 5197 1
1965 9956 1
2125 7205 1
7877 8912 1
1588 7000 1
1768 5655 1
1778 7097 1
8335 9009 1
2638 5511 1
2941 3068 1
3885 4563 1
3902 3978 1
5626 7156 1
2448 3135 1
1200 3858 1
348 7025 1
5205 7099 1
1115 1276 1
1153 1568 1
7 316 1
5523 9660 1
5435 7561 1
2312 4937 1
4604 5189 1
700 8416 1
3704 9628 1
354 1363 1
1092 1292 1
473 5973 1
3246 3300 1
3650 3915 1
3257 7596 1
5585 7505 1
1189 2164 1
4067 4203 1
338 8939 1
479 3694 1
1258 5152 1
588 6081 1
2216 3135 1
4640 5004 1
6448 8819 1
3774 6021 1
4001 9218 1
479 4633 1
4061 7771 1
143 8848 1
1602 8345 1
398 1261 1
6153 8901 1
4699 9748 1
2469 7930 1
2935 9423 1
1166 8946 1
4046 7648 1
5378 5872 1
4054 9983 1
5377 5647 1
2722 5343 1
2271 3192 1
1118 7185 1
437 1374 1
2379 8387 1
4819 7571 1
5130 9153 1
1269 7354 1
3977 6730 1
6119 9667 1
5780 6037 1
1702 4203 1
2784 7160 1
1003 7612 1
1791 2740 1
901 9587 1
4265 4918 1
4022 7412 1
4800 6016 1
120 3360 1
3621 4624 1
2285 7412 1
5693 6233 1
6876 9996 1
5976 8019 1
1596 3403 1
5983 6746 1
952 9525 1
1358 1545 1
4016 8536 1
3610 7094 1
1285 4450 1
3945 5852 1
2551 4306 1
173 6754 1
5849 6931 1
536 4362 1
5613 8906 1
1652 2931 1
141 800 1
1865 3978 1
707 1211 1
3 866 1
139 2447 1
2451 4075 1
1439 9993 1
3681 3712 1
7373 8708 1
18 4372 1
2595 3265 1
7 8155 1
1970 9629 1
800 7791 1
2634 6411 1
4695 8420 1
8492 8514 1
2649 9163 1
2274 3624 1
221 5640 1
847 2884 1
5026 7244 1
1132 9469 1
9007 9899 1
5239 8291 1
3360 8208 1
676 2248 1
705 1488 1
8319 8744 1
3388 6469 1
3536 9373 1
1903 5559 1
678 4014 1
2720 5781 1
1421 8259 1
5540 8404 1
3215 5760 1
2319 2993 1
7549 7779 1
32 641 1
1577 2356 1
2432 9286 1
1728 8941 1
4226 6787 1
3330 4020 1
209 4475 1
5331 8230 1
879 9373 1
831 4229 1
6118 9549 1
5848 9688 1
4695 7265 1
6701 9375 1
4846 9878 1
3401 3671 1
3726 7403 1
4049 6336 1
2144 9004 1
1077 4635 1
1273 5513 1
215 698 1
349 7114 1
1906 7900 1
887 7921 1
3922 6002 1
2101 7587 1
2335 5539 1
2127 4112 1
5366 8574 1
1536 5334 1
6433 6527 1
2902 8804 1
2504 3281 1
4973 7367 1
1607 4985 1
2954 5961 1
8759 8992 1
8807 9972 1
579 7926 1
5395 7999 1
2179 9348 1
3252 4837 1
126 6668 1
5800 9216 1
6789 9730 1
3697 7173 1
383 7987 1
4750 5228 1
3490 6880 1
4555 4760 1
1007 1206 1
3512 4949 1
5890 6665 1
7648 8673 1
454 7638 1
7754 9823 1
896 5539 1
1130 3491 1
4478 8677 1
3167 4914 1
1054 6879 1
5978 8175 1
1602 5930 1
750 7407 1
1963 3465 1
3 5672 1
3414 8174 1
2540 5166 1
5038 7738 1
6842 8401 1
1102 5765 1
140 7074 1
3536 6824 1
6545 9346 1
126 2480 1
700 5196 1
1185 6931 1
392 879 1
6137 7831 1
1765 3076 1
8480 8772 1
2668 4570 1
6799 6984 1
887 2578 1
6948 9736 1
4052 8811 1
2629 8779 1
658 9107 1
2458 2481 1
6974 7924 1
91 6027 1
2844 3456 1
165 314 1
5887 7252 1
997 5540 1
5610 6974 1
4357 9043 1
6943 9742 1
524 2876 1
5933 9879 1
1176 7003 1
2440 6224 1
1602 5125 1
1411 2147 1
8243 8428 1
5647 7041 1
3553 5084 1
2820 4001 1
540 2820 1
541 5674 1
787 2697 1
1838 7095 1
3462 9103 1
458 7891 1
1640 8800 1
6645 8772 1
4422 4715 1
2156 7404 1
4284 7225 1
1211 3964 1
395 7542 1
4227 8411 1
1126 5546 1
4013 9391 1
2678 3544 1
4016 7410 1
7221 9844 1
4336 4382 1
2572 4057 1
3986 6255 1
3712 7184 1
646 5848 1
3958 4207 1
5677 7041 1
6659 8828 1
184 7480 1
654 1013 1
5084 9156 1
2095 9730 1
3153 8883 1
4268 8570 1
2602 9534 1
7507 7582 1
9243 9831 1
5334 7052 1
1471 8590 1
2897 8139 1
6715 9110 1
3843 8017 1
6265 7561 1
2072 5023 1
7353 8054 1
5913 8607 1
2460 2661 1
323 1034 1
3301 7441 1
692 5038 1
1922 8647 1
8341 9851 1
588 3934 1
2069 7354 1
223 7219 1
5760 7052 1
5145 7688 1
4703 5091 1
511 7851 1
2161 3910 1
3028 5747 1
2053 2687 1
2906 4818 1
4917 8992 1
383 8605 1
4452 6943 1
5675 7853 1
5496 9608 1
4309 8355 1
386 9842 1
2278 8632 1
1717 6121 1
7474 8172 1
4003 8248 1
4015 7319 1
4125 9931 1
97 9150 1
1339 3694 1
971 3298 1
766 3832 1
6989 7376 1
2388 5013 1
1409 6907 1
6369 7668 1
3232 3648 1
1031 6732 1
1846 6127 1
3455 7103 1
1190 4510 1
3033 3438 1
3031 9027 1
5075 5205 1
8614 9205 1
2318 6876 1
5905 9604 1
2829 6826 1
4439 8936 1
4497 6662 1
1035 8544 1
4235 6662 1
7468 8892 1
3609 7920 1
3545 6215 1
7449 8650 1
193 7703 1
855 6856 1
5117 6555 1
4647 6606 1
1992 3858 1
2749 8001 1
4650 7843 1
1169 6265 1
4887 9476 1
4130 6087 1
2991 3562 1
1502 5162 1
1448 8309 1
8965 9031 1
412 7225 1
4025 4758 1
8113 9754 1
4068 5394 1
3061 5240 1
5571 9327 1
4695 9656 1
1173 7323 1
1536 7375 1
6942 8445 1
350 9730 1
1845 8884 1
6470 9389 1
6714 8029 1
713 922 1
2053 9587 1
6781 9251 1
745 9505 1
1712 2878 1
327 3330 1
2037 6610 1
4318 6673 1
154 2621 1
4555 5862 1
2156 4989 1
5296 7028 1
7947 8122 1
3778 6170 1
2038 6431 1
288 342 1
2924 3814 1
3792 5287 1
1077 8904 1
739 5876 1
1675 3346 1
1575 6148 1
5873 8702 1
4806 7551 1
7471 8543 1
914 4187 1
3482 5246 1
4922 8665 1
1331 4475 1
1986 5867 1
4792 8784 1
3782 8921 1
3589 4554 1
1765 4178 1
8703 9165 1
3638 4446 1
35 1185 1
1965 6683 1
3489 4323 1
3205 4564 1
7418 8508 1
2318 5266 1
3921 9615 1
2280 2530 1
3090 7997 1
5588 5843 1
4198 5951 1
5550 9523 1
705 9274 1
533 5784 1
795 5784 1
2876 6725 1
696 7468 1
2909 6673 1
5836 7665 1
1188 7930 1
4067 9440 1
3858 9266 1
135 261 1
8687 9012 1
437 2289 1
3730 5324 1
6080 7244 1
1030 3557 1
7024 9493 1
3237 7643 1
3263 6612 1
1878 2900 1
5143 9549 1
5905 9872 1
1089 4137 1
5509 7620 1
3394 8758 1
1021 9106 1
8407 8591 1
2917 9358 1
2793 6848 1
2903 9460 1
3872 4626 1
184 5199 1
3706 5088 1
5853 8369 1
6298 8985 1
1584 9219 1
23 5281 1
5179 7866 1
1132 2679 1
2071 3830 1
8038 9663 1
4218 7865 1
1902 8747 1
3977 6490 1
5281 9082 1
2867 4703 1
2075 8675 1
2205 7967 1
942 3686 1
7265 7646 1
4278 6603 1
284 7658 1
6476 8883 1
3885 7840 1
5712 8487 1
8112 9962 1
4256 8507 1
739 8238 1
1150 7018 1
2036 9851 1
1934 7100 1
2194 4021 1
2440 7460 1
647 2233 1
7181 7359 1
2852 3240 1
288 9470 1
63 492 1
6052 9494 1
4266 5438 1
3748 7727 1
3085 7383 1
1454 5150 1
2969 9652 1
861 7265 1
5381 8508 1
723 5611 1
1640 7003 1
1759 9169 1
2645 4832 1
165 2839 1
4270 7250 1
240 5642 1
3507 9708 1
633 7788 1
7424 7652 1
2708 3087 1
1825 6941 1
8339 8971 1
259 5103 1
2210 9226 1
1573 3687 1
5416 8852 1
1383 7727 1
4949 9386 1
1737 5781 1
376 3409 1
5816 8971 1
164 6936 1
1344 7018 1
2519 6948 1
198 6520 1
4515 8370 1
339 7691 1
5812 5819 1
2926 8800 1
911 7890 1
395 4590 1
2331 5207 1
1718 6670 1
3048 4067 1
6286 6641 1
1845 2281 1
5174 6471 1
8030 8751 1
4637 7020 1
3436 5869 1
8373 9090 1
1907 4098 1
2533 7004 1
6573 6856 1
2678 3975 1
1499 2583 1
105 3481 1
2629 7466 1
5375 9386 1
544 2619 1
0 1967 1
2004 7414 1
2840 7686 1
1310 3061 1
5255 6251 1
1793 8133 1
3453 9606 1
4460 9171 1
7115 9475 1
2421 8641 1
4346 9823 1
1776 3241 1
1815 8831 1
4647 6553 1
5428 7118 1
2577 9154 1
8800 9692 1
5080 9818 1
44 1865 1
2888 4320 1
2504 9807 1
5687 6066 1
1979 4509 1
3978 5640 1
5313 7545 1
7202 9070 1
2419 2529 1
1022 7258 1
7109 9845 1
6341 7987 1
2841 9577 1
4718 9587 1
7617 8531 1
3608 7800 1
5338 6262 1
4997 5969 1
485 9313 1
4035 4834 1
5225 9768 1
1698 7091 1
4067 9253 1
9404 9964 1
3721 8616 1
3731 7052 1
2468 5023 1
1771 5849 1
2320 6091 1
3686 9561 1
5699 6426 1
5164 9300 1
3441 9730 1
991 9858 1
5184 6734 1
1772 4007 1
1068 3662 1
2468 5962 1
2387 9006 1
2041 4397 1
6887 9974 1
3401 7298 1
6904 9389 1
2807 6559 1
336 8816 1
2387 5973 1
2125 5973 1
254 7471 1
5376 8782 1
2893 4798 1
6599 9692 1
383 1465 1
8875 9411 1
4904 5000 1
2956 9284 1
3431 3915 1
2190 5809 1
2050 6738 1
3266 7231 1
2908 9243 1
2603 8607 1
313 2574 1
3534 5733 1
378 1471 1
3077 7709 1
5816 8650 1
5701 6448 1
2117 3237 1
7729 8317 1
3092 8017 1
3938 9731 1
886 1123 1
3346 9819 1
2004 6743 1
701 1343 1
2110 9613 1
7148 7813 1
169 1482 1
3959 6821 1
2617 8663 1
1712 2370 1
1612 5172 1
1118 1631 1
2830 3294 1
684 2867 1
4115 8465 1
968 6009 1
2461 8500 1
1389 3033 1
4818 9147 1
5470 6858 1
1447 7175 1
506 2945 1
3637 5430 1
5746 8419 1
165 2652 1
4750 7700 1
3007 5034 1
378 3699 1
2924 6689 1
696 8704 1
6888 9929 1
928 9993 1
8614 9770 1
2595 6221 1
4494 5236 1
409 8647 1
3193 4635 1
3907 3978 1
3492 7146 1
4686 9378 1
4247 6298 1
135 4880 1
823 4500 1
45 8370 1
4257 8706 1
4486 6314 1
1626 6544 1
8360 9072 1
1736 2740 1
5211 9199 1
4554 4728 1
1761 6180 1
3461 8772 1
479 1657 1
1907 6005 1
3273 9475 1
3392 4471 1
4780 7700 1
2094 5831 1
1285 9634 1
1168 6605 1
6911 8758 1
7439 8877 1
5799 6336 1
1845 2094 1
3331 3414 1
6882 7239 1
1390 2453 1
3969 6145 1
875 8423 1
5206 6761 1
610 5496 1
875 2007 1
4371 9343 1
2470 3085 1
5131 6587 1
723 2175 1
709 6441 1
1955 8274 1
5348 8507 1
2461 8634 1
656 4336 1
4878 5360 1
3921 4569 1
812 2597 1
4542 7885 1
2857 3881 1
1883 3675 1
8195 9920 1
1865 4035 1
3649 8018 1
7102 7548 1
1288 9881 1
6623 9765 1
4051 4800 1
1382 8762 1
2342 5128 1
4219 8548 1
5905 7270 1
143 2623 1
6906 7609 1
5507 8163 1
4760 7182 1
1081 6555 1
4278 9128 1
723 6847 1
300 328 1
2941 4898 1
4787 9005 1
1657 8408 1
8070 8878 1
2191 5898 1
1232 6724 1
6858 9258 1
1349 1647 1
447 9423 1
5476 9981 1
1128 5620 1
2413 8162 1
1305 7202 1
85 3557 1
859 9367 1
1413 6735 1
7230 8083 1
2729 7644 1
592 5051 1
4640 8928 1
7646 7769 1
2018 6320 1
5299 5366 1
7847 9745 1
5430 6603 1
1431 9004 1
5278 8461 1
7119 9006 1
2520 5026 1
8409 8694 1
4582 9889 1
3028 9374 1
2393 8634 1
5352 6131 1
3474 8902 1
4320 5166 1
4781 6315 1
2719 6525 1
8533 9110 1
639 8438 1
7908 9058 1
6738 7220 1
5640 6948 1
5220 6362 1
924 2383 1
7472 9659 1
3628 7275 1
5379 8112 1
4685 6203 1
7882 8776 1
1390 7259 1
2412 3749 1
2799 9113 1
2752 6823 1
510 5934 1
2342 8645 1
6060 8446 1
1803 3641 1
4134 9483 1
1464 1731 1
4619 4802 1
6066 6948 1
4758 7620 1
1452 6043 1
2197 6951 1
7713 9125 1
2596 4216 1
177 6663 1
1128 5165 1
4614 5397 1
4137 8441 1
1639 3425 1
1100 4837 1
2036 3061 1
5360 6907 1
2822 7188 1
5746 7882 1
2742 7424 1
701 8511 1
7468 7981 1
47 7721 1
2393 8179 1
1700 4051 1
3675 4596 1
5144 8945 1
5013 9428 1
2365 7851 1
1654 2363 1
2468 2876 1
2922 9462 1
2421 4750 1
810 7865 1
4000 5295 1
2332 9596 1
5075 5583 1
1735 4422 1
472 2393 1
2461 2836 1
2507 7153 1
933 1290 1
1074 2461 1
1588 2682 1
414 8804 1
4325 9966 1
4898 7384 1
6823 8566 1
3673 5839 1
4098 6769 1
2318 4221 1
6951 8751 1
4320 6589 1
1694 4771 1
1317 8985 1
4846 5881 1
5972 9110 1
2923 7189 1
98 1778 1
8492 9189 1
4127 9577 1
190 4750 1
5890 6267 1
6571 8880 1
1657 9026 1
2421 6978 1
6089 7416 1
578 6552 1
1693 6239 1
3293 6907 1
5841 7314 1
2827 8420 1
8392 8958 1
2718 3000 1
1725 4242 1
2659 5803 1
1785 2795 1
1365 1455 1
5979 8187 1
4857 8083 1
7646 8387 1
736 8831 1
8993 9363 1
5271 5656 1
472 1588 1
496 6146 1
23 264 1
4656 7046 1
4513 8458 1
2488 6106 1
688 6316 1
3515 3694 1
8458 9204 1
1467 3802 1
3650 9746 1
930 6603 1
4696 5132 1
2323 5480 1
9310 9420 1
3558 7713 1
289 7738 1
4454 5784 1
9507 9934 1
3831 6559 1
5118 5764 1
1601 5495 1
1869 8693 1
1511 8985 1
3068 9017 1
7882 8455 1
3572 4578 1
1820 9740 1
1474 5131 1
187 264 1
2783 9787 1
4679 9285 1
1938 3545 1
436 7384 1
2358 2441 1
3500 8647 1
9274 9359 1
9310 9770 1
1022 6727 1
4621 9280 1
1434 6671 1
6315 7331 1
3340 7611 1
4818 7350 1
264 4833 1
3233 9434 1
7047 8943 1
101 9730 1
2876 3720 1
4708 8875 1
1105 2416 1
437 8144 1
2204 5542 1
1691 8929 1
4903 6118 1
963 1774 1
440 3719 1
1012 3356 1
7135 8948 1
2405 4485 1
4056 8316 1
7151 8892 1
2037 7472 1
750 5049 1
242 8026 1
4048 7674 1
619 5532 1
1376 5511 1
4827 7412 1
3774 6159 1
675 4875 1
2259 9736 1
3969 8320 1
2069 6606 1
3557 5343 1
732 6348 1
1931 6672 1
1169 2939 1
6392 6746 1
4475 9589 1
1664 7082 1
313 8616 1
3174 4824 1
4903 8346 1
1281 9007 1
3550 7555 1
4696 6555 1
2645 2982 1
1468 2417 1
5377 9168 1
864 3242 1
1707 4685 1
5831 9338 1
562 6287 1
1871 2807 1
2132 8998 1
85 471 1
2846 8341 1
3398 8854 1
315 933 1
8754 9807 1
2463 7822 1
5850 9738 1
4921 7023 1
17 4659 1
683 2268 1
1101 2781 1
1632 8833 1
5166 6073 1
4157 9256 1
8634 9109 1
5299 6602 1
5075 5396 1
6336 6598 1
3953 4538 1
1709 7740 1
1220 6795 1
327 7709 1
2548 3557 1
5583 7300 1
6586 6746 1
285 9927 1
426 1272 1
2002 5518 1
5405 6439 1
3684 4498 1
4949 8825 1
5018 9184 1
5759 7876 1
4713 8548 1
16 4033 1
9460 9982 1
2844 6709 1
1939 6108 1
3402 8168 1
2165 5108 1
2199 3938 1
3851 5550 1
2438 6206 1
3936 9795 1
6606 8687 1
2172 9470 1
5052 5920 1
8202 8647 1
2399 3999 1
2655 8126 1
348 426 1
979 3676 1
5053 8774 1
4743 7794 1
2518 7074 1
553 8937 1
7327 9386 1
155 8110 1
7087 9899 1
6265 7081 1
7548 8796 1
6641 9812 1
4134 5242 1
5894 8077 1
6310 7763 1
876 9563 1
785 7001 1
315 8772 1
7056 9273 1
9320 9921 1
3095 6304 1
206 9768 1
545 2818 1
1238 7700 1
7294 8098 1
38 9403 1
107 2592 1
571 3450 1
3300 3703 1
1457 5529 1
225 9229 1
89 3706 1
5937 7373 1
3244 6777 1
257 8952 1
2227 5181 1
3550 3851 1
707 5216 1
488 9050 1
6166 7610 1
1468 6068 1
2217 7095 1
3017 5458 1
1783 4359 1
823 5549 1
6822 9577 1
2452 3205 1
3577 3580 1
6135 8647 1
436 8486 1
1785 6125 1
6747 7713 1
2652 7962 1
2908 3421 1
577 1551 1
4141 6547 1
5667 8020 1
3635 4689 1
4903 6870 1
5023 7918 1
2432 6875 1
1343 1993 1
78 9717 1
4766 9982 1
2548 6269 1
3301 6506 1
3744 8015 1
2975 6521 1
2594 9273 1
1895 9272 1
6759 8073 1
7134 7196 1
5040 5239 1
3061 7204 1
1810 8410 1
2063 2440 1
240 9082 1
42 7377 1
3301 4412 1
5890 6348 1
2409 4016 1
278 6341 1
1871 9036 1
1684 4514 1
5393 8925 1
1112 9950 1
732 4067 1
5296 8992 1
7276 9881 1
576 9189 1
2474 3098 1
1510 9996 1
428 623 1
6644 8658 1
5639 9331 1
465 7106 1
3020 6240 1
2332 2456 1
6399 6575 1
3002 8852 1
3320 8195 1
7772 9681 1
3032 4530 1
155 5345 1
389 3297 1
1089 6906 1
1698 7953 1
3814 9669 1
6761 9593 1
2809 6178 1
2931 7107 1
7074 8592 1
6673 7494 1
1212 6747 1
100 6577 1
2901 9150 1
2347 5366 1
3260 5296 1
4215 7734 1
1541 7188 1
211 931 1
5114 5322 1
766 5125 1
7290 7843 1
2300 4207 1
5787 9737 1
2007 2642 1
5768 7243 1
111 700 1
78 4724 1
3028 8329 1
5000 9357 1
5215 7067 1
1608 6316 1
1832 2826 1
572 6922 1
5257 7478 1
7120 7782 1
5976 7165 1
2022 7087 1
3245 3833 1
2753 5091 1
800 9031 1
4201 9125 1
1338 3422 1
6754 9152 1
1888 3108 1
391 7291 1
50 6998 1
2958 5496 1
2154 3227 1
1433 3467 1
2761 6645 1
4337 4475 1
3607 9325 1
4763 9013 1
193 3519 1
3370 7103 1
7012 9538 1
7415 9019 1
61 9981 1
2705 7652 1
1886 4351 1
8539 9169 1
1970 5742 1
8575 8826 1
7668 9842 1
2068 3833 1
8 7122 1
237 4730 1
5381 8244 1
1465 9956 1
4791 8967 1
116 6655 1
136 9751 1
2003 5101 1
7624 9543 1
1246 2678 1
915 3073 1
757 4207 1
3544 6128 1
7697 8301 1
2957 8812 1
4760 6621 1
3031 3099 1
5701 6155 1
288 4668 1
7827 9313 1
924 9982 1
1206 8914 1
1199 3771 1
3677 6657 1
2030 3699 1
2799 2941 1
3573 7997 1
168 779 1
4717 6170 1
3311 8751 1
1182 7739 1
1302 6343 1
5020 5390 1
395 943 1
6009 6658 1
4204 6524 1
5381 7089 1
2531 6317 1
2775 9121 1
5468 9717 1
4379 4835 1
4131 4733 1
3516 5369 1
5130 6689 1
1164 2622 1
2365 3773 1
2270 6919 1
1878 1965 1
2867 8895 1
4291 6119 1
8346 8723 1
1711 6174 1
4204 4430 1
596 825 1
349 9993 1
7362 8738 1
1973 9557 1
739 8458 1
3580 4980 1
949 3572 1
1900 6046 1
1616 6287 1
3290 7658 1
5449 6792 1
2379 7212 1
5679 7254 1
242 2175 1
4564 5123 1
2843 5626 1
3796 9681 1
1974 2962 1
7323 9914 1
45 5044 1
1187 8998 1
7582 8862 1
557 8602 1
4244 6838 1
7728 8687 1
1066 8479 1
6303 8020 1
7170 9857 1
1573 3557 1
5150 5597 1
809 3161 1
6595 9360 1
5120 9892 1
1677 5600 1
789 9110 1
2372 3947 1
1028 9126 1
1238 2520 1
365 8782 1
633 5564 1
2942 5231 1
1008 2997 1
7346 7989 1
6043 9005 1
527 7797 1
9666 9700 1
1292 5385 1
6615 6952 1
8165 9977 1
2623 5636 1
238 2941 1
1501 9696 1
2609 3486 1
4154 5201 1
6640 7948 1
714 6842 1
2349 2623 1
2142 4774 1
8484 9730 1
7376 8770 1
6397 6500 1
6980 8770 1
6187 9134 1
1058 2710 1
75 5394 1
848 7596 1
4404 6315 1
5491 6398 1
4466 7947 1
4137 6725 1
2094 4733 1
6868 9468 1
619 8675 1
4492 5381 1
1130 5215 1
1457 5610 1
639 1945 1
3610 4175 1
3596 4277 1
5174 5186 1
4000 9056 1
3744 4929 1
1775 7582 1
371 8546 1
5152 8810 1
2146 3553 1
312 8905 1
1876 3692 1
873 7252 1
1418 6786 1
3152 4236 1
91 6462 1
7341 9284 1
2057 5201 1
3421 5592 1
1548 7017 1
4051 5207 1
3435 4709 1
2748 3779 1
289 9271 1
4454 7317 1
5491 9565 1
5274 5366 1
86 9851 1
3880 6264 1
4532 8139 1
1998 4220 1
623 5360 1
3859 9359 1
3214 3959 1
1878 8999 1
4543 9991 1
2898 5416 1
6203 9212 1
4534 5741 1
2187 9754 1
2839 8219 1
7465 7606 1
5584 6696 1
1759 6274 1
1189 1957 1
1970 6494 1
5281 7826 1
9156 9331 1
479 1043 1
8555 9865 1
2072 7902 1
2621 4734 1
3603 6521 1
122 8353 1
5686 6599 1
3003 4247 1
1194 6623 1
5817 8745 1
1787 7137 1
1233 8271 1
7886 9891 1
2504 7717 1
742 1803 1
1106 5463 1
4325 7795 1
4204 7276 1
2836 2979 1
3674 4078 1
1454 7866 1
5662 8992 1
3405 7825 1
2071 8774 1
2594 8549 1
2356 9889 1
933 3441 1
8155 8187 1
4024 6527 1
1068 7049 1
3394 8575 1
6842 8515 1
75 2629 1
1976 6635 1
7129 7791 1
3481 4787 1
2027 9606 1
1602 3950 1
984 2625 1
1023 2553 1
6240 7134 1
3667 6640 1
1131 1332 1
1697 8159 1
3061 6830 1
3092 6143 1
2844 6603 1
5550 7596 1
2465 7738 1
5176 6631 1
262 6777 1
3087 6738 1
4222 8555 1
2412 7323 1
1335 8682 1
913 4263 1
3547 8416 1
918 2917 1
1845 4997 1
899 2867 1
454 7886 1
5457 9475 1
4344 8171 1
3346 9823 1
9039 9415 1
5412 5568 1
5911 7201 1
28 315 1
186 901 1
1027 8687 1
9382 9754 1
2596 7790 1
2639 8426 1
473 2651 1
3346 6790 1
8387 8671 1
6212 9758 1
2826 8252 1
682 2236 1
3715 7596 1
7247 8927 1
1576 5896 1
342 4797 1
1032 9970 1
4048 7247 1
247 1527 1
3294 7539 1
820 7081 1
1938 2313 1
305 5669 1
1936 5650 1
5004 6123 1
4293 6297 1
3906 5851 1
476 8934 1
1407 6060 1
2361 8273 1
5735 7510 1
3176 7668 1
4370 7648 1
3193 4639 1
545 3062 1
696 5675 1
6501 8706 1
2912 8561 1
4901 7284 1
2351 6804 1
4572 6062 1
6642 7433 1
3046 5343 1
1767 6753 1
4656 5009 1
526 8647 1
5070 8032 1
4220 5610 1
1968 4033 1
2912 5528 1
4746 4902 1
3624 4044 1
97 5531 1
2511 2740 1
5590 9199 1
1676 6076 1
3895 8479 1
1768 8294 1
4075 9578 1
4502 5481 1
2566 8274 1
6673 9348 1
2439 2837 1
4287 7771 1
2440 9855 1
789 9407 1
5937 7967 1
7236 9461 1
1004 2421 1
439 4864 1
7099 8409 1
3895 8829 1
2004 7231 1
1921 3032 1
3748 7089 1
4608 7947 1
339 2381 1
2106 6195 1
349 7041 1
1302 4680 1
7243 8538 1
6004 7095 1
452 6230 1
6983 9365 1
4829 4913 1
4672 6427 1
2514 6929 1
417 3011 1
4837 6494 1
6005 7505 1
2242 6995 1
2331 9696 1
1938 9213 1
3017 6991 1
2473 8059 1
2521 9039 1
2784 5477 1
5784 9199 1
538 7852 1
287 4069 1
8650 9915 1
4968 9579 1
4868 8409 1
7862 8179 1
424 2088 1
8450 9103 1
43 8812 1
674 6400 1
3339 7392 1
1737 2699 1
792 9839 1
1585 9475 1
184 9956 1
972 8494 1
3774 7505 1
7917 8990 1
2432 2931 1
284 8093 1
4198 6520 1
3425 6570 1
2573 9737 1
2075 9460 1
2261 6432 1
4613 6735 1
1786 2941 1
2562 3162 1
4967 4981 1
743 9546 1
7095 8020 1
6288 6988 1
5101 5735 1
579 3665 1
3232 3896 1
341 8977 1
3765 4359 1
8276 9458 1
136 3095 1
2634 5667 1
4005 9481 1
2615 9589 1
3031 5303 1
5459 6382 1
2525 6663 1
7210 9663 1
3903 9204 1
100 6821 1
4670 7619 1
5088 7378 1
2901 9394 1
1132 4753 1
5676 7548 1
2465 7551 1
2131 8429 1
1546 9496 1
4851 9128 1
85 9172 1
7244 9432 1
1902 1961 1
5735 8128 1
1571 6520 1
475 7637 1
2077 2716 1
3243 7064 1
7381 7451 1
2439 5549 1
2415 9127 1
1634 2146 1
3997 9189 1
4618 5335 1
5521 6829 1
399 822 1
247 9850 1
4012 9497 1
8528 9278 1
376 3844 1
727 2381 1
3679 6813 1
207 4035 1
4564 9421 1
5918 7404 1
5046 8441 1
3237 9851 1
7678 7795 1
437 5436 1
544 2115 1
1605 4949 1
7905 9649 1
6778 9201 1
7335 7806 1
6265 7138 1
2383 4462 1
2493 7074 1
6832 8683 1
1688 3671 1
479 9984 1
1165 7279 1
2796 7260 1
253 7951 1
7809 7847 1
7544 8330 1
209 2926 1
732 9117 1
2210 2440 1
126 9307 1
5998 7144 1
3405 6028 1
4733 8452 1
4244 9981 1
32 2475 1
3881 9929 1
4923 7795 1
2482 4067 1
2012 3364 1
3712 5956 1
7034 9921 1
634 5549 1
692 2521 1
4157 4320 1
523 9882 1
1127 2449 1
5051 8734 1
851 6715 1
2933 3185 1
1737 2378 1
8927 9121 1
4068 8220 1
4937 8632 1
6235 8935 1
3300 8082 1
2481 3061 1
4965 9899 1
2358 9077 1
524 7259 1
3459 5860 1
1019 3266 1
2187 8441 1
2409 4878 1
31 7326 1
3692 6593 1
3461 3462 1
813 1885 1
2091 9672 1
2277 5890 1
2779 7040 1
4670 6948 1
2975 8672 1
2598 4750 1
1132 4082 1
2674 3082 1
5189 7513 1
9041 9758 1
5428 5809 1
2548 2943 1
638 4513 1
5765 8612 1
1021 8415 1
4937 9921 1
4244 5793 1
4567 4726 1
2371 8908 1
3830 8405 1
4699 8817 1
9150 9701 1
2574 2851 1
1916 2851 1
4755 5716 1
350 4985 1
2846 6922 1
143 8856 1
1982 8574 1
5177 6348 1
4757 5008 1
1725 8918 1
6887 7376 1
2947 4530 1
2661 8108 1
696 2589 1
352 2779 1
4937 7827 1
52 6459 1
5310 6877 1
3364 4818 1
6564 6908 1
270 1434 1
1989 4268 1
2393 4129 1
3182 8719 1
2069 7415 1
4247 6599 1
3662 3694 1
3113 4418 1
2010 4556 1
2705 2903 1
6478 6575 1
2300 5069 1
1331 5207 1
1188 7373 1
1236 1937 1
948 7132 1
962 4586 1
2534 6404 1
4683 8068 1
3731 7621 1
4856 7996 1
1088 6388 1
3870 8719 1
5009 8992 1
2041 4027 1
3636 4351 1
4016 4572 1
3054 5127 1
3694 8493 1
894 4802 1
953 3719 1
261 4889 1
750 1670 1
1575 8169 1
2957 7446 1
6195 8330 1
1334 6794 1
1785 3283 1
183 1034 1
217 7034 1
2849 7354 1
4511 9654 1
2847 6527 1
4230 5440 1
2772 6353 1
3392 9444 1
3433 9253 1
7889 8983 1
3123 8273 1
1447 4577 1
1039 9478 1
8895 8912 1
2312 3335 1
1106 1840 1
4932 9280 1
2212 6137 1
3915 8438 1
584 3421 1
8548 8804 1
2359 4844 1
1609 3592 1
2457 2935 1
4473 5733 1
2880 3792 1
638 2903 1
911 7199 1
5175 7725 1
8285 9333 1
6862 7049 1
3266 4767 1
1464 1898 1
5120 7237 1
347 1384 1
2181 2478 1
1766 2236 1
4106 7632 1
1843 5866 1
8059 9929 1
4231 5826 1
3200 7530 1
8200 9410 1
375 4371 1
1168 4007 1
7472 8671 1
2692 8817 1
698 1614 1
395 1805 1
3915 7283 1
735 4125 1
1144 9248 1
7870 8717 1
2739 3156 1
941 8165 1
7259 8563 1
4566 5523 1
2986 3787 1
193 543 1
4611 6205 1
3212 6759 1
2381 8551 1
1457 2016 1
4872 5980 1
5066 9229 1
1465 3597 1
8388 9996 1
4797 5806 1
1858 5743 1
3441 7750 1
8090 8841 1
7453 9718 1
4282 6114 1
89 9992 1
7239 8446 1
6938 9272 1
8851 8939 1
2125 7026 1
4453 6935 1
1989 3947 1
1667 7868 1
1938 4167 1
4336 7289 1
5072 5637 1
2857 5605 1
1467 5713 1
3258 3697 1
1028 9049 1
7695 9601 1
219 6436 1
1160 8976 1
1783 1785 1
110 7432 1
1287 7997 1
2548 5789 1
4970 7023 1
4862 9964 1
834 8402 1
3052 8705 1
8742 8780 1
770 4445 1
6114 6135 1
4180 6345 1
7223 8451 1
654 4270 1
1082 5471 1
1476 8808 1
800 4095 1
550 5610 1
4397 5067 1
1966 2027 1
6802 7640 1
4913 6115 1
3557 8059 1
3726 4862 1
1382 1976 1
2519 3142 1
8523 9766 1
4263 6006 1
5610 9426 1
1878 3311 1
4460 6520 1
2213 5287 1
869 6302 1
3773 9754 1
4680 6294 1
1865 7987 1
4803 6859 1
975 9172 1
2210 9153 1
6324 8954 1
687 7951 1
1828 2443 1
2586 9440 1
4444 8646 1
165 672 1
314 4178 1
3197 6561 1
2839 6853 1
3510 4806 1
3491 4564 1
843 2987 1
7706 8581 1
2448 2501 1
3232 6555 1
5491 6105 1
2144 8691 1
4675 7239 1
1904 9204 1
1966 7638 1
3046 4298 1
6774 8759 1
298 5523 1
2629 7393 1
6187 9191 1
3553 9764 1
1488 4041 1
1937 6119 1
5610 8621 1
5110 6763 1
7949 9628 1
1478 2572 1
3921 4683 1
1693 4446 1
4647 9513 1
1510 4739 1
82 5117 1
1601 4857 1
7100 8370 1
1888 4133 1
1051 8362 1
8175 9567 1
7638 8396 1
4481 4498 1
463 4405 1
1179 8547 1
960 2767 1
5538 9842 1
1474 2988 1
5876 9837 1
4895 8652 1
2343 9035 1
315 750 1
521 3070 1
4884 6019 1
4177 6157 1
5522 7996 1
3044 9082 1
153 8501 1
3945 8251 1
6643 9191 1
342 8208 1
858 9256 1
4633 9591 1
2623 8271 1
211 5473 1
687 9374 1
1019 3697 1
1131 3938 1
942 1787 1
2278 8990 1
3560 4653 1
4640 9981 1
953 9493 1
3995 4581 1
7184 8202 1
439 2075 1
5377 7241 1
3696 4699 1
4207 5403 1
1241 1265 1
391 5067 1
7417 8181 1
6715 8663 1
1464 6972 1
2443 7522 1
8341 9054 1
1669 6438 1
7715 7838 1
8201 9983 1
5988 8334 1
3068 8513 1
90 2860 1
895 7983 1
5361 7647 1
4449 8319 1
2434 4965 1
1878 6962 1
8817 9922 1
1477 6618 1
2103 3108 1
1501 4760 1
931 6859 1
8171 8993 1
4451 8365 1
3049 5238 1
3942 6044 1
2461 6788 1
1987 2933 1
3315 6111 1
261 3092 1
2231 9709 1
7437 9937 1
2750 3858 1
8433 9178 1
6581 6754 1
4728 5640 1
588 4426 1
6971 9383 1
5727 7596 1
25 6006 1
2029 7481 1
8665 9686 1
5131 6030 1
3940 9731 1
3510 8457 1
4709 8781 1
1276 5931 1
5491 5784 1
795 2625 1
5101 9012 1
7026 9440 1
6601 8510 1
1188 4771 1
3184 5439 1
705 3082 1
1744 5403 1
101 8071 1
1269 2666 1
3632 4259 1
2493 4740 1
3411 8986 1
2750 9469 1
264 9940 1
1346 3263 1
852 2728 1
97 1132 1
2086 3827 1
5802 6965 1
1937 3704 1
344 1009 1
5500 5846 1
142 8230 1
3662 9736 1
952 7281 1
823 4427 1
2210 2550 1
4928 9592 1
1664 9961 1
5282 5394 1
265 1655 1
9134 9359 1
1303 9201 1
389 2630 1
965 3729 1
3217 7026 1
543 6480 1
997 6650 1
7184 7531 1
1265 3432 1
3940 6832 1
1115 4427 1
8284 9539 1
2040 9844 1
927 4376 1
2771 8602 1
2406 7723 1
7325 8675 1
3686 9167 1
2750 5281 1
5656 9368 1
527 4634 1
6253 7372 1
3853 5897 1
6222 8059 1
1060 4905 1
2048 5763 1
4005 8920 1
206 5747 1
1938 8786 1
5321 8331 1
2038 3540 1
6235 6951 1
193 4007 1
528 9181 1
1591 2262 1
8480 9077 1
606 5839 1
917 1005 1
5786 6566 1
392 2123 1
242 5562 1
9502 9704 1
4605 8511 1
688 953 1
5438 9266 1
1451 9048 1
1551 3802 1
1702 6415 1
4780 6822 1
164 3427 1
4083 7648 1
3809 8577 1
857 8309 1
5590 5873 1
8169 9565 1
3580 6273 1
8604 9493 1
1478 3674 1
6354 7962 1
5696 7962 1
741 5101 1
3382 5507 1
89 974 1
6121 6448 1
7528 9919 1
624 1318 1
8242 9262 1
6855 8887 1
1067 5271 1
6595 7270 1
2968 3423 1
4320 7187 1
1945 6708 1
8113 9791 1
7318 7830 1
778 8551 1
5026 5134 1
6397 8948 1
6170 9723 1
3300 5293 1
6156 9825 1
1230 1478 1
693 4279 1
288 6445 1
4665 5128 1
1647 1766 1
565 2781 1
4668 6365 1
3876 5611 1
2233 8279 1
3294 4697 1
1671 5543 1
4928 4949 1
3271 4713 1
1256 7021 1
2467 7170 1
4309 9815 1
696 5866 1
1028 4353 1
2824 6653 1
4016 9004 1
193 4491 1
3052 9486 1
3475 9589 1
3995 5683 1
7625 9047 1
1362 9110 1
2496 9039 1
1883 8058 1
5677 8635 1
8796 9797 1
7731 9473 1
5427 7706 1
745 8387 1
3768 9841 1
506 4429 1
4771 6089 1
548 7284 1
2650 7412 1
6178 6527 1
2878 7239 1
1164 8721 1
1898 8716 1
2242 9280 1
437 1976 1
7689 9597 1
1899 5908 1
1307 1832 1
4615 5145 1
1029 9435 1
62 6236 1
5774 6824 1
3955 6792 1
4590 5088 1
2057 3461 1
7678 8657 1
2659 6535 1
2784 4729 1
2758 7480 1
5466 9862 1
2037 3748 1
2078 7721 1
423 4902 1
1458 2351 1
5976 6177 1
2999 5822 1
3242 3328 1
3792 5458 1
6065 9632 1
4573 9995 1
2269 5976 1
92 6236 1
2292 9343 1
5162 6603 1
3631 5540 1
6471 7287 1
2082 3117 1
1698 6160 1
1068 8208 1
4860 7958 1
1187 6587 1
9078 9213 1
7170 7446 1
207 1648 1
5335 8601 1
3258 7779 1
3557 6880 1
4577 4987 1
274 591 1
4446 6224 1
310 4220 1
213 8983 1
2615 8841 1
1813 3235 1
3184 4797 1
1711 2958 1
3526 9637 1
2750 3000 1
6127 6672 1
4620 6003 1
2054 6680 1
7001 7236 1
3238 5972 1
1018 5596 1
3418 7071 1
4612 7051 1
7638 8022 1
2540 6573 1
5683 8129 1
4377 5464 1
2156 3200 1
1629 6689 1
2575 9011 1
2599 7153 1
1355 5366 1
357 7018 1
5078 5511 1
3273 5377 1
7847 8546 1
5220 7846 1
4365 5080 1
4351 5182 1
2324 6167 1
2857 8882 1
1391 1798 1
9367 9450 1
6239 6482 1
6719 7873 1
6783 7134 1
2007 7399 1
80 6336 1
997 3564 1
3017 5572 1
1107 5422 1
4670 6066 1
776 1875 1
6087 7781 1
1930 8872 1
2434 6685 1
8020 8100 1
3285 9709 1
2356 6994 1
3421 4120 1
5790 7036 1
4028 9982 1
4112 8175 1
8028 9681 1
1593 3036 1
63 663 1
6513 6842 1
1652 9278 1
361 9365 1
456 3775 1
4705 5656 1
3802 8134 1
9944 9996 1
1605 3046 1
3055 7153 1
1367 3632 1
2566 3956 1
2867 7102 1
5084 9624 1
5765 6575 1
5371 7210 1
3466 5152 1
653 5982 1
5477 9326 1
3531 8021 1
6872 7310 1
3264 7677 1
2586 8745 1
4291 5265 1
5509 5831 1
514 4103 1
4635 5075 1
1236 7471 1
2654 3961 1
6599 7151 1
3290 8309 1
2048 4905 1
4733 8993 1
2290 4438 1
5784 6975 1
264 1861 1
3405 7508 1
6047 6796 1
2587 9505 1
2434 2847 1
803 3832 1
794 4278 1
2609 6820 1
3691 6559 1
329 6393 1
3491 8191 1
681 7784 1
6529 9953 1
4068 9700 1
1709 6728 1
1241 4408 1
3061 9546 1
8192 8691 1
3459 3957 1
2923 5640 1
1426 9823 1
5383 5476 1
9202 9493 1
678 6173 1
1434 8371 1
4264 5266 1
1232 9176 1
957 8971 1
5735 7998 1
4544 7535 1
1313 7852 1
3259 3495 1
6994 9127 1
4473 8823 1
321 6286 1
423 2621 1
4359 9475 1
3146 7001 1
1237 5763 1
564 3011 1
27 9222 1
5899 7813 1
1883 1939 1
2147 7647 1
351 2903 1
1132 3468 1
626 856 1
2668 6595 1
6884 7804 1
2846 9341 1
2075 3048 1
2066 7658 1
757 3032 1
2069 8895 1
3354 7273 1
3597 4779 1
1835 5281 1
5391 8696 1
3629 9198 1
4796 5103 1
5742 7233 1
2917 8992 1
4818 8834 1
5614 5735 1
1206 1323 1
13 4197 1
5469 7074 1
5086 8999 1
2022 6046 1
7412 8081 1
5523 7310 1
1416 2072 1
3802 7813 1
4230 9014 1
757 938 1
3034 9927 1
3357 8860 1
692 1452 1
1609 2844 1
9050 9206 1
2438 8361 1
4465 5124 1
7792 9241 1
6066 9400 1
2690 9336 1
3607 4312 1
3557 8921 1
2843 3162 1
2793 7771 1
2192 8305 1
2426 6257 1
6349 7244 1
5462 9636 1
7716 9596 1
8487 8719 1
672 2678 1
479 4727 1
7442 8081 1
3034 7833 1
3975 5647 1
2772 7833 1
5740 6382 1
1137 8110 1
1837 7555 1
785 5184 1
625 7935 1
952 1914 1
1269 1621 1
8605 9879 1
3314 7069 1
7980 9827 1
7168 7697 1
9568 9926 1
6526 8230 1
15 4219 1
1023 7981 1
3817 9383 1
1050 3388 1
4159 6114 1
864 7170 1
444 3578 1
91 1770 1
2362 7561 1
2222 5272 1
5066 8481 1
1501 9676 1
3003 9809 1
6305 9924 1
3480 4513 1
1778 8264 1
2373 7161 1
8405 9417 1
581 7232 1
6777 9919 1
7866 8385 1
2078 4769 1
4239 4538 1
3022 7018 1
1821 5867 1
2924 3477 1
284 8931 1
2404 5693 1
2540 6520 1
514 2977 1
1660 1977 1
2253 8907 1
7939 8082 1
2844 9348 1
8460 9474 1
2934 3414 1
700 6550 1
1228 8921 1
1966 8850 1
261 9886 1
347 770 1
3191 3979 1
6114 7481 1
5670 6501 1
3557 6022 1
1538 4616 1
9440 9875 1
6006 7389 1
3227 4575 1
1580 5781 1
2903 4451 1
4169 7717 1
2907 8542 1
1231 4846 1
1716 5827 1
1845 6237 1
5145 5525 1
3106 7439 1
4971 6126 1
2216 8624 1
2909 6336 1
4561 7948 1
206 9024 1
3962 5145 1
244 5344 1
161 7561 1
1785 9569 1
1090 6304 1
1086 8814 1
7 7094 1
5830 5978 1
2114 4560 1
135 7279 1
264 2963 1
2851 7270 1
506 9666 1
5862 6455 1
5636 6112 1
1624 2454 1
5825 9017 1
443 6843 1
1217 7957 1
6738 7257 1
6452 6671 1
1588 9590 1
2329 9036 1
3573 4407 1
4846 5434 1
4987 6605 1
715 3774 1
1007 3394 1
1045 1434 1
3632 4987 1
1455 9411 1
414 6263 1
1938 3903 1
3545 4052 1
5317 5958 1
5284 9982 1
721 7911 1
1228 9405 1
3126 4068 1
5469 8981 1
6675 8032 1
3373 3945 1
2208 2451 1
5550 9320 1
2524 2687 1
4079 8308 1
211 5530 1
822 3240 1
1656 2877 1
1785 9703 1
479 6284 1
6977 7781 1
1876 2651 1
671 6454 1
4067 6204 1
261 8276 1
5029 6615 1
4906 7713 1
5176 5322 1
5253 5542 1
535 6566 1
4286 6507 1
934 3831 1
545 2558 1
4466 5162 1
4572 9530 1
1836 5854 1
2837 8637 1
6127 7237 1
4709 7549 1
1011 1018 1
1076 5577 1
253 5540 1
2596 6481 1
1517 4007 1
3535 5188 1
701 7393 1
47 6603 1
2139 3761 1
3438 5255 1
709 5002 1
5540 7827 1
540 9919 1
745 2215 1
543 9436 1
240 9627 1
1405 4705 1
4466 6451 1
1076 9899 1
1544 5803 1
1083 2210 1
4709 8838 1
4743 7668 1
6441 9625 1
2609 6312 1
1883 2236 1
2069 2426 1
1332 8549 1
21 5540 1
4295 6754 1
1493 4710 1
2150 3519 1
257 6948 1
975 1337 1
4818 8192 1
4207 8038 1
611 7476 1
299 8113 1
2713 2878 1
5899 6016 1
615 1933 1
1919 3771 1
4570 9029 1
2364 4387 1
2070 3940 1
2594 9013 1
464 983 1
746 8051 1
1582 4351 1
4643 5343 1
3115 3797 1
7299 9255 1
8498 9579 1
7842 7962 1
1684 3315 1
6887 7998 1
6035 7001 1
6269 9117 1
264 548 1
4045 4835 1
4926 6570 1
55 4346 1
3611 8515 1
3131 4680 1
3026 3166 1
1577 8329 1
5658 8182 1
2912 9480 1
3674 9803 1
2454 8602 1
2815 7827 1
3330 3577 1
2120 7036 1
6404 9692 1
1029 5491 1
476 1343 1
3150 5861 1
5008 5067 1
5763 6663 1
1300 4264 1
1220 8442 1
8532 9698 1
7376 7758 1
757 8940 1
1159 5722 1
2236 5117 1
6907 8219 1
2795 6801 1
2442 7437 1
5866 6791 1
3468 8772 1
3048 8186 1
2289 7380 1
446 4510 1
5086 6047 1
3126 9008 1
6975 9292 1
9256 9355 1
8191 9031 1
1594 9972 1
9068 9304 1
3853 3860 1
542 1939 1
1082 9797 1
5175 6469 1
5495 5693 1
6427 8117 1
2362 2381 1
2795 8090 1
6112 6793 1
2901 6796 1
5255 7926 1
2744 8310 1
6598 9692 1
6493 7424 1
2078 6005 1
3265 7258 1
3034 7325 1
954 9238 1
2468 4470 1
5592 5976 1
2621 5466 1
1621 9701 1
4131 7372 1
3150 8439 1
187 1374 1
3748 9297 1
1599 5189 1
4221 9517 1
4159 8639 1
4288 4323 1
4716 7244 1
342 8078 1
4313 6073 1
361 1904 1
4165 7141 1
1302 4444 1
2289 6575 1
873 8468 1
1133 4635 1
5112 8907 1
1300 1365 1
2961 8136 1
8350 9037 1
6832 8179 1
1110 1241 1
2599 8686 1
7081 9637 1
5464 6356 1
825 3701 1
1551 8531 1
1384 5385 1
7934 9324 1
9226 9839 1
4111 5565 1
5394 6526 1
4193 5375 1
9394 9423 1
2837 5067 1
2541 6237 1
2933 4775 1
5491 9842 1
2599 9625 1
3070 5046 1
5611 8446 1
1695 4496 1
1447 4394 1
7794 9694 1
633 1437 1
3115 9892 1
27 1627 1
3719 6623 1
4779 6603 1
4601 5550 1
633 4820 1
1968 6725 1
1474 5436 1
8383 9685 1
2514 4949 1
7674 8996 1
8087 8411 1
1148 6205 1
8431 8975 1
2095 8937 1
3733 6679 1
6520 7102 1
2554 3035 1
1709 5683 1
1068 9070 1
2556 9497 1
2262 9050 1
1 5667 1
3676 4832 1
1888 6365 1
2824 7999 1
2445 4970 1
6593 6799 1
6127 9278 1
5029 9006 1
1488 6623 1
3315 4826 1
436 2562 1
1086 5862 1
3505 8333 1
5067 6265 1
1331 9830 1
7618 7909 1
467 7510 1
1083 3312 1
3338 6126 1
8004 8884 1
2123 9241 1
2022 2773 1
6660 9899 1
8038 8468 1
4275 7204 1
4344 6809 1
1641 7777 1
5591 8113 1
3368 8220 1
5476 5911 1
1205 1962 1
5934 8452 1
2558 3692 1
3055 4498 1
6119 9171 1
97 8357 1
4203 9206 1
2606 8055 1
4215 9031 1
524 2917 1
5023 9699 1
2962 5438 1
3011 9272 1
122 6320 1
2405 3046 1
354 9861 1
2885 4437 1
4967 7323 1
4903 5618 1
963 7690 1
5983 8694 1
8223 8756 1
4259 9488 1
219 9636 1
671 2563 1
4136 8334 1
423 771 1
6628 8617 1
4438 8672 1
1900 8953 1
5004 5111 1
5740 9875 1
807 5083 1
1921 9241 1
4461 6589 1
1938 8656 1
2461 8431 1
185 2296 1
417 5837 1
1568 5181 1
1101 6469 1
5657 6615 1
2964 9991 1
4607 9797 1
1511 8030 1
5440 5799 1
7530 8546 1
987 4088 1
7005 7412 1
8706 9640 1
645 9986 1
3028 7882 1
2794 4268 1
2985 4802 1
3998 6656 1
4638 5296 1
8320 9604 1
7282 9383 1
4144 6481 1
5888 8591 1
5284 9608 1
1141 2461 1
5418 9608 1
1211 3200 1
3551 8596 1
1622 6706 1
1276 6069 1
6843 9686 1
501 2286 1
1726 2333 1
3780 9587 1
5757 6795 1
3900 4027 1
4932 7621 1
6503 8305 1
386 3467 1
633 9760 1
31 1024 1
3962 8288 1
223 5166 1
37 8948 1
546 8071 1
3507 8647 1
3034 5983 1
4797 8335 1
3835 9644 1
246 2117 1
3792 4844 1
4845 7817 1
6610 6832 1
206 9134 1
4163 7231 1
5789 6868 1
1666 5069 1
564 8061 1
2572 4582 1
2947 7677 1
7102 7479 1
2002 8401 1
1699 4428 1
3941 9289 1
426 1711 1
5883 9886 1
443 1126 1
2963 7621 1
5024 5466 1
6858 8250 1
3618 9013 1
4227 6842 1
2138 9201 1
497 1362 1
533 1019 1
2473 8925 1
4195 7304 1
4892 6478 1
5086 7283 1
1221 5742 1
154 7789 1
6852 7654 1
381 8734 1
3421 8849 1
685 1009 1
6404 6740 1
7302 7890 1
4982 5590 1
1164 8591 1
6749 9404 1
1508 9155 1
2802 6333 1
1844 1934 1
4817 7997 1
6315 8388 1
7156 9004 1
1156 7949 1
2582 9218 1
2767 8217 1
6547 8896 1
1652 2114 1
2421 7580 1
4570 5272 1
258 7738 1
3706 7678 1
3 2493 1
8387 9216 1
7265 8358 1
5768 6125 1
3388 7746 1
5592 8151 1
9475 9709 1
1621 7904 1
3926 9115 1
4117 5677 1
1803 3222 1
543 7318 1
5099 8218 1
6328 8973 1
7475 9107 1
2735 3956 1
5381 8870 1
2012 2807 1
6924 9004 1
8495 9688 1
431 6353 1
2595 9803 1
5561 9969 1
6060 7438 1
97 7231 1
2166 6657 1
2027 3869 1
963 3181 1
44 5126 1
4643 5908 1
2504 6652 1
2349 3331 1
1265 2765 1
1657 2057 1
8155 9216 1
1180 4347 1
6025 9322 1
8101 9919 1
1897 4927 1
3061 4476 1
3603 6745 1
220 3258 1
5084 7721 1
2529 2925 1
4748 8526 1
209 7041 1
1023 1138 1
1599 8653 1
3878 9609 1
4848 6663 1
856 7791 1
3320 5117 1
3490 4774 1
5276 9584 1
3022 3208 1
1000 4537 1
3028 6406 1
2629 4445 1
1870 3639 1
4110 7865 1
2732 2880 1
1004 9382 1
5937 6068 1
2408 2756 1
25 696 1
383 404 1
288 3550 1
778 9039 1
8644 9915 1
910 8966 1
1488 4476 1
4268 8424 1
2157 8772 1
2205 3336 1
1169 4696 1
1860 9717 1
2844 8921 1
5533 8055 1
5084 5977 1
1643 5518 1
903 2510 1
588 3438 1
820 4727 1
752 7976 1
4104 8208 1
3853 4425 1
6516 8754 1
351 1216 1
2407 6853 1
3305 8003 1
4800 7911 1
3568 4441 1
3645 7105 1
1224 8725 1
2893 5026 1
5264 5571 1
519 2520 1
716 9450 1
1709 8208 1
1237 8398 1
2460 5898 1
7293 8796 1
3238 3748 1
92 6590 1
1114 9496 1
2481 9404 1
881 2320 1
697 3731 1
2440 7151 1
1010 1976 1
506 4917 1
1221 8804 1
7236 9201 1
2140 4415 1
1861 5754 1
3244 8639 1
2972 3979 1
155 4845 1
52 8130 1
139 6786 1
1488 3671 1
3208 9359 1
5744 8251 1
4782 5396 1
4226 7393 1
7318 8452 1
3051 5211 1
1960 3666 1
314 8480 1
4526 4652 1
785 9563 1
6477 7055 1
2619 8937 1
312 1237 1
3340 6253 1
3510 6664 1
1660 5067 1
2504 9364 1
8113 8319 1
5969 8719 1
2280 3994 1
6142 8647 1
910 3034 1
1985 5766 1
4130 8974 1
5687 9006 1
6353 6615 1
1845 7449 1
1931 6469 1
2504 3887 1
2180 3009 1
4568 6167 1
1168 2511 1
6623 7415 1
1700 5755 1
2436 5823 1
4695 6127 1
5803 7087 1
2381 3672 1
4939 8739 1
3100 3359 1
7520 9094 1
7185 9747 1
432 7731 1
4334 6121 1
6392 8421 1
4475 4848 1
6911 8986 1
4225 7117 1
4521 9919 1
5899 8488 1
4173 8647 1
5909 6732 1
1595 7809 1
5848 6456 1
1757 5134 1
2106 3036 1
1734 7594 1
4803 9201 1
1553 9276 1
2592 7625 1
3540 4920 1
2048 7003 1
117 5976 1
253 7557 1
492 9825 1
709 1192 1
294 5114 1
5383 8729 1
6324 8263 1
4106 8714 1
5348 9674 1
594 8789 1
7616 7997 1
441 4760 1
2210 2985 1
7920 9162 1
3512 4750 1
2858 3960 1
6605 8663 1
2799 6763 1
15 3605 1
8397 9501 1
2877 3421 1
43 9036 1
272 2480 1
2278 8754 1
2314 4247 1
4456 7184 1
4043 7769 1
3137 9387 1
2332 8990 1
105 9133 1
4207 7611 1
7586 7946 1
2629 4258 1
473 5587 1
6519 6795 1
547 1372 1
844 9472 1
2393 5479 1
1584 7784 1
5491 9736 1
2571 9915 1
3784 6727 1
1903 9227 1
4138 8945 1
9475 9656 1
4468 6605 1
1051 4288 1
4253 7205 1
1625 4560 1
4586 8546 1
1169 8481 1
5281 7647 1
363 9549 1
2844 8734 1
2997 8976 1
9394 9667 1
361 6470 1
3697 6169 1
3685 4654 1
144 2271 1
5763 8330 1
6774 9357 1
5217 7073 1
2440 2642 1
5920 9445 1
2630 8401 1
5930 8443 1
8268 9040 1
274 8918 1
852 6680 1
5434 5795 1
1638 2893 1
2486 8652 1
8616 8999 1
3039 8047 1
9274 9908 1
1846 4505 1
4965 9639 1
1228 3180 1
1694 2421 1
3714 4429 1
770 4022 1
2277 8663 1
1344 6738 1
8622 9164 1
5938 7930 1
4513 7263 1
48 6481 1
3212 8914 1
994 9365 1
3332 9962 1
63 5823 1
1906 3997 1
2434 6368 1
4230 4696 1
3676 5076 1
1976 6456 1
7989 8470 1
120 9740 1
3417 7067 1
1362 4284 1
2224 9941 1
2281 4059 1
5068 6734 1
3960 5774 1
4615 5446 1
6754 9620 1
3077 3212 1
3304 4157 1
2094 7616 1
1846 9766 1
3735 9039 1
6615 7741 1
4103 6991 1
7205 8738 1
4824 5061 1
42 6824 1
1501 4069 1
3949 6524 1
3283 8915 1
420 7184 1
1193 9551 1
2413 4336 1
3400 8187 1
2373 4937 1
1483 3648 1
1022 6471 1
3900 9264 1
3535 7823 1
3747 6016 1
2253 3300 1
3980 5995 1
1258 8633 1
1217 8632 1
1657 8904 1
3048 9398 1
6412 7947 1
4987 7280 1
3734 5939 1
3748 9809 1
5919 8014 1
852 4720 1
1614 2037 1
4629 8511 1
4825 6171 1
174 8417 1
7476 8985 1
2166 5933 1
5691 8537 1
5787 8245 1
2236 5174 1
753 5091 1
4949 7146 1
852 5070 1
1838 1903 1
5026 9086 1
907 8941 1
984 8407 1
480 7184 1
1805 3675 1
289 7616 1
339 9423 1
1883 6749 1
603 9469 1
3292 8603 1
5716 6500 1
3264 6555 1
2574 6108 1
1163 1175 1
271 9639 1
5216 5396 1
945 9583 1
3631 5036 1
2210 5831 1
4771 8163 1
7813 9667 1
3429 5841 1
3632 7890 1
8375 8616 1
3486 9758 1
2297 3706 1
4909 7346 1
2278 5184 1
2556 9070 1
3981 7485 1
2785 6678 1
326 8006 1
1709 8639 1
4680 6705 1
2641 8619 1
1034 6780 1
4189 9851 1
473 2017 1
5722 7045 1
249 2309 1
1343 7535 1
2005 5934 1
264 5061 1
3937 9815 1
4878 7629 1
2440 7582 1
705 8941 1
304 7843 1
4444 6613 1
1479 5329 1
3858 6489 1
1568 4620 1
646 2884 1
4985 5247 1
7178 9627 1
1287 2126 1
3017 9256 1
4818 5484 1
2421 7690 1
2161 6073 1
7448 8175 1
1958 4024 1
5760 8626 1
901 7725 1
3117 7393 1
5467 9313 1
1259 1771 1
2141 8804 1
4968 5428 1
2594 9338 1
3061 9713 1
3175 4365 1
1329 4230 1
2313 3434 1
6048 6060 1
8022 9386 1
1434 9127 1
1580 4980 1
848 9003 1
4659 8995 1
5667 6341 1
5345 6290 1
6088 9781 1
1007 6781 1
4985 9919 1
5033 8647 1
2822 2907 1
86 5647 1
1650 7412 1
3212 7788 1
3030 3610 1
430 3767 1
6775 7678 1
2623 7393 1
2038 8460 1
6245 9206 1
1871 6068 1
3546 3877 1
2756 8676 1
2300 5427 1
32 9733 1
4337 6850 1
1892 3912 1
252 9507 1
1022 7439 1
1241 4359 1
1206 3584 1
3131 8738 1
5407 8457 1
1252 2239 1
2331 5679 1
1376 1551 1
6382 6821 1
1476 8548 1
8974 9028 1
9760 9937 1
135 412 1
4061 7332 1
1931 2712 1
1497 6392 1
3935 8159 1
2166 9934 1
3342 4612 1
131 6305 1
6509 6754 1
2407 3580 1
4320 9663 1
4487 5639 1
239 9810 1
8535 9516 1
383 4836 1
2468 7239 1
2974 7599 1
4844 8128 1
6636 9720 1
5466 7882 1
5445 7005 1
710 8614 1
818 7393 1
3865 6989 1
2086 8076 1
3106 6183 1
205 750 1
4640 9237 1
5271 7791 1
1164 2553 1
2698 8051 1
2474 6091 1
1805 6521 1
2548 2630 1
3398 9216 1
1082 1962 1
4014 5018 1
3938 4242 1
7246 7555 1
4218 6511 1
591 6074 1
885 7275 1
4288 4998 1
3283 5479 1
1323 8440 1
5299 6025 1
2319 3709 1
2193 7542 1
3480 7713 1
126 2712 1
3921 4423 1
5540 6087 1
6099 7771 1
1259 7866 1
2814 7071 1
2475 7605 1
852 9205 1
6836 7283 1
1024 7245 1
3028 4556 1
4301 5583 1
3198 4967 1
3814 7185 1
4607 6821 1
9030 9821 1
1212 4263 1
3961 9864 1
2426 9591 1
769 8389 1
2342 2538 1
910 3144 1
4344 7350 1
1985 3432 1
1678 8385 1
4109 5763 1
7306 8336 1
1640 5649 1
6943 7530 1
4802 7447 1
506 4222 1
6896 9404 1
8238 8316 1
2621 8719 1
2125 4351 1
1798 3956 1
325 2117 1
77 2015 1
5092 9845 1
773 3970 1
3044 9761 1
341 8477 1
1447 6358 1
5354 8310 1
5479 7258 1
3165 4803 1
97 388 1
2058 7451 1
5751 8885 1
1013 4561 1
15 5459 1
1496 3217 1
3352 8012 1
1163 4505 1
3671 7765 1
371 8477 1
1250 7133 1
4870 9809 1
7299 8804 1
1343 3160 1
1943 2401 1
2720 7920 1
2027 3792 1
1024 4346 1
2560 6507 1
688 4397 1
6298 9404 1
5644 6170 1
2041 2909 1
4188 6190 1
2175 2909 1
3754 9870 1
3031 7031 1
8643 9667 1
3032 3469 1
685 1066 1
417 7667 1
909 8129 1
4159 5610 1
1616 5547 1
2844 7555 1
24 8904 1
437 8319 1
4189 7704 1
3590 6621 1
3039 8962 1
2834 9496 1
1934 7519 1
666 9310 1
6390 8969 1
58 8673 1
5084 5550 1
7627 9585 1
479 6451 1
7134 9652 1
8331 9149 1
4556 9568 1
339 3438 1
2587 7525 1
288 6856 1
1313 7027 1
377 9557 1
3212 6796 1
9007 9139 1
8453 9519 1
2775 8515 1
5347 6310 1
852 9823 1
4393 5790 1
4680 9230 1
165 6641 1
934 4937 1
4750 5273 1
7298 9652 1
2742 3090 1
6434 7332 1
2181 4743 1
1880 5569 1
1976 5277 1
1477 4398 1
2819 8972 1
4240 5925 1
391 3197 1
4828 8347 1
1373 5738 1
924 7632 1
1464 5102 1
447 6512 1
533 1560 1
3268 5765 1
2516 3686 1
2237 4271 1
1342 5112 1
1280 3480 1
7914 8056 1
89 7935 1
2845 8291 1
3294 3953 1
216 348 1
9229 9494 1
6987 9359 1
1092 1150 1
6551 9960 1
925 1976 1
7161 9889 1
1292 9317 1
853 6237 1
3117 4441 1
2015 7433 1
764 4475 1
3706 8219 1
404 1688 1
4514 6443 1
4049 7804 1
1501 8151 1
8278 8309 1
1912 2767 1
6736 6865 1
280 8977 1
5383 6074 1
4748 7778 1
3672 8985 1
4980 6623 1
3049 5596 1
2917 3979 1
1151 9435 1
3625 6695 1
523 9866 1
62 2109 1
7257 9196 1
2171 5852 1
72 545 1
1080 4307 1
6029 6599 1
4475 7804 1
3733 7167 1
1885 6397 1
3829 7629 1
5477 7025 1
986 7274 1
2705 3692 1
2041 4466 1
6421 6830 1
922 7289 1
8511 9577 1
729 3676 1
1438 1921 1
2659 9174 1
999 5257 1
4818 5110 1
2242 9825 1
2185 6285 1
604 5667 1
3833 8687 1
440 540 1
3662 8805 1
4526 4709 1
3822 8528 1
2242 6792 1
454 6073 1
77 9533 1
2701 4108 1
6209 6543 1
5440 5803 1
4848 8143 1
4075 5187 1
2003 5463 1
3567 4222 1
1705 3554 1
5306 5988 1
157 7957 1
7153 7287 1
5358 7841 1
3813 6880 1
6316 7544 1
3802 8411 1
2277 8102 1
5642 8539 1
4086 9109 1
495 4919 1
1966 9903 1
2126 7906 1
4538 8452 1
2599 5120 1
279 7546 1
420 8717 1
370 6910 1
1588 7476 1
1457 6993 1
414 7182 1
8162 9557 1
242 3692 1
4337 7415 1
5457 7446 1
395 8660 1
5412 5983 1
2798 9652 1
2029 8912 1
52 5288 1
1841 8861 1
795 9533 1
5129 6826 1
3735 8478 1
8981 9825 1
6237 7786 1
3162 8616 1
1465 3097 1
3626 7030 1
2941 6927 1
5067 6887 1
698 8819 1
1933 8800 1
5135 5301 1
3992 9982 1
386 4760 1
5590 8325 1
4351 4438 1
5347 6123 1
4103 4336 1
3401 4818 1
6322 9937 1
4336 9233 1
2844 9596 1
5322 6066 1
7431 9055 1
5626 8921 1
7830 9326 1
6775 7438 1
7236 8587 1
2382 6532 1
2824 6877 1
843 8769 1
881 2645 1
1660 6547 1
2331 4500 1
7415 7771 1
7489 7720 1
321 736 1
2676 7918 1
7996 9214 1
3027 6455 1
9168 9435 1
2192 2621 1
2665 7005 1
3957 4110 1
3320 4987 1
5207 9095 1
918 6849 1
1885 3632 1
9496 9651 1
8462 9394 1
4802 4845 1
5518 8987 1
5127 9331 1
4241 7252 1
5132 7231 1
1187 1789 1
1245 4211 1
5161 5717 1
4352 9520 1
699 8616 1
8159 8804 1
2572 7164 1
5344 8053 1
1242 7323 1
6199 8567 1
5507 9737 1
3451 5820 1
2897 8452 1
3750 4167 1
3961 8551 1
1860 9587 1
8102 9209 1
215 5012 1
3167 9444 1
801 6799 1
135 4494 1
5639 8351 1
1358 5404 1
2440 9115 1
3720 7149 1
5568 6606 1
2333 7713 1
349 5362 1
1763 7560 1
2793 4665 1
1680 3361 1
95 7697 1
8772 9569 1
6265 9163 1
3235 9736 1
332 9330 1
6017 7341 1
45 5890 1
4437 7325 1
1591 4043 1
2004 3458 1
4068 4984 1
288 2615 1
3880 5687 1
5270 7299 1
2851 3330 1
1292 5881 1
6775 8861 1
4304 4702 1
5403 7828 1
606 8559 1
4436 8793 1
2029 2175 1
1411 3294 1
3441 3546 1
3802 6935 1
696 8452 1
4125 4178 1
412 8693 1
374 8401 1
164 8591 1
16 2277 1
492 6178 1
2694 5194 1
2782 5795 1
906 4475 1
6288 7403 1
5708 8814 1
2057 7791 1
92 2272 1
4717 8439 1
907 9803 1
2676 3864 1
2361 2540 1
4635 7848 1
1397 3022 1
5724 6314 1
7415 9544 1
1455 2438 1
338 9094 1
1088 4896 1
5308 5847 1
3073 3685 1
526 9330 1
5600 7187 1
2933 9532 1
1790 6107 1
8682 9221 1
3321 4918 1
577 3633 1
2901 4332 1
4647 7269 1
4241 6581 1
506 949 1
5774 6027 1
7376 7522 1
3804 5826 1
1622 3490 1
1374 5640 1
2005 2474 1
696 4264 1
3011 9573 1
7853 8615 1
2846 5564 1
2042 9711 1
2844 4737 1
9516 9797 1
2818 3516 1
4667 4888 1
6043 9046 1
1599 2725 1
811 5153 1
4613 6345 1
2980 8947 1
6777 9041 1
4449 6880 1
5392 9493 1
8831 9879 1
97 9947 1
97 3531 1
7569 9206 1
1380 9218 1
1342 2510 1
5500 8245 1
1295 6636 1
6343 7244 1
2504 9368 1
1767 9075 1
654 7771 1
2975 6509 1
9481 9587 1
2280 7381 1
293 9485 1
7813 9724 1
7806 8745 1
3733 8753 1
6823 8985 1
1431 5369 1
493 656 1
2746 9251 1
6760 7882 1
3398 5272 1
3662 7008 1
5381 9842 1
6876 8996 1
1718 9748 1
1019 9747 1
6535 8703 1
3438 5048 1
565 1663 1
3555 6387 1
4737 7296 1
4771 6126 1
1134 1591 1
963 1709 1
3662 7947 1
2953 3286 1
5869 9781 1
2144 8809 1
437 5046 1
7367 8452 1
2524 2614 1
6756 8298 1
4328 8939 1
1059 4800 1
7270 8519 1
524 1258 1
2948 3881 1
5518 5767 1
7 739 1
454 6154 1
2524 3553 1
6216 7795 1
7289 9700 1
7664 9577 1
6599 9253 1
169 8614 1
2091 3671 1
1700 7987 1
5626 7929 1
392 1489 1
3191 9651 1
8346 9382 1
6262 9833 1
2735 7156 1
2766 6469 1
2306 8928 1
3956 4987 1
525 9188 1
2942 3662 1
4938 5084 1
1157 8876 1
586 9841 1
2742 9266 1
5610 6645 1
8001 8566 1
479 1084 1
2731 6633 1
2884 7629 1
2844 6510 1
3 4538 1
5944 9150 1
178 5293 1
4094 6799 1
1200 2537 1
7123 9007 1
215 6114 1
5483 7220 1
1603 9343 1
7191 7421 1
5491 8801 1
1902 9410 1
3557 6567 1
4675 9935 1
5795 9966 1
3923 7856 1
6271 7451 1
4538 8883 1
3217 4432 1
3346 7286 1
1367 9251 1
7786 9701 1
7400 7945 1
2094 4103 1
86 1166 1
1138 8610 1
3844 7913 1
4050 7789 1
6345 7750 1
7212 9587 1
579 7865 1
3858 7030 1
191 3784 1
89 3507 1
2184 6598 1
1367 4124 1
5092 5096 1
6110 7102 1
3952 5352 1
857 2332 1
2742 8811 1
4633 7965 1
1285 2779 1
4309 7087 1
7485 8783 1
1086 7265 1
630 4770 1
3228 4540 1
936 1844 1
5042 7611 1
8526 9460 1
1122 8615 1
5781 7950 1
7286 7792 1
3227 7698 1
1431 2954 1
3480 9864 1
4273 9500 1
3576 3910 1
3032 7230 1
1602 6219 1
2280 5905 1
3885 4665 1
6132 9870 1
6235 6585 1
5674 8992 1
1844 5752 1
392 818 1
5612 7360 1
1723 7677 1
2654 4803 1
47 1537 1
3075 6553 1
2054 6501 1
1397 2030 1
2740 3796 1
8 828 1
1848 7564 1
1263 4659 1
3673 5132 1
1090 3950 1
3227 6543 1
930 6701 1
5382 8187 1
4888 9372 1
1097 6060 1
839 1106 1
4624 6293 1
1728 7620 1
3632 4727 1
2087 3766 1
803 8996 1
5096 7042 1
2632 7272 1
1143 5654 1
4675 6231 1
5335 7967 1
3945 4665 1
7257 9440 1
1 8493 1
4125 9736 1
723 7697 1
861 2935 1
7123 9625 1
8957 8999 1
3649 6774 1
3590 9577 1
739 5197 1
4438 4948 1
3853 6015 1
785 9514 1
697 7415 1
4651 5995 1
1786 5881 1
3689 4106 1
4950 6062 1
607 6209 1
8239 9133 1
9435 9940 1
101 4351 1
5051 6868 1
3311 7129 1
700 2236 1
1346 8992 1
5847 6021 1
8460 8543 1
298 2421 1
449 9006 1
2744 4049 1
3200 9018 1
5827 9718 1
423 1369 1
3650 9978 1
2291 5235 1
4569 5589 1
3048 5214 1
4176 9270 1
8378 8918 1
2497 5111 1
4806 7222 1
3773 9819 1
7052 8230 1
3864 9183 1
4134 9044 1
8707 9359 1
3886 9696 1
1654 7051 1
6520 6679 1
1616 6759 1
2206 7756 1
1774 8099 1
1229 3869 1
86 8550 1
3486 9762 1
270 4695 1
7697 8907 1
376 3401 1
7998 9801 1
3352 5975 1
279 3468 1
2261 2740 1
1655 9346 1
3817 7997 1
1885 9808 1
4524 9579 1
3636 6673 1
274 6507 1
4193 7530 1
165 7503 1
1753 2684 1
6555 7023 1
5032 5067 1
3509 8029 1
1477 5260 1
1781 8115 1
2674 8921 1
5050 9810 1
3866 4102 1
3599 3758 1
2904 9383 1
4320 8244 1
796 5276 1
7245 8409 1
5832 6813 1
3697 9019 1
3922 5165 1
4763 5781 1
2108 3033 1
2094 7299 1
1101 9295 1
8460 8677 1
5600 8907 1
5216 7978 1
2630 7279 1
2446 3028 1
1059 9069 1
2922 9373 1
1744 2756 1
1028 1088 1
6545 9314 1
1210 2822 1
2440 2459 1
1457 5143 1
857 1206 1
1023 8823 1
7754 8636 1
2747 5585 1
543 4988 1
691 5640 1
953 8269 1
8353 8406 1
3131 7453 1
4485 5436 1
3667 7433 1
2413 4958 1
5587 8271 1
780 7560 1
114 7699 1
4938 5381 1
4230 9990 1
426 8725 1
3953 8958 1
3273 9199 1
2456 2561 1
3137 9338 1
1012 5816 1
4955 8179 1
2923 4656 1
1488 9717 1
2467 8577 1
6749 9652 1
1166 3250 1
1756 6499 1
4309 4806 1
1238 3126 1
5114 9929 1
6821 7276 1
1664 7664 1
4451 9585 1
339 8167 1
3665 8676 1
530 5291 1
2281 6320 1
304 4948 1
2152 4220 1
1902 3291 1
4491 7671 1
2963 6125 1
4437 8374 1
1739 4990 1
6842 8503 1
3249 3486 1
1917 5262 1
2077 4985 1
3714 8918 1
7672 9869 1
1905 4878 1
95 236 1
1712 7489 1
4057 6813 1
6734 6876 1
6085 8682 1
3580 9103 1
3033 7244 1
3578 9030 1
8017 8591 1
3731 9272 1
1499 9825 1
6002 8647 1
219 5375 1
62 1227 1
5468 8713 1
573 1931 1
2687 9236 1
1379 9908 1
794 2839 1
885 9373 1
5816 8642 1
178 2341 1
6313 9448 1
922 9440 1
108 9681 1
306 4970 1
5165 5679 1
2584 5324 1
3315 4082 1
350 9214 1
5701 9823 1
4316 6111 1
2575 3518 1
6344 7980 1
5439 9823 1
183 3624 1
4429 9960 1
3035 4442 1
3835 9221 1
4117 8153 1
4242 7101 1
5174 7081 1
3515 9216 1
2753 6449 1
1170 5196 1
1106 5935 1
3807 4140 1
192 5780 1
42 9219 1
1947 8271 1
825 7413 1
832 2168 1
3903 8574 1
1735 3662 1
2421 7373 1
3142 5443 1
910 5242 1
4069 7523 1
6304 7241 1
2923 6079 1
6942 9218 1
1900 2948 1
4739 5813 1
0 5960 1
3483 7584 1
2733 7086 1
3442 5331 1
2287 9251 1
2109 9888 1
5158 6147 1
5072 8093 1
9690 9871 1
1698 2440 1
1090 8219 1
5672 8088 1
3920 9278 1
288 1115 1
2712 7148 1
1845 5119 1
117 6895 1
2447 3467 1
307 2296 1
1998 9498 1
52 1023 1
3491 7825 1
5934 9936 1
3300 8257 1
3393 4284 1
5540 8319 1
7054 7715 1
1472 6419 1
1112 3632 1
3364 9181 1
2146 2199 1
1891 3370 1
1003 8600 1
8451 9717 1
2935 4345 1
5395 6625 1
6112 8895 1
6093 8653 1
3500 9981 1
3705 6441 1
193 6516 1
3197 7728 1
1807 3672 1
1972 6183 1
6516 7258 1
5820 8494 1
6854 7253 1
2912 7744 1
8249 9209 1
284 5853 1
4374 5260 1
6913 7833 1
4024 7133 1
2432 4074 1
2616 5881 1
126 3200 1
3577 5101 1
6398 6606 1
1259 1938 1
2697 4530 1
568 9934 1
2041 2913 1
1824 4376 1
53 9488 1
6789 9645 1
9070 9708 1
5438 9681 1
8361 9019 1
3564 7498 1
5003 8972 1
280 9652 1
5084 7648 1
8547 9374 1
3203 6738 1
56 8446 1
61 8790 1
3686 5394 1
252 2908 1
869 7014 1
594 6809 1
155 1255 1
6777 8480 1
358 1614 1
5189 6883 1
2162 8693 1
8996 9385 1
4054 7483 1
2048 2929 1
2082 8175 1
1051 9879 1
442 6388 1
6073 9266 1
3100 3957 1
1591 4905 1
818 5921 1
8877 8912 1
5563 9726 1
1931 2529 1
3833 5979 1
2496 8165 1
2482 6015 1
8099 8995 1
6191 7982 1
3692 8191 1
6825 8497 1
4951 6314 1
7305 7444 1
4032 8259 1
231 4259 1
2703 5610 1
179 2379 1
6156 8146 1
6314 9486 1
2682 8705 1
3554 6914 1
1880 8017 1
863 8673 1
5321 9230 1
1551 6795 1
2829 7412 1
732 3494 1
4718 6493 1
989 4813 1
506 1461 1
1374 2180 1
1625 5963 1
5983 8568 1
7123 9251 1
6961 7203 1
817 2262 1
1737 9587 1
3062 6832 1
918 3068 1
6219 8286 1
7378 7491 1
7438 7542 1
2182 5507 1
1316 9530 1
6068 7336 1
392 3961 1
3294 7340 1
3065 7288 1
7239 7332 1
2540 8598 1
1926 4763 1
281 2632 1
3028 9850 1
7156 9549 1
1237 7170 1
757 6533 1
1331 9249 1
139 7652 1
5175 9189 1
653 1457 1
4524 7916 1
1153 8196 1
8763 9109 1
2576 5784 1
4455 5867 1
3675 4938 1
2314 5784 1
6567 6875 1
4394 5591 1
1221 7576 1
5746 9163 1
2294 9481 1
498 4737 1
3051 9460 1
2189 7967 1
16 9689 1
174 3859 1
5793 8420 1
6231 7865 1
2594 6740 1
1556 7273 1
1772 5585 1
1502 1560 1
392 2217 1
2245 5805 1
2473 9604 1
3909 9841 1
1488 2793 1
3907 5072 1
6064 9041 1
235 9588 1
6296 7886 1
1652 4887 1
5590 6906 1
268 8947 1
2398 6397 1
2945 9010 1
4650 5530 1
1477 8269 1
3829 4600 1
6112 8708 1
6888 8929 1
2504 5103 1
5152 6680 1
169 1771 1
351 9921 1
1139 9213 1
280 7237 1
2830 6027 1
700 5379 1
189 3177 1
3893 7244 1
1501 9794 1
5845 6085 1
2 318 1
5356 6860 1
490 3290 1
2564 3060 1
1086 3321 1
7242 9807 1
6147 9052 1
4695 8282 1
4492 5479 1
6027 6506 1
6527 6829 1
415 6499 1
8059 8494 1
1858 9435 1
4272 7398 1
710 8110 1
2687 6284 1
1319 9157 1
216 8541 1
2843 9241 1
1102 4204 1
6451 7184 1
2463 9774 1
610 4496 1
5611 6978 1
530 3978 1
1400 7244 1
8409 8499 1
1200 6432 1
1678 2270 1
952 2166 1
1898 8460 1
5683 9483 1
7904 9495 1
3639 4637 1
3201 6855 1
1276 6427 1
5513 6793 1
694 4759 1
7266 8457 1
2770 5356 1
2041 7398 1
2115 7347 1
4140 9699 1
6719 9227 1
2583 9667 1
1623 4441 1
3388 7620 1
1774 7054 1
1184 1361 1
1471 4801 1
629 6966 1
5976 8365 1
6124 9017 1
3882 8128 1
4460 5890 1
3734 5032 1
73 103 1
971 3697 1
745 910 1
1457 1870 1
4951 6127 1
2365 5428 1
3184 6285 1
2709 5992 1
3910 4699 1
1150 2127 1
903 5633 1
1956 4442 1
5572 9628 1
2442 9031 1
479 1141 1
1205 5971 1
2609 5007 1
3859 8302 1
476 7259 1
2909 8682 1
861 8790 1
1565 3281 1
5692 7451 1
8789 8854 1
1712 8404 1
4284 4509 1
791 7270 1
3413 5182 1
6580 7324 1
6358 8443 1
3070 4062 1
1463 6387 1
1132 6782 1
4078 5572 1
1323 1654 1
3064 4247 1
1517 1897 1
2005 9565 1
6112 8387 1
3182 3714 1
914 8774 1
2029 8461 1
926 7845 1
1497 2184 1
3188 9386 1
4227 6045 1
873 5740 1
21 8907 1
367 7100 1
807 5120 1
3651 7575 1
2185 6907 1
3768 8914 1
779 9488 1
1505 7148 1
750 2142 1
4239 4335 1
4920 6948 1
8385 8747 1
1900 9929 1
357 3379 1
2867 6712 1
1172 9190 1
7717 8059 1
3113 3735 1
2906 6640 1
5308 8750 1
2319 4628 1
4726 7082 1
7074 9121 1
3645 6979 1
4075 5809 1
756 6279 1
4718 8884 1
2942 7236 1
4743 9880 1
354 5710 1
7575 7602 1
4879 5045 1
1205 9488 1
7182 8839 1
4358 7036 1
953 5480 1
1761 3704 1
4068 4988 1
535 4940 1
953 8863 1
6899 9655 1
2054 2236 1
9017 9754 1
3480 9921 1
2957 3730 1
3662 7683 1
1314 6398 1
3330 6944 1
6365 6715 1
484 2908 1
5396 9105 1
6599 8639 1
7624 7844 1
6060 6641 1
337 1168 1
466 7994 1
8826 9405 1
9681 9919 1
858 6532 1
23 9868 1
4739 8017 1
2616 8540 1
2516 4926 1
1643 5526 1
3456 9685 1
1364 6111 1
4378 8977 1
7082 9897 1
5823 6324 1
6392 9450 1
907 9807 1
1110 8446 1
2761 8113 1
3000 4157 1
4220 5358 1
6279 6540 1
4782 6559 1
1551 2904 1
949 4556 1
105 7584 1
4233 7283 1
3830 6112 1
2679 4516 1
1474 8319 1
4702 6041 1
5473 5918 1
1130 6065 1
1517 4259 1
957 9520 1
5084 7274 1
342 3740 1
4733 6293 1
4433 6755 1
6809 7644 1
2127 8325 1
43 8776 1
1241 3802 1
721 1292 1
3033 5394 1
2162 8319 1
2666 3880 1
185 4695 1
4398 6919 1
7602 8219 1
809 1112 1
2147 8196 1
767 9746 1
4425 8742 1
3740 8639 1
6813 8702 1
3126 4804 1
2236 5235 1
4760 5056 1
2210 4014 1
2917 8602 1
5752 9251 1
7505 9949 1
922 7590 1
834 5491 1
1811 7688 1
1902 7052 1
4443 6288 1
126 5404 1
2569 8269 1
5189 5354 1
6322 9754 1
4667 6181 1
5510 7624 1
3872 4220 1
5654 6622 1
375 5327 1
1977 7576 1
1034 8935 1
5080 9733 1
6152 8030 1
1200 5440 1
2724 9496 1
3035 6914 1
3534 8547 1
4344 7598 1
987 7776 1
1897 7997 1
3662 7012 1
1076 6313 1
4049 5206 1
2280 7735 1
9200 9699 1
4825 5427 1
1238 2699 1
3414 4466 1
5518 7865 1
5296 8984 1
3422 9245 1
3544 3758 1
1505 5672 1
1407 5137 1
4767 9394 1
5642 8840 1
5654 7911 1
6944 8353 1
3028 3060 1
1939 7068 1
4762 8646 1
1364 8823 1
2665 4728 1
2599 8804 1
1097 8479 1
493 5332 1
4165 4226 1
983 9131 1
1499 6015 1
1531 8182 1
1142 6909 1
216 3711 1
5837 8153 1
1434 8249 1
7833 8986 1
1324 5610 1
2578 9805 1
5826 9657 1
2510 7392 1
5898 6527 1
4826 8230 1
2345 2629 1
5693 7815 1
204 8962 1
6555 9308 1
2504 6823 1
7290 8185 1
358 3952 1
428 3193 1
1405 4636 1
288 2432 1
0 1211 1
5989 6803 1
2560 4661 1
1737 6314 1
4797 7835 1
717 5174 1
4371 9124 1
2716 6305 1
333 4245 1
837 9440 1
1969 4570 1
7012 9530 1
7602 8837 1
420 6119 1
3777 6695 1
3388 4668 1
313 3778 1
3690 7450 1
2857 6695 1
839 3070 1
1281 4169 1
4144 5176 1
716 8332 1
8615 9156 1
6287 6995 1
2996 3097 1
4921 8251 1
7367 9879 1
794 4990 1
5130 7836 1
3117 4555 1
3256 5653 1
7187 8191 1
3314 9041 1
399 9564 1
3198 4894 1
743 1268 1
4187 6162 1
3483 5063 1
2743 5253 1
6738 7806 1
926 3604 1
2493 2634 1
1756 5751 1
5526 5742 1
414 3429 1
4154 7153 1
2542 4216 1
653 3445 1
7354 9243 1
1860 7794 1
922 9497 1
6178 6836 1
1169 3712 1
5632 7831 1
4572 7851 1
5091 8416 1
4234 5577 1
163 3968 1
3571 9205 1
2213 9760 1
2451 2758 1
2621 9585 1
577 4739 1
931 5237 1
2901 5438 1
5179 9956 1
4783 9202 1
342 2398 1
3434 3457 1
4373 4608 1
3032 7584 1
4971 6220 1
910 5299 1
473 7018 1
2088 9472 1
6737 9809 1
906 1393 1
5727 5974 1
684 9682 1
1902 3832 1
4746 7041 1
5248 8191 1
577 2645 1
2087 2831 1
636 4915 1
2329 2364 1
1052 4601 1
6145 6672 1
2313 6557 1
3022 4802 1
5198 7323 1
5781 9593 1
8718 8829 1
2192 5284 1
7376 9917 1
5423 9885 1
6228 7838 1
849 6901 1
1265 9031 1
2230 4987 1
248 1773 1
3265 4156 1
765 9647 1
183 6259 1
991 8647 1
3178 3221 1
315 3934 1
4318 6348 1
1503 2379 1
2727 3699 1
4253 9336 1
5392 6411 1
619 7728 1
3454 4967 1
285 6162 1
997 7122 1
5584 9587 1
1339 3853 1
498 793 1
4878 5409 1
5659 5974 1
3978 7596 1
5318 9845 1
1132 4314 1
6749 7294 1
505 1183 1
1778 2210 1
5446 5866 1
2332 3550 1
2923 9653 1
3184 9428 1
1840 6471 1
3017 7036 1
1291 3031 1
1523 4320 1
614 4509 1
1550 6143 1
4268 6769 1
7776 9204 1
3354 9058 1
6023 9260 1
4679 5549 1
5114 5477 1
5764 7279 1
7830 9440 1
3408 9294 1
7520 8460 1
732 9833 1
971 8129 1
546 6445 1
1332 7354 1
7920 9333 1
5683 8788 1
6115 9199 1
5344 9322 1
4771 9460 1
3453 7724 1
607 7852 1
1488 9587 1
1878 8052 1
1608 4027 1
7189 7542 1
3256 4177 1
86 9843 1
5091 5651 1
2405 3782 1
7231 8707 1
2804 8217 1
2575 4193 1
1477 8647 1
5809 5867 1
3911 8952 1
1232 8062 1
2015 7010 1
349 804 1
5218 6365 1
7138 7203 1
1264 2123 1
1131 4223 1
165 8796 1
1328 3047 1
6677 9245 1
6668 7439 1
1694 4336 1
1883 7241 1
5577 6648 1
713 5403 1
4665 5600 1
2461 9167 1
5145 6237 1
1132 4798 1
8833 9047 1
9177 9611 1
1006 3935 1
1599 4449 1
2590 5790 1
578 6117 1
1404 1729 1
7420 7424 1
1286 9587 1
3578 5867 1
1048 7729 1
3465 9373 1
3558 5400 1
2691 7535 1
203 3961 1
6008 6992 1
506 1518 1
4213 7546 1
3210 8100 1
5875 9092 1
3826 3902 1
1205 7154 1
5766 7644 1
4988 5098 1
5509 6490 1
6333 7691 1
2496 4034 1
1310 8079 1
2733 5667 1
2798 6062 1
4214 4923 1
119 9336 1
1220 9125 1
6810 8030 1
5621 5950 1
856 8848 1
3829 8495 1
799 6062 1
40 6010 1
2129 3459 1
5296 9765 1
2961 8685 1
4523 9815 1
5960 6547 1
3126 8752 1
8346 8878 1
2071 9116 1
5600 6012 1
5553 7886 1
2143 6740 1
1131 1324 1
2163 5672 1
3997 5046 1
2665 8542 1
9755 9951 1
7243 9201 1
94 7185 1
4913 6213 1
37 235 1
487 9331 1
165 9280 1
2773 7294 1
6603 7528 1
8705 9346 1
126 6319 1
348 9172 1
243 7658 1
91 9516 1
5518 7491 1
2460 6016 1
1376 9614 1
1450 9563 1
371 6123 1
1768 8152 1
2587 2593 1
3073 7182 1
3603 3964 1
1602 6170 1
1968 4241 1
2171 2880 1
3 1940 1
1035 6288 1
2346 6853 1
1945 6509 1
389 9331 1
5740 9940 1
3918 3975 1
3360 5899 1
4256 6222 1
1236 9203 1
486 7951 1
8008 9017 1
2218 4574 1
4955 9606 1
4444 6650 1
3200 4863 1
7274 9961 1
4683 8918 1
411 1361 1
3769 4791 1
1457 2382 1
882 1885 1
1527 1623 1
3459 4750 1
1428 7279 1
1865 7280 1
3237 8286 1
5971 8883 1
957 8825 1
315 2942 1
5179 8159 1
2250 8784 1
3148 9934 1
8370 8443 1
2781 5976 1
6170 8719 1
5287 6157 1
261 7028 1
1183 6320 1
1986 6644 1
319 4754 1
1991 5298 1
2032 5299 1
5712 8780 1
211 8604 1
58 1192 1
2840 3523 1
4220 6891 1
2966 3662 1
105 9117 1
1678 3266 1
2815 9128 1
6106 7364 1
3408 3980 1
794 7649 1
3287 5905 1
2081 8574 1
288 9763 1
1288 2522 1
8595 9850 1
723 8937 1
4350 7122 1
2875 4648 1
807 5632 1
6517 7083 1
2935 4699 1
7052 8181 1
5584 9884 1
6090 9490 1
2274 2738 1
1577 3564 1
3244 6208 1
1318 7245 1
217 1602 1
4783 6600 1
1129 2650 1
9127 9307 1
3747 5516 1
4920 6871 1
2236 9801 1
639 8650 1
2351 6341 1
3617 7887 1
775 3061 1
2496 2558 1
6726 8361 1
2015 8112 1
21 909 1
105 1546 1
4014 6799 1
7508 9336 1
8721 9558 1
3685 8021 1
183 8784 1
3032 5921 1
2834 5182 1
3028 8431 1
573 2553 1
4096 9992 1
3346 9494 1
5137 9730 1
5687 9608 1
2516 9976 1
3968 8494 1
1599 2168 1
685 4457 1
164 813 1
2556 6342 1
3279 4485 1
5605 9983 1
1150 9889 1
3731 3828 1
1744 1768 1
439 8373 1
1155 2127 1
5784 7447 1
6728 7252 1
3877 7036 1
2628 4905 1
2941 3150 1
5542 8853 1
1168 7435 1
907 2964 1
6858 7510 1
1748 3580 1
3730 5296 1
2181 9289 1
8038 8346 1
3578 7908 1
4984 5327 1
633 3893 1
1004 6280 1
1914 2529 1
6836 9414 1
2619 6290 1
294 7810 1
4377 8298 1
5846 6231 1
2880 6065 1
9125 9368 1
4556 9926 1
473 6994 1
7030 8906 1
4884 8479 1
1023 6680 1
696 6285 1
6119 8460 1
1551 6799 1
2764 2857 1
3853 7739 1
3663 9305 1
4021 7323 1
444 2277 1
294 5716 1
6314 6457 1
4746 5512 1
347 7979 1
9423 9560 1
8222 8409 1
1364 4879 1
7542 8650 1
293 7184 1
4728 9255 1
3281 4665 1
249 8575 1
2073 6507 1
5271 7962 1
1291 4751 1
6843 7336 1
3519 7462 1
62 5716 1
3290 3438 1
1700 7430 1
5026 5687 1
256 4269 1
6749 6920 1
1064 2493 1
2922 6425 1
4885 7145 1
4219 7284 1
3090 8453 1
2121 7837 1
2054 6615 1
6775 9272 1
2460 8057 1
2816 4686 1
6489 9440 1
61 7184 1
7299 8491 1
506 9520 1
3343 6832 1
4757 4866 1
3692 5296 1
3578 8392 1
6240 7423 1
3624 6293 1
3667 6929 1
1162 5660 1
4052 9214 1
1841 3474 1
3802 8285 1
4922 8316 1
683 707 1
4951 6802 1
3301 4327 1
5876 6365 1
4680 9722 1
4623 9188 1
3202 9983 1
3754 6524 1
215 2524 1
4430 8793 1
6185 7120 1
2176 9587 1
1945 2484 1
2461 7504 1
5797 6449 1
7784 8317 1
635 2329 1
1779 6918 1
6008 7423 1
7721 7968 1
3012 8546 1
431 8191 1
811 7658 1
1095 4973 1
4188 7166 1
4052 8059 1
7847 9770 1
1653 5466 1
4922 7161 1
4526 7161 1
2365 7392 1
1845 9608 1
2681 9880 1
6521 8358 1
4764 9204 1
6438 6603 1
5029 6469 1
1006 2622 1
223 5394 1
7074 8507 1
7079 8851 1
696 5614 1
1609 5544 1
5253 5396 1
1925 8032 1
4031 5088 1
426 7416 1
5049 7094 1
386 8017 1
3820 8059 1
319 379 1
6696 7019 1
1560 8284 1
1472 5431 1
6274 9770 1
1931 9917 1
8615 9884 1
943 5841 1
363 7252 1
7947 9196 1
3126 7089 1
5495 9251 1
2782 7279 1
2286 9327 1
2468 7089 1
5672 8389 1
1114 6662 1
7 9310 1
7445 8985 1
3025 3250 1
7877 9396 1
2923 7669 1
2123 4610 1
1276 8875 1
3697 4811 1
8452 8550 1
1276 6431 1
3346 3830 1
6043 9241 1
8734 9202 1
2688 3830 1
3930 4790 1
7691 9391 1
7247 8411 1
3233 7336 1
1457 3968 1
4800 8810 1
5101 5540 1
3566 5267 1
2458 4307 1
4404 5612 1
1668 1936 1
5699 6398 1
126 4656 1
4556 9389 1
953 9538 1
676 4342 1
1617 7074 1
5941 9314 1
3704 7079 1
6584 9945 1
2071 3265 1
5197 9570 1
154 446 1
1439 2988 1
2029 6237 1
6365 8329 1
637 5518 1
3806 6043 1
1488 8542 1
144 5585 1
7907 8992 1
2926 7162 1
3597 5869 1
517 3881 1
785 7079 1
976 8367 1
528 9897 1
7546 8986 1
3657 9303 1
2642 4370 1
7401 8073 1
3686 7789 1
763 8259 1
4796 7132 1
4395 6788 1
2676 7926 1
962 7156 1
5999 8329 1
2816 3210 1
4696 6901 1
1657 9640 1
2519 4155 1
1330 8491 1
105 2782 1
4446 5972 1
4351 9118 1
6178 6759 1
1023 7782 1
1018 7438 1
1288 5047 1
610 5923 1
2289 2912 1
2560 8101 1
2484 5073 1
6147 8385 1
3055 5828 1
2358 6654 1
120 811 1
1086 8481 1
2690 4949 1
3977 7564 1
8230 8463 1
3676 8390 1
1235 3127 1
3022 6819 1
3647 4427 1
3077 6526 1
1881 9883 1
4121 9945 1
1976 4293 1
7082 9767 1
1050 1095 1
3524 5525 1
4903 6948 1
2451 7003 1
3062 8877 1
2702 4370 1
126 6079 1
3154 5433 1
4686 9350 1
2654 3575 1
2253 3231 1
1086 7326 1
8722 9460 1
778 7173 1
3558 8677 1
1798 3590 1
8110 8115 1
3033 8297 1
4118 7553 1
1009 4827 1
3631 9155 1
5979 7996 1
6270 6482 1
1865 5751 1
2147 4683 1
1610 7676 1
4263 7153 1
4903 5793 1
531 1038 1
7934 8828 1
5790 9228 1
5377 6615 1
4802 8370 1
7018 8038 1
280 7054 1
1801 5177 1
4165 6995 1
741 5951 1
168 2117 1
6126 7642 1
5460 7781 1
6291 7709 1
4496 8263 1
2113 6203 1
475 9215 1
4026 5870 1
3174 9037 1
3417 6543 1
4526 7913 1
6310 7170 1
9699 9913 1
3011 4320 1
5693 7201 1
6783 8521 1
5097 5635 1
5026 9367 1
2524 7615 1
6763 8054 1
5228 7781 1
1209 2390 1
3031 9109 1
1231 6875 1
1657 4997 1
5530 5867 1
7393 9389 1
3014 9879 1
660 9503 1
1228 5823 1
2484 7435 1
4041 7467 1
8929 9106 1
2236 7333 1
5118 6862 1
264 4053 1
4775 9906 1
1007 4134 1
4388 5296 1
4178 5486 1
2784 6384 1
2259 4284 1
1361 7106 1
4263 9731 1
1994 2323 1
1782 4130 1
1075 4268 1
7528 9964 1
185 4699 1
6425 7658 1
6330 6832 1
1652 1805 1
1657 2903 1
6705 9927 1
3773 4619 1
1503 8852 1
488 3919 1
1118 1871 1
27 6742 1
3989 9347 1
6288 6606 1
3524 7298 1
1021 1938 1
4021 8104 1
48 614 1
1772 3792 1
1407 9329 1
1973 5768 1
5925 9937 1
5748 6103 1
6269 7495 1
799 6440 1
7005 9815 1
2091 9961 1
625 2877 1
1643 5075 1
108 8774 1
2236 5589 1
4259 7114 1
8803 8943 1
4309 6477 1
3266 9110 1
5327 8675 1
1206 7703 1
1526 4675 1
1565 8575 1
2764 8899 1
4818 9737 1
55 7046 1
4586 9579 1
768 8416 1
1237 4922 1
4798 6991 1
3451 7735 1
1694 8581 1
5780 8778 1
4182 6493 1
1310 7652 1
164 3956 1
1246 3695 1
0 1081 1
3222 7094 1
1448 2109 1
546 9885 1
880 2591 1
1050 3002 1
4680 7120 1
6803 9815 1
1263 4049 1
3035 8207 1
2899 5128 1
1980 2909 1
32 4187 1
100 2601 1
6855 6972 1
1481 8823 1
578 913 1
3547 9486 1
4369 7608 1
861 7802 1
6506 9420 1
4049 4405 1
3617 4748 1
4740 8460 1
3988 7135 1
8057 9637 1
2274 6365 1
3081 8151 1
1761 8998 1
3466 5518 1
949 1206 1
4796 7079 1
2817 5072 1
1537 3628 1
3940 8784 1
1189 6328 1
7749 8703 1
5613 6520 1
1883 5204 1
59 856 1
3421 9158 1
3794 8208 1
3565 4184 1
2426 3911 1
3515 8793 1
1292 1730 1
5428 8460 1
1364 8022 1
4695 6623 1
4576 5211 1
1897 2069 1
2817 9394 1
7844 9879 1
1805 2480 1
253 348 1
4024 5637 1
550 8448 1
1066 9496 1
4595 6392 1
207 5076 1
4940 9810 1
1925 6719 1
1968 5103 1
700 1976 1
2274 8593 1
5851 6469 1
9058 9730 1
1668 8783 1
4457 5869 1
873 2658 1
4973 6725 1
36 2161 1
528 9039 1
454 2674 1
4141 6572 1
4853 5088 1
7489 9314 1
1269 6041 1
190 9983 1
549 6883 1
881 1206 1
2510 7530 1
3401 7701 1
4564 8368 1
8855 9751 1
207 6365 1
2282 4108 1
4379 6336 1
4336 9672 1
497 7632 1
7054 9736 1
1832 8783 1
1120 4605 1
5222 5335 1
2312 3758 1
7530 9473 1
4137 7742 1
1671 9589 1
169 7012 1
1356 8265 1
2146 4220 1
3692 8789 1
676 6062 1
1168 2552 1
3195 5539 1
3692 6345 1
8418 9346 1
2286 5920 1
3943 7876 1
792 9620 1
438 4958 1
5114 6152 1
3092 5037 1
3723 9041 1
2386 4057 1
1973 8614 1
1276 9440 1
5101 5166 1
1656 8907 1
1828 5981 1
5438 7969 1
3679 4016 1
50 9922 1
1199 8439 1
4659 7450 1
1001 2038 1
4612 9324 1
665 6253 1
5195 7430 1
1979 6335 1
97 319 1
8527 9639 1
4556 5982 1
120 3686 1
6369 7697 1
4850 5705 1
1164 6351 1
6178 8129 1
3884 7804 1
2525 3061 1
6267 7420 1
7187 8329 1
1411 4538 1
108 5554 1
6240 6728 1
1510 1511 1
1544 5067 1
3225 7609 1
1492 2625 1
3135 4683 1
2870 5166 1
4043 6521 1
5459 9546 1
2808 4288 1
7393 9336 1
2268 8481 1
1088 5201 1
3481 8703 1
6499 6615 1
12 9414 1
423 8948 1
788 3219 1
1938 7034 1
2236 4247 1
4949 6219 1
902 5950 1
7065 8689 1
3352 6788 1
3577 9350 1
7648 8515 1
2498 7630 1
110 4472 1
631 1700 1
6723 8171 1
1995 2091 1
4505 6178 1
7027 9336 1
6650 7134 1
2835 9652 1
588 8419 1
1011 2860 1
1902 3031 1
6678 7647 1
179 9877 1
3044 6793 1
2182 5300 1
5726 7200 1
1435 4319 1
915 5781 1
1851 7415 1
1951 2923 1
803 844 1
2442 7856 1
4818 8745 1
1774 7168 1
6817 7432 1
3434 3945 1
2005 4068 1
7662 8921 1
2103 2913 1
2321 4304 1
8475 9209 1
4096 5727 1
2740 7671 1
1881 7415 1
250 1018 1
345 1844 1
1828 1927 1
4351 7939 1
65 2204 1
3676 3828 1
4193 9982 1
5924 7915 1
5003 9033 1
5803 7396 1
796 4345 1
5677 8977 1
1900 7815 1
3858 8945 1
4878 7052 1
2144 8175 1
2779 6471 1
4943 9921 1
6907 7833 1
6575 7094 1
4422 5496 1
2839 4243 1
9628 9888 1
4131 4758 1
292 9134 1
6879 7505 1
4626 4737 1
510 4109 1
4834 5440 1
6053 9614 1
898 9883 1
2863 5768 1
3888 8191 1
4912 6262 1
3130 8741 1
7612 9692 1
2584 9736 1
790 2621 1
4965 8525 1
975 4818 1
3736 9490 1
6342 7623 1
77 3853 1
2231 6615 1
295 5998 1
5212 5369 1
2481 8453 1
9251 9914 1
3965 7448 1
1303 5973 1
3330 6708 1
23 2277 1
1482 1774 1
4825 5862 1
2552 5660 1
6719 7731 1
3393 4024 1
688 8329 1
31 3858 1
9055 9221 1
1366 1599 1
247 4422 1
2157 4572 1
3287 5291 1
2502 7236 1
1700 6548 1
4043 5045 1
2652 7934 1
4243 6796 1
931 2021 1
1802 3068 1
1485 3361 1
3174 9736 1
1302 4408 1
65 7010 1
6152 6721 1
3246 6606 1
3609 7412 1
346 6471 1
3957 8095 1
5309 8661 1
1359 5881 1
7150 9014 1
4748 6904 1
1971 8889 1
3017 6719 1
801 7051 1
237 1051 1
3354 5358 1
2149 4465 1
287 3797 1
4542 5523 1
779 4259 1
2879 9414 1
1021 3792 1
2827 9978 1
5463 7034 1
3336 9101 1
1543 8038 1
2706 8705 1
1298 8207 1
7497 8159 1
1652 4009 1
2897 9404 1
1964 6755 1
3254 7197 1
1657 6046 1
5585 6623 1
2775 9414 1
1469 5995 1
688 5430 1
4728 9446 1
2950 9415 1
2434 2705 1
7862 9196 1
4796 7860 1
588 5199 1
935 9444 1
2277 2906 1
6356 8348 1
1261 9614 1
475 3043 1
917 7360 1
2391 5637 1
2391 3193 1
5429 9651 1
2967 5046 1
4618 4713 1
4705 9031 1
211 903 1
6091 7491 1
5724 5977 1
3869 9698 1
1739 5832 1
440 1894 1
2480 9250 1
6795 7055 1
732 3234 1
8252 9889 1
1092 9404 1
3215 5683 1
1587 9383 1
2470 5529 1
2888 5288 1
3937 9051 1
3202 7141 1
659 662 1
2434 2839 1
1383 2413 1
4846 9801 1
184 3752 1
3453 5447 1
3938 7182 1
1861 8804 1
342 8310 1
5470 8847 1
3191 8830 1
4225 5145 1
5427 9150 1
5335 7117 1
4397 4848 1
5383 8851 1
3289 4642 1
4894 5654 1
2286 5196 1
3714 9544 1
420 7038 1
1211 5847 1
8508 8515 1
5022 5839 1
7448 9289 1
6641 7503 1
5564 8108 1
7806 8997 1
3126 6341 1
1347 7428 1
8112 8515 1
4303 6906 1
6465 9529 1
66 5759 1
5322 5542 1
148 9733 1
8004 9921 1
801 4636 1
6601 7323 1
5207 8221 1
4524 8945 1
4301 6429 1
4709 5500 1
1565 9169 1
514 4579 1
4323 7908 1
4130 6547 1
61 5765 1
4481 5084 1
6623 8021 1
3471 4659 1
6454 8966 1
3486 4001 1
234 5693 1
5067 8591 1
5860 8227 1
2565 2867 1
1328 2059 1
918 3881 1
4104 6265 1
709 2953 1
1861 5905 1
1276 6972 1
6759 9952 1
3402 9376 1
7189 8782 1
4570 5691 1
4685 8647 1
1292 6162 1
984 1845 1
2942 2975 1
1963 7121 1
9125 9372 1
849 5592 1
3669 4243 1
7865 8772 1
1709 4760 1
6012 6123 1
3804 4818 1
8690 9794 1
5352 7770 1
3793 3905 1
2654 3632 1
23 8640 1
646 7865 1
7846 8880 1
4011 5296 1
5477 5964 1
5145 7477 1
6774 9829 1
4732 8062 1
5836 9280 1
9423 9564 1
2527 7994 1
450 3200 1
2728 7718 1
1551 7153 1
7270 7966 1
2131 3298 1
2846 5495 1
3938 9894 1
1397 4242 1
2592 9520 1
2176 3980 1
80 9524 1
1835 7851 1
2781 9981 1
2170 3411 1
4303 5296 1
6398 8387 1
2564 8411 1
1133 2102 1
193 9586 1
8677 9343 1
7629 9188 1
2262 9766 1
306 7019 1
1727 6224 1
3191 6065 1
1106 3662 1
2678 7200 1
4990 8828 1
4173 6354 1
383 823 1
6585 9152 1
1963 4222 1
423 7769 1
951 9386 1
402 4448 1
5687 8941 1
1840 7040 1
4188 8325 1
3481 8463 1
470 6080 1
6920 8849 1
1146 5131 1
3720 4315 1
5000 5759 1
2560 3165 1
4437 6585 1
1493 6178 1
2190 6106 1
385 5972 1
5727 7027 1
4999 8540 1
3612 8165 1
4837 7458 1
1098 3370 1
2440 9664 1
4405 7801 1
7888 9425 1
2180 3294 1
1808 7852 1
4415 7176 1
514 4258 1
2613 6559 1
8398 9877 1
4890 7442 1
4336 7822 1
2121 7036 1
1720 6692 1
2381 3957 1
2771 8838 1
272 9047 1
4749 6648 1
2942 5687 1
2907 8884 1
5049 6159 1
5429 5626 1
5405 9204 1
1169 8282 1
95 8596 1
6294 8548 1
248 7148 1
4643 8100 1
2005 7211 1
1109 4444 1
3456 4876 1
7865 8451 1
2313 3422 1
1406 6882 1
2003 2442 1
633 1482 1
7434 9204 1
354 2067 1
7587 9446 1
7191 9446 1
51 6230 1
1945 8099 1
1388 7242 1
4685 6232 1
6075 7844 1
3368 9070 1
4715 5882 1
4300 9050 1
6532 9251 1
3596 8705 1
2839 3064 1
3398 4748 1
1242 9295 1
2572 2720 1
3186 4111 1
2082 4024 1
4635 8747 1
351 6091 1
1660 6775 1
1192 4455 1
4375 7130 1
2195 7873 1
381 5933 1
2929 3896 1
3519 7145 1
6829 8841 1
793 8129 1
5870 9667 1
5266 6520 1
2238 5476 1
139 923 1
8507 9365 1
1976 9640 1
7504 9919 1
993 9880 1
2667 4835 1
361 8849 1
2037 6883 1
3425 3696 1
2614 5174 1
1265 5091 1
2261 7530 1
3408 7664 1
4623 8521 1
4237 4513 1
2401 5066 1
541 8443 1
6777 9940 1
315 2438 1
344 924 1
1956 7833 1
4291 4749 1
9251 9674 1
75 507 1
2652 3372 1
5778 8923 1
5881 8112 1
3766 5278 1
1361 3459 1
7455 7559 1
1307 6606 1
736 7571 1
1804 7412 1
4398 9692 1
2688 3968 1
5583 7866 1
91 7052 1
7439 8719 1
3177 5822 1
3466 3481 1
1086 5102 1
1358 7510 1
473 9039 1
106 7525 1
6152 6481 1
5799 7117 1
3614 7516 1
3782 7100 1
1241 1448 1
4697 7665 1
3026 4313 1
4223 7974 1
5257 5787 1
3068 4724 1
2734 9574 1
163 8217 1
562 7926 1
3545 5817 1
1527 2192 1
8758 8936 1
16 61 1
2844 9153 1
1034 8675 1
4857 9990 1
4972 9940 1
2262 7485 1
5008 7153 1
560 8038 1
3986 4247 1
3380 4437 1
2972 9338 1
35 3686 1
1189 8963 1
5905 7112 1
437 468 1
3165 5946 1
684 7515 1
4464 8194 1
801 1684 1
4784 5166 1
5114 9242 1
5890 9463 1
1993 7445 1
1010 1269 1
676 6119 1
6161 9926 1
3802 6008 1
8507 8694 1
6802 9730 1
441 2280 1
6905 8165 1
4207 7225 1
592 2449 1
1521 2912 1
9456 9809 1
4375 6809 1
354 591 1
6279 8642 1
3236 9919 1
743 6001 1
610 8855 1
1247 4780 1
739 8511 1
1668 8974 1
2903 5545 1
331 4744 1
5038 7503 1
291 3625 1
594 7598 1
1824 9487 1
115 9815 1
3680 6368 1
8463 9711 1
5438 8376 1
2652 5145 1
4455 8616 1
1472 1865 1
3646 6003 1
2820 8893 1
5473 8370 1
136 489 1
3673 8580 1
103 4513 1
8477 8828 1
5096 6168 1
3480 8185 1
7399 9962 1
3359 3694 1
2540 6809 1
1010 6880 1
5076 5701 1
4733 8745 1
2959 3760 1
4101 9966 1
1148 8507 1
1220 7629 1
943 2625 1
6564 7067 1
3465 9755 1
5746 9818 1
6178 9475 1
803 6028 1
2365 6404 1
1811 9790 1
2487 8087 1
1563 9688 1
1607 9206 1
5740 9249 1
5310 7975 1
3947 4022 1
876 2342 1
1626 7004 1
5366 7318 1
6259 8124 1
75 4508 1
3 2188 1
1577 2389 1
7191 8104 1
1501 5777 1
6508 8828 1
2858 4997 1
2484 4756 1
3647 9587 1
6515 6774 1
3022 3119 1
4190 8294 1
95 2127 1
7693 7941 1
3295 4217 1
7126 8059 1
500 3344 1
7611 9040 1
1718 7882 1
2819 3699 1
486 5166 1
594 4699 1
3181 8252 1
4891 9280 1
7833 8860 1
617 896 1
543 4919 1
4309 9864 1
548 3011 1
825 1599 1
527 6106 1
716 2595 1
9184 9955 1
798 3159 1
5481 9496 1
2558 3550 1
1023 3277 1
4309 6831 1
2141 6645 1
5542 6739 1
351 5099 1
1758 8570 1
2123 7005 1
4432 6672 1
6682 7422 1
545 3652 1
8017 9327 1
2236 4438 1
6219 7920 1
6547 7197 1
2199 7000 1
4902 9038 1
1127 8703 1
545 619 1
7444 8876 1
3996 6492 1
1647 7426 1
8799 9713 1
215 6342 1
798 8420 1
4024 5507 1
531 4104 1
6659 7788 1
5496 6929 1
2709 5008 1
6910 9127 1
7665 8471 1
3388 4542 1
3730 8443 1
2623 8617 1
541 7451 1
7786 9929 1
1019 4043 1
5288 5667 1
1960 9993 1
284 8549 1
348 7810 1
183 1327 1
3467 8972 1
6452 9188 1
1715 3746 1
7365 9118 1
5655 6400 1
7189 8892 1
257 4659 1
6795 9527 1
6781 7377 1
272 4001 1
428 2262 1
2871 4373 1
5216 5949 1
584 2775 1
1967 4906 1
2146 7123 1
7156 7439 1
855 7210 1
2897 8977 1
2918 3438 1
2649 8875 1
4268 6375 1
4337 5980 1
4521 8541 1
2236 7016 1
2630 8633 1
6754 7624 1
4896 7664 1
1343 3766 1
4572 6786 1
362 4833 1
3629 4173 1
1232 6379 1
1733 8647 1
5969 9569 1
3942 8834 1
9012 9955 1
1815 6205 1
2668 5892 1
4397 9414 1
3481 9378 1
4133 7089 1
3880 8895 1
5814 7187 1
184 747 1
10 7010 1
2319 2705 1
7876 7886 1
1154 1211 1
2926 5369 1
1059 4357 1
2860 7001 1
5886 9692 1
2720 6432 1
7245 8019 1
2930 3798 1
808 3957 1
7494 8723 1
7153 8430 1
3605 9040 1
5088 6679 1
3369 3845 1
2923 6010 1
6033 9338 1
4472 7844 1
1361 9017 1
1323 8725 1
5213 9010 1
215 1349 1
3465 5246 1
4547 4985 1
2597 5436 1
407 5491 1
426 1569 1
1327 6400 1
179 5075 1
5153 5734 1
6777 6988 1
8745 8806 1
7415 9719 1
3394 9917 1
6735 9206 1
4335 7731 1
6759 8102 1
1186 8612 1
8137 9889 1
1105 4486 1
7409 9150 1
2705 5908 1
5934 8928 1
1982 5513 1
270 7822 1
5208 8824 1
5328 9118 1
3 7478 1
4332 9153 1
1073 5702 1
163 3037 1
8113 8714 1
7886 9489 1
1487 8725 1
2481 9583 1
1244 2551 1
55 4635 1
2995 7552 1
2819 9578 1
5396 8471 1
4438 4826 1
780 5076 1
2063 6791 1
2142 7084 1
829 7412 1
8446 9304 1
2331 5293 1
1648 1853 1
5827 6213 1
3177 6253 1
8414 9766 1
7333 9663 1
5050 6521 1
1627 1915 1
4691 7342 1
1945 4476 1
2767 5042 1
723 2448 1
4405 6756 1
2876 4985 1
4577 6459 1
1657 7392 1
1318 4728 1
2801 5565 1
6161 9068 1
7212 9494 1
7415 9853 1
4051 4134 1
1517 3625 1
5897 8995 1
5847 7188 1
5198 6742 1
1208 6253 1
4351 7809 1
4649 5022 1
524 9004 1
584 3393 1
4334 5361 1
6335 7127 1
3491 3918 1
3983 4380 1
5633 6855 1
5077 8852 1
5366 7265 1
4705 6994 1
5175 7697 1
7477 8637 1
6775 8365 1
4949 9606 1
835 945 1
3001 5222 1
3436 5150 1
5583 8431 1
1521 2404 1
6448 7189 1
4949 6573 1
7886 9973 1
5491 8842 1
5396 5572 1
2086 5596 1
78 2659 1
1518 2106 1
874 5976 1
1261 6422 1
4499 8996 1
6378 9833 1
5430 6876 1
63 9706 1
1140 1931 1
2050 8568 1
6205 9124 1
4462 9868 1
48 7331 1
2844 5396 1
5600 5752 1
6178 7678 1
3957 8420 1
1973 6069 1
3580 5464 1
340 3009 1
1711 6069 1
997 5036 1
1263 5155 1
1603 8229 1
4337 8826 1
3786 4751 1
823 4102 1
7602 9813 1
4737 9699 1
7223 9228 1
2844 9718 1
979 2363 1
4733 8237 1
794 2583 1
732 3425 1
3359 4125 1
179 5693 1
8701 9906 1
4003 7610 1
5436 5886 1
164 9734 1
2096 5479 1
2504 4550 1
6905 7791 1
1457 9693 1
3281 7625 1
6417 8202 1
1276 9123 1
3792 7548 1
86 6818 1
2807 8873 1
1845 6018 1
3400 9387 1
1313 6157 1
6633 7453 1
3482 9951 1
953 3370 1
2068 3057 1
4471 4803 1
8939 9266 1
1861 3518 1
1472 7907 1
694 5361 1
5069 9633 1
71 1972 1
4685 8704 1
8102 9331 1
1168 4463 1
3692 4284 1
5527 7478 1
7311 7489 1
6250 8038 1
7403 8017 1
1866 8184 1
350 8153 1
350 1737 1
4398 5614 1
5857 9275 1
682 4196 1
2154 8062 1
2390 4397 1
8745 9558 1
4845 6333 1
8418 9163 1
100 8163 1
2941 5439 1
3911 8155 1
6551 9090 1
2418 9047 1
3017 5434 1
7087 9070 1
7135 7798 1
5196 5220 1
886 1343 1
6078 9809 1
4349 6287 1
8280 9579 1
1472 7102 1
3975 6046 1
7371 9768 1
8849 9507 1
1774 3468 1
192 9041 1
6441 6828 1
1343 8385 1
178 475 1
4425 9665 1
1302 7795 1
237 7471 1
3986 6585 1
4767 7150 1
1938 8945 1
383 7296 1
1038 2272 1
2700 4572 1
506 9581 1
6046 8931 1
3601 9403 1
2966 4691 1
3709 8936 1
75 6362 1
1269 6342 1
6663 7587 1
97 7841 1
2502 5496 1
8796 9472 1
7318 9733 1
6793 6879 1
709 4433 1
6996 9682 1
4771 8208 1
2634 9587 1
2030 6440 1
1584 6353 1
2511 8433 1
350 5254 1
3356 4095 1
4462 8392 1
3758 4075 1
5420 5621 1
4496 7222 1
4637 9147 1
277 9879 1
889 6471 1
3571 5188 1
458 4972 1
1903 2319 1
4086 6011 1
2761 9520 1
2690 6836 1
446 9284 1
2373 8849 1
7648 8682 1
1130 9916 1
657 7252 1
5705 6894 1
3773 4733 1
5452 6448 1
719 2468 1
6398 8578 1
2038 9310 1
510 7764 1
168 2365 1
2165 9085 1
8469 9585 1
1472 4203 1
154 2467 1
1373 6641 1
1717 6451 1
6748 7644 1
2142 4937 1
1292 2515 1
1448 9444 1
4569 4825 1
4992 7402 1
8171 8615 1
8957 9524 1
3701 7489 1
4623 5061 1
1447 7529 1
739 5722 1
4999 7792 1
543 1646 1
5847 7135 1
2168 6508 1
3916 7828 1
1402 9449 1
673 2658 1
8198 9657 1
676 2175 1
4910 9440 1
3905 5949 1
820 1365 1
4228 6602 1
367 4803 1
3992 7823 1
8548 8723 1
679 9993 1
3032 9178 1
637 9767 1
709 4917 1
4207 6664 1
5007 7279 1
6636 9631 1
1813 8387 1
4067 8347 1
303 1785 1
7484 8974 1
101 6754 1
2289 5872 1
2218 9604 1
852 4444 1
1676 9809 1
6091 8784 1
1958 8741 1
1972 2223 1
3135 9306 1
750 4167 1
2272 3424 1
5727 8507 1
6551 9708 1
794 1241 1
785 5851 1
4496 8645 1
1457 7412 1
5585 7111 1
4530 8229 1
423 739 1
834 5743 1
1837 5189 1
371 4521 1
6112 9257 1
9469 9833 1
8825 9731 1
3479 7022 1
3293 7798 1
237 7150 1
426 7611 1
4242 7947 1
6100 7153 1
1938 6180 1
1778 8931 1
2652 5523 1
6724 9986 1
3314 5642 1
2469 3564 1
471 6041 1
5355 7938 1
4023 9714 1
4061 4344 1
7089 9360 1
5117 6080 1
6777 7553 1
1018 3177 1
3502 6043 1
257 5708 1
4130 9584 1
6738 7790 1
3978 9190 1
5955 6398 1
5332 7173 1
1810 9004 1
1660 6027 1
5228 8513 1
2386 3687 1
1503 8295 1
2962 5540 1
7781 8540 1
606 7555 1
3968 5469 1
1511 3460 1
1261 8947 1
7653 9294 1
3159 3610 1
5588 5823 1
4683 7666 1
588 7915 1
261 7520 1
6995 9294 1
2699 2871 1
498 9153 1
5675 8451 1
2170 3281 1
5898 7934 1
4387 5803 1
6756 7965 1
1667 2660 1
5758 7173 1
1809 7439 1
1609 8317 1
1970 8296 1
1073 1140 1
2799 8528 1
3468 5654 1
1883 9990 1
8650 9460 1
192 344 1
5701 8709 1
498 7998 1
5427 9638 1
6062 7934 1
3421 5084 1
2407 6203 1
4024 7040 1
5703 8755 1
5498 9289 1
3571 4062 1
484 5067 1
3810 4078 1
709 7629 1
3489 6881 1
2054 7778 1
3583 6516 1
1133 6644 1
2544 5161 1
2735 4729 1
3215 5366 1
174 7470 1
2070 5278 1
4456 6855 1
1956 8374 1
2651 6721 1
2415 6444 1
957 9801 1
7996 9767 1
3192 9519 1
1843 5464 1
2206 9488 1
6202 6759 1
9134 9815 1
4218 9134 1
8101 8248 1
1972 9257 1
2841 4751 1
3565 4782 1
2844 5022 1
5287 7133 1
8031 9172 1
6085 7113 1
631 2619 1
674 8173 1
4509 4587 1
2117 7137 1
651 6469 1
2504 5331 1
2867 9355 1
264 9241 1
7184 7987 1
8104 8896 1
1169 8152 1
1113 1804 1
3299 8985 1
4878 8776 1
3682 4027 1
4167 5008 1
6605 7529 1
2837 5921 1
5751 9869 1
1663 9037 1
1269 3256 1
501 4616 1
2837 2888 1
510 5833 1
1009 5022 1
1499 7101 1
2077 9027 1
3328 5377 1
2753 4880 1
3535 8299 1
4404 4547 1
4705 7693 1
1446 8406 1
1126 8990 1
5923 9013 1
1778 9899 1
2511 6286 1
1501 2451 1
5112 5573 1
186 3642 1
2421 3360 1
4052 4095 1
239 7440 1
7267 8937 1
1372 9396 1
5255 9264 1
4845 7114 1
3150 8838 1
2775 3299 1
540 7553 1
6527 8346 1
780 8703 1
161 4524 1
541 3991 1
1785 6532 1
431 2133 1
7724 9563 1
1050 3868 1
2638 6219 1
2906 9417 1
184 7891 1
6629 7310 1
383 6788 1
4175 6538 1
1883 3842 1
2862 6112 1
6330 8182 1
1132 7815 1
1241 2123 1
7930 8850 1
1964 8345 1
1969 8689 1
6559 8419 1
2261 8339 1
6324 8552 1
2427 4844 1
1372 5208 1
4880 7643 1
785 1476 1
2123 7062 1
1433 2451 1
3401 8433 1
1930 7421 1
5419 9614 1
228 4002 1
8733 8800 1
9285 9313 1
1878 4787 1
2165 8227 1
3748 9480 1
2674 8104 1
1929 3032 1
1805 5440 1
600 6799 1
6009 9830 1
3017 8443 1
4383 4743 1
7330 9585 1
2481 9372 1
5064 8110 1
4073 4517 1
6521 6972 1
6060 6385 1
5208 9552 1
1060 1307 1
1127 3283 1
4630 5374 1
4771 6545 1
6015 9086 1
1588 7842 1
2475 7113 1
3565 8433 1
4086 9825 1
8817 9036 1
7662 8230 1
6155 7561 1
993 6851 1
2705 4542 1
3956 5056 1
666 6456 1
7913 9569 1
6906 9415 1
8038 8517 1
5918 9311 1
5610 9158 1
1759 9767 1
4471 5852 1
5271 9877 1
3903 6334 1
2461 6252 1
6793 9888 1
4656 4851 1
6125 6756 1
3953 5108 1
510 3068 1
1785 4922 1
8985 9155 1
5905 7921 1
1729 7242 1
4604 9764 1
1810 5918 1
3816 8028 1
1813 5435 1
237 2909 1
4660 5909 1
8987 9201 1
436 8222 1
2213 6308 1
1017 9665 1
1504 1647 1
2459 3331 1
7844 9940 1
1419 7201 1
1216 2146 1
1192 1560 1
4514 7777 1
684 5291 1
6828 7788 1
1379 7802 1
6262 9097 1
2005 6544 1
3032 4132 1
331 1231 1
1860 5631 1
3159 3907 1
497 2432 1
5956 8990 1
639 4767 1
1566 6847 1
9639 9736 1
4412 4467 1
8458 9237 1
4674 7096 1
2809 6719 1
85 8530 1
818 3197 1
1067 3901 1
7658 7841 1
143 5502 1
5067 6798 1
853 9799 1
1767 3346 1
6679 7291 1
4566 9256 1
880 1042 1
4376 9132 1
38 9623 1
5501 6501 1
4078 7223 1
6068 6356 1
132 590 1
1938 9994 1
3662 6756 1
5973 7250 1
2628 6499 1
7686 7795 1
3555 6135 1
2660 4502 1
4468 8317 1
1416 2715 1
2761 5308 1
258 9747 1
7739 7806 1
5018 9888 1
975 3911 1
3547 8876 1
3311 6125 1
524 1006 1
680 3963 1
2514 2583 1
3035 7947 1
2185 5525 1
7521 9017 1
395 2289 1
386 6899 1
2504 5278 1
5847 5956 1
7251 9156 1
967 8342 1
2165 3368 1
2968 3692 1
1132 4245 1
3919 4668 1
2606 6494 1
1123 6411 1
5493 8087 1
2347 4513 1
3942 4837 1
3777 7244 1
5867 9991 1
728 4569 1
5831 8082 1
1889 4601 1
4989 5521 1
285 6443 1
849 6027 1
4720 9268 1
527 5976 1
685 9568 1
3274 5088 1
6147 9227 1
2692 6618 1
5066 6680 1
4997 8795 1
945 3456 1
1356 8460 1
1039 9507 1
750 9404 1
3735 7368 1
5335 8036 1
7551 7704 1
2164 5186 1
4624 6712 1
3545 7244 1
7772 8612 1
4806 8446 1
4967 7051 1
2117 6279 1
534 1828 1
2149 8446 1
1323 4728 1
2950 9663 1
4268 7989 1
8900 9665 1
3826 4638 1
1902 9508 1
8242 9665 1
665 6448 1
307 6740 1
4992 9740 1
2715 8076 1
1650 8506 1
5958 8550 1
1467 6547 1
2236 5597 1
7724 8921 1
2412 9206 1
3028 7260 1
2037 3667 1
2319 4319 1
918 7244 1
4975 9921 1
2408 6054 1
1189 5263 1
5220 9725 1
3037 3781 1
1018 5381 1
7231 7483 1
6181 8945 1
7793 8684 1
479 4349 1
1657 2106 1
3802 8724 1
796 3467 1
658 3533 1
692 8779 1
4184 8237 1
7658 9398 1
8778 9429 1
3272 8909 1
378 4647 1
2480 6465 1
479 8671 1
2991 7169 1
957 9427 1
3896 5326 1
3464 6635 1
1934 6706 1
1115 6603 1
2261 3159 1
5992 7329 1
5128 8981 1
907 8559 1
1155 2245 1
1652 2297 1
1614 2005 1
4625 8360 1
2109 8400 1
2949 3910 1
6295 8269 1
803 3483 1
6821 7561 1
1034 7553 1
2130 6244 1
6003 7114 1
4062 6153 1
206 8862 1
2009 8169 1
617 7450 1
1059 8549 1
2974 9043 1
4896 9762 1
610 3061 1
2181 2991 1
4645 5979 1
8825 9975 1
2175 4674 1
5905 9962 1
1939 4397 1
1821 5839 1
6162 9029 1
1857 3052 1
2738 4787 1
4570 9188 1
2393 3032 1
8076 9106 1
85 8693 1
3925 9423 1
7991 8244 1
3644 6929 1
9449 9960 1
456 7882 1
4613 5101 1
3200 9921 1
5194 6544 1
1290 4109 1
4373 9024 1
4982 8351 1
8017 8876 1
4865 5322 1
2361 2935 1
2037 2057 1
3200 6888 1
1777 6856 1
1388 5583 1
2365 7026 1
579 2970 1
7168 7803 1
525 4427 1
7665 8609 1
120 6593 1
1885 3356 1
395 8518 1
3872 9388 1
3108 8238 1
7934 8999 1
288 6177 1
4173 6118 1
594 7415 1
8517 8825 1
2753 5795 1
5530 7782 1
449 4782 1
2997 8407 1
332 7415 1
829 1805 1
794 7446 1
2692 6081 1
1465 2955 1
4572 5046 1
3748 7817 1
4955 6504 1
1457 2313 1
684 6527 1
288 6527 1
2480 4855 1
5314 7376 1
2705 4973 1
654 1400 1
1091 6127 1
1132 1964 1
3425 7514 1
4187 9557 1
472 9273 1
2335 9577 1
1972 7273 1
1383 4434 1
3031 6836 1
4292 8038 1
4082 4256 1
639 9386 1
6520 6777 1
2325 5856 1
2965 4496 1
3401 5615 1
2248 5636 1
3910 7936 1
8059 9421 1
3009 5734 1
2584 4804 1
4683 7105 1
5414 5863 1
9615 9982 1
1317 3033 1
3672 9461 1
1100 4496 1
453 4685 1
86 9587 1
714 2740 1
757 1878 1
3926 4655 1
8050 9308 1
4034 9850 1
3764 9989 1
889 1051 1
6190 6269 1
2845 5518 1
1131 3028 1
594 9993 1
3481 7422 1
4922 9723 1
3126 4979 1
421 9284 1
7616 9201 1
8507 9934 1
1095 2058 1
5676 6398 1
7054 8939 1
3150 6504 1
3994 4385 1
5086 8784 1
2466 2839 1
1065 9736 1
2211 7982 1
1399 2442 1
1390 7052 1
1051 1170 1
2004 8443 1
82 7724 1
7503 7984 1
3404 4327 1
100 9993 1
3860 5324 1
85 2545 1
415 6621 1
926 9577 1
1781 3675 1
4795 8985 1
2689 5513 1
2897 8660 1
163 5619 1
1876 3912 1
2029 7160 1
1712 7453 1
7825 8385 1
4021 7120 1
48 6046 1
511 1606 1
5827 7856 1
426 5440 1
6126 6203 1
7100 8883 1
5642 8076 1
4675 9041 1
2941 5175 1
1232 7001 1
4324 8060 1
1038 3752 1
5735 5823 1
2883 8388 1
4767 9569 1
3557 6612 1
5301 6470 1
4637 7244 1
8372 8904 1
588 7838 1
3193 6335 1
2272 9897 1
4683 5145 1
3354 7192 1
1379 4395 1
2447 8208 1
857 9948 1
3649 6551 1
545 8141 1
1737 7294 1
3855 6427 1
1711 6073 1
2332 2973 1
4109 7475 1
847 8479 1
1447 3748 1
25 7324 1
5847 9770 1
5768 6471 1
5890 8154 1
1845 3794 1
6048 8740 1
2743 4944 1
2901 6284 1
1330 3348 1
4451 5145 1
2529 4426 1
1157 9055 1
3325 5299 1
6910 7200 1
1588 9241 1
770 9548 1
2845 7291 1
3139 5294 1
1642 3061 1
5864 8811 1
3713 6320 1
647 4230 1
5836 6763 1
2474 5843 1
3191 4703 1
142 2782 1
4665 7706 1
265 5067 1
5764 8580 1
2875 3908 1
4335 8703 1
684 2018 1
3077 8738 1
6795 8539 1
2146 5196 1
59 1966 1
2705 6880 1
8467 9275 1
2562 2630 1
8291 8295 1
1963 3799 1
2622 2681 1
294 4492 1
2878 8528 1
1286 7721 1
7788 9926 1
3557 7096 1
1272 5571 1
5563 9206 1
4940 9981 1
773 3938 1
1616 2937 1
5829 9325 1
177 4846 1
426 3830 1
2837 8877 1
688 4015 1
6221 8802 1
2942 3975 1
1548 5627 1
686 1690 1
1938 3338 1
5417 9007 1
2657 7189 1
1695 8306 1
8647 9219 1
4927 8591 1
2145 4570 1
3779 4068 1
3388 6132 1
6314 9905 1
7883 9008 1
6479 9218 1
880 8507 1
2843 9981 1
7289 8269 1
3421 5491 1
4689 8426 1
279 935 1
2519 4407 1
956 9256 1
4650 7909 1
4779 8319 1
2184 8066 1
3022 9165 1
4534 7734 1
1155 1737 1
7333 9480 1
5674 9171 1
7241 9891 1
2470 3175 1
1317 7168 1
4221 6456 1
4202 7934 1
2015 3534 1
1156 5530 1
5196 9546 1
698 4652 1
5889 7258 1
2162 6213 1
1778 5284 1
1212 6593 1
243 315 1
872 9154 1
1951 2960 1
3778 6825 1
2195 5572 1
1646 8548 1
3953 7580 1
7026 7643 1
374 2461 1
3072 3401 1
7889 8772 1
4740 8899 1
5600 9757 1
3021 7785 1
3184 9469 1
4760 6333 1
1883 7148 1
1035 5361 1
701 6239 1
1678 7682 1
5768 7089 1
875 942 1
1609 3381 1
2022 3550 1
8723 9348 1
1693 8744 1
4554 7396 1
2995 9947 1
215 9005 1
77 4345 1
2876 6091 1
335 439 1
3846 9561 1
3865 9803 1
7158 7920 1
4794 6102 1
392 9052 1
4475 7288 1
2071 4351 1
3690 6015 1
1622 6999 1
4101 4603 1
648 2821 1
4653 5308 1
3920 6477 1
1335 9386 1
4057 4496 1
4769 8674 1
509 942 1
3410 4685 1
1599 2262 1
5866 9475 1
6559 7187 1
7156 9163 1
2629 7503 1
9585 9878 1
2730 8309 1
1904 6281 1
4294 7068 1
4275 6826 1
2687 4475 1
3105 4988 1
2678 9839 1
1318 7123 1
9647 9975 1
733 1774 1
151 9720 1
5263 7869 1
1297 4556 1
2599 9731 1
426 1065 1
1002 8580 1
4696 7987 1
412 5331 1
3285 7026 1
272 7014 1
2297 9366 1
788 8062 1
5860 9256 1
3277 8828 1
1035 1523 1
4615 9496 1
4729 4902 1
1618 7765 1
2922 3941 1
3 6974 1
3482 8479 1
3372 6621 1
1813 5008 1
579 8073 1
5111 8387 1
1783 7051 1
1107 1584 1
2086 4608 1
957 2771 1
3047 5518 1
6046 6386 1
366 7965 1
6617 7141 1
707 1842 1
1202 8237 1
3413 7561 1
166 9597 1
4411 5909 1
505 2647 1
8397 8908 1
1300 7082 1
209 3817 1
9651 9693 1
166 737 1
1551 4449 1
3675 6780 1
1658 8453 1
5803 7567 1
2448 6128 1
6422 9302 1
1369 1934 1
1508 3032 1
4445 6432 1
2351 4475 1
3341 8597 1
2665 7294 1
1667 8946 1
1519 1878 1
404 6917 1
4848 6822 1
2468 8443 1
2480 7514 1
5816 6459 1
1857 1873 1
960 9993 1
3479 9470 1
186 1739 1
3675 4686 1
8385 8682 1
1379 8664 1
7378 8528 1
2256 2521 1
1242 7612 1
5120 5416 1
6216 8271 1
3031 5523 1
4710 7238 1
209 6045 1
5823 9508 1
1090 1364 1
4260 7941 1
3694 9250 1
1782 6021 1
4803 6648 1
1286 8823 1
560 7965 1
701 3474 1
7528 9411 1
307 1857 1
2075 2109 1
820 8269 1
6479 9031 1
7960 9041 1
809 6390 1
6203 7635 1
217 2314 1
2772 4666 1
757 7920 1
1643 3583 1
8778 9673 1
8451 9278 1
4800 5037 1
2331 4923 1
1460 7848 1
2659 8926 1
1477 8017 1
1138 1381 1
2908 9630 1
7624 7779 1
5031 8353 1
893 1550 1
2947 8804 1
3181 6756 1
2154 2752 1
506 5076 1
4903 9107 1
1373 2941 1
1302 4229 1
4784 9415 1
7034 7913 1
733 4486 1
7376 8616 1
8941 9263 1
1964 7731 1
2767 5611 1
1029 6699 1
5088 6793 1
7775 8298 1
5091 6310 1
3830 5108 1
4917 6911 1
6400 6994 1
1023 9136 1
8705 9171 1
4171 8784 1
97 7658 1
3703 6464 1
4644 9004 1
2987 4796 1
4905 8779 1
4781 7023 1
206 3629 1
421 1339 1
610 4244 1
1551 6222 1
4906 5217 1
1007 3126 1
694 9045 1
4051 4703 1
7044 7446 1
4902 8481 1
6777 7102 1
333 2623 1
701 6991 1
4068 7501 1
592 7987 1
5898 7133 1
2870 6089 1
4096 6516 1
1073 5816 1
5419 6906 1
1434 6761 1
4683 4771 1
3182 3328 1
7423 9320 1
1647 4775 1
1241 4087 1
4802 7846 1
3778 5833 1
3198 7244 1
3912 6587 1
1472 7403 1
25 9983 1
3244 5899 1
2342 7259 1
847 1689 1
943 1397 1
4647 5464 1
2565 6742 1
4351 6634 1
8104 9839 1
2607 5463 1
2488 3297 1
3694 5546 1
2407 6341 1
6338 9633 1
3451 9760 1
1068 7700 1
1068 1284 1
8770 9865 1
4603 5542 1
5100 6348 1
2142 6043 1
2154 5114 1
5765 6738 1
4187 9801 1
887 3343 1
6222 6425 1
3096 8256 1
594 8948 1
2925 8374 1
2135 6003 1
4843 8385 1
2718 4863 1
3076 8543 1
3182 8939 1
863 2168 1
4388 8744 1
1767 4826 1
1811 6818 1
4259 9273 1
51 977 1
2048 8451 1
1024 1712 1
3835 8945 1
834 8004 1
3031 7430 1
7518 9691 1
1845 9031 1
1649 4955 1
367 2876 1
1200 3631 1
893 2168 1
1786 2974 1
65 3477 1
3162 4880 1
3738 8231 1
4737 5491 1
1870 6994 1
2306 2451 1
9153 9764 1
6911 9629 1
822 6839 1
4686 8155 1
206 6341 1
2809 6455 1
696 2004 1
7476 9815 1
3474 6845 1
1719 2102 1
6349 9367 1
4845 8407 1
4425 7067 1
3140 5279 1
1772 5146 1
3370 8185 1
696 9359 1
3881 6445 1
2239 9493 1
2702 5053 1
2965 7907 1
2705 8734 1
2779 8683 1
2127 4556 1
9124 9184 1
6899 8464 1
3191 6907 1
1550 3232 1
4583 9346 1
9497 9954 1
7487 8634 1
2434 5238 1
223 3662 1
2377 2452 1
1771 4894 1
5902 8274 1
2765 5752 1
3895 8191 1
2078 8986 1
763 8487 1
3662 7431 1
2093 3632 1
4656 9043 1
931 8071 1
3290 5573 1
4310 8406 1
2531 9493 1
497 5335 1
6756 7782 1
1670 4438 1
5207 9331 1
8538 8686 1
4739 7765 1
2867 5655 1
5571 6575 1
2364 3314 1
3200 7750 1
2417 6358 1
6427 9943 1
887 8149 1
4634 8880 1
839 3005 1
825 855 1
713 4586 1
3340 5286 1
1344 1420 1
3224 5111 1
110 2041 1
2907 9376 1
3277 8909 1
3411 4937 1
7494 9589 1
1938 5542 1
3617 7257 1
7590 9297 1
4667 5795 1
1657 7774 1
669 7108 1
1197 3063 1
1605 2888 1
1140 6501 1
2735 3607 1
4622 7715 1
5997 6575 1
3022 4603 1
591 809 1
2941 7647 1
1241 9027 1
4157 7386 1
5440 9101 1
3580 6062 1
2325 8812 1
1623 8540 1
2409 7005 1
3782 5230 1
728 2211 1
6032 7700 1
588 3894 1
1355 8725 1
183 6060 1
2678 9115 1
1258 6348 1
7765 8897 1
3212 8268 1
2510 8750 1
5404 7350 1
3981 5066 1
2807 8182 1
3540 3603 1
2955 4670 1
1358 6929 1
1979 5327 1
1518 8904 1
3775 4409 1
6650 6931 1
3000 9516 1
4829 7792 1
3449 4424 1
634 6871 1
2826 5199 1
1871 3515 1
5372 6499 1
79 5306 1
1457 7847 1
110 8591 1
7095 7732 1
1436 4526 1
5008 6222 1
1730 6693 1
1186 4351 1
3565 8921 1
3119 7114 1
2813 7596 1
705 9905 1
1340 1785 1
261 5727 1
1343 5466 1
1169 8319 1
2081 9367 1
715 5897 1
4326 9019 1
6819 7275 1
3340 9742 1
1379 2679 1
540 2109 1
2676 9927 1
3860 9219 1
2354 7432 1
5038 6222 1
4167 5175 1
2880 6724 1
149 9808 1
727 7570 1
3060 7823 1
4941 6289 1
6613 9277 1
6887 8348 1
7272 8159 1
5085 7731 1
351 8222 1
3283 7114 1
1848 5759 1
3212 4430 1
509 7118 1
4924 6093 1
1269 4362 1
166 3746 1
4732 5334 1
472 7236 1
501 5722 1
8947 9351 1
4374 7346 1
6638 7994 1
3499 8809 1
3401 6022 1
4803 4985 1
1823 2669 1
5950 6839 1
2127 9496 1
138 2637 1
7643 8452 1
315 4219 1
3978 7531 1
4396 8044 1
2596 8254 1
6259 8348 1
3150 3178 1
908 2289 1
2867 8717 1
2659 6324 1
3433 4964 1
4422 8676 1
3087 8491 1
3911 9692 1
1265 4778 1
2004 7561 1
1209 4846 1
1928 2089 1
4990 9133 1
2440 5647 1
7866 8093 1
1137 6663 1
4917 7342 1
1763 9569 1
6823 8282 1
3170 8876 1
376 5784 1
1513 9394 1
3361 3748 1
2005 4938 1
3039 3697 1
8364 9309 1
384 7365 1
4775 5946 1
4157 7065 1
8892 9428 1
1989 6879 1
5800 9123 1
1609 6658 1
4189 5822 1
297 1704 1
4696 9036 1
1334 1700 1
35 4178 1
4298 9929 1
492 3865 1
7492 9730 1
5909 8477 1
479 8541 1
4013 5781 1
5466 7907 1
1657 6298 1
8781 9947 1
2255 7156 1
3661 5329 1
4282 7891 1
2112 9322 1
2893 9133 1
2690 7084 1
4569 7167 1
1544 3388 1
6719 8467 1
2729 7978 1
3523 4052 1
3884 4031 1
5637 5695 1
781 9229 1
217 785 1
4635 9857 1
2911 6679 1
588 2418 1
7415 9109 1
741 3414 1
5496 7153 1
2690 4990 1
4572 8754 1
4223 8600 1
1580 7367 1
2304 7398 1
4876 9919 1
5101 6065 1
2504 9149 1
811 9256 1
1547 8358 1
4938 7764 1
6787 9136 1
4137 7486 1
1265 8645 1
3273 5166 1
1726 7542 1
5091 7225 1
1925 8691 1
5467 9956 1
1684 7316 1
1761 9226 1
2621 8394 1
3989 5521 1
821 8604 1
2514 5299 1
4023 4351 1
4219 5983 1
745 2378 1
4098 7908 1
1376 6382 1
4803 7697 1
1617 3061 1
1276 2768 1
5042 7713 1
2461 7358 1
5799 6938 1
8927 9906 1
4780 7713 1
4016 7317 1
5476 7416 1
546 3831 1
6062 6759 1
573 3964 1
767 7213 1
3957 4643 1
2933 4320 1
288 9430 1
5577 9161 1
1246 1963 1
4570 5809 1
3018 6121 1
1464 9770 1
1989 6208 1
3026 8456 1
4517 6148 1
6031 9516 1
8023 9476 1
4439 6265 1
6675 9029 1
1781 9827 1
4608 6451 1
7046 8972 1
4685 6671 1
6643 7801 1
7945 9004 1
6395 7699 1
1419 6213 1
691 3030 1
2 7881 1
4236 7976 1
2925 4967 1
5576 7781 1
1090 1958 1
4555 7729 1
2530 5377 1
2036 9006 1
1938 7717 1
7686 7962 1
1039 7096 1
6049 7412 1
5760 7309 1
2005 5906 1
431 8179 1
270 8985 1
2405 6779 1
2639 8703 1
6044 8007 1
4442 5758 1
3067 7652 1
2408 8770 1
3461 6825 1
6400 6888 1
2553 8370 1
68 8477 1
1609 5532 1
4344 9737 1
1966 8021 1
1285 2210 1
7162 7561 1
2231 9258 1
2623 3632 1
7528 8850 1
319 367 1
69 5854 1
6091 7422 1
9733 9857 1
3692 4829 1
443 7758 1
4378 9506 1
4987 6581 1
7690 8619 1
1900 4176 1
477 4336 1
6782 7690 1
2305 5393 1
1968 4310 1
1164 2041 1
1379 3915 1
7996 9076 1
348 3175 1
5531 9835 1
1938 4818 1
374 7779 1
1320 5937 1
3140 9577 1
1693 9151 1
6951 9569 1
3181 7134 1
906 3853 1
1296 6482 1
219 671 1
318 7066 1
855 2575 1
951 2283 1
4294 7125 1
192 2231 1
8898 9005 1
992 7010 1
3189 5682 1
442 716 1
837 2935 1
3860 4389 1
6112 9184 1
4436 9460 1
86 4464 1
4838 9440 1
1433 3720 1
6352 8644 1
6777 9574 1
4146 7412 1
5770 9420 1
4213 9388 1
192 9586 1
5008 6653 1
5066 9075 1
4634 6412 1
5026 9676 1
2299 7806 1
2839 5276 1
473 6795 1
5742 8311 1
5040 8793 1
4696 8983 1
315 8838 1
4054 9516 1
688 7134 1
3692 8346 1
4819 7104 1
378 4464 1
4729 8342 1
3786 8947 1
5725 5863 1
852 3566 1
621 9295 1
745 8607 1
5282 5293 1
6465 9810 1
5789 8507 1
6988 8831 1
3779 4743 1
1303 6656 1
2354 4830 1
4520 5909 1
1657 3212 1
63 5742 1
107 6980 1
859 6615 1
5377 6469 1
5726 6623 1
487 4757 1
3675 7776 1
1605 1709 1
3662 8480 1
3989 6623 1
983 5338 1
2540 5370 1
386 918 1
2278 6124 1
6533 7096 1
6242 8610 1
4067 9697 1
669 6868 1
4743 5550 1
741 6744 1
1551 5795 1
5921 9723 1
3975 7664 1
2638 9850 1
3625 5565 1
1846 6652 1
1445 6308 1
1655 7838 1
2907 9486 1
478 857 1
2057 4620 1
5642 7275 1
2619 6575 1
654 8438 1
1509 8952 1
7539 8129 1
1694 7951 1
2069 7074 1
4278 5571 1
2213 8516 1
8378 9638 1
7725 9982 1
4494 6135 1
1199 7191 1
1560 2474 1
1912 6309 1
8231 9561 1
1802 2007 1
7 2561 1
1118 4758 1
815 4949 1
5839 7415 1
1866 9347 1
4574 8723 1
6876 9663 1
1640 9004 1
2848 4718 1
1601 3414 1
2815 8742 1
6212 6465 1
1050 3311 1
358 4481 1
3560 7398 1
4950 5038 1
750 3773 1
142 3136 1
715 4718 1
1004 8793 1
3003 5760 1
1 2931 1
1955 4851 1
136 8983 1
709 6401 1
2426 4436 1
3536 3779 1
2099 4041 1
2486 9405 1
1129 1325 1
7410 7503 1
1541 9937 1
3163 8112 1
5381 8415 1
3870 6284 1
6524 8807 1
1880 4118 1
9051 9865 1
5639 7892 1
902 4702 1
364 1643 1
6525 9971 1
2204 9877 1
77 9692 1
3212 7223 1
545 3152 1
2594 3646 1
2793 7239 1
3550 7218 1
346 7638 1
1141 1685 1
3577 9041 1
7658 8894 1
2078 8425 1
423 5606 1
5816 8878 1
3722 4669 1
931 7510 1
5170 8703 1
1970 4169 1
4475 7158 1
7224 9541 1
4048 9565 1
1575 7023 1
216 2280 1
4612 5177 1
8168 9346 1
723 7746 1
7980 9295 1
7913 8073 1
5296 5809 1
5533 9694 1
244 7711 1
1571 4837 1
1051 3081 1
7258 9310 1
2219 5812 1
918 3491 1
3321 8647 1
3632 6065 1
1343 7804 1
6582 7980 1
6603 6605 1
2623 2640 1
2678 7265 1
4 6719 1
7187 7565 1
2165 3482 1
8479 8834 1
327 7372 1
7300 7442 1
1361 1967 1
4685 5813 1
1342 5889 1
901 3672 1
2553 5284 1
2528 6917 1
7607 9844 1
4988 9197 1
628 9929 1
4568 8611 1
6786 8160 1
8247 8484 1
512 9754 1
3635 5962 1
1427 3903 1
4228 6476 1
866 6310 1
3808 5890 1
443 1289 1
131 3646 1
8038 9249 1
1376 9041 1
3265 3396 1
7026 7997 1
3050 3996 1
1083 7476 1
6623 6826 1
1021 6598 1
869 2794 1
1865 8451 1
6749 8628 1
1942 8671 1
15 438 1
4450 9679 1
5037 6995 1
7786 8624 1
1785 8687 1
2421 3421 1
5633 7026 1
1448 8513 1
6014 7657 1
6112 8192 1
3459 6271 1
7244 7294 1
1718 3678 1
1488 6599 1
1961 6819 1
1701 7646 1
1973 5890 1
1510 3914 1
5271 8515 1
3584 8602 1
5614 8854 1
227 6336 1
6150 9588 1
6021 6734 1
2623 6157 1
1548 1927 1
803 1019 1
274 7845 1
1022 5264 1
1717 4365 1
8327 8547 1
5335 6406 1
6799 7001 1
5865 7160 1
4371 6888 1
2236 2678 1
1668 9576 1
443 3867 1
166 5279 1
6441 8259 1
7667 9440 1
6179 9013 1
4448 4664 1
2041 2210 1
2314 5752 1
3467 9895 1
619 9196 1
3126 3186 1
3 562 1
3817 7241 1
7451 9815 1
2480 8673 1
8247 8968 1
6499 9368 1
2576 6691 1
568 3754 1
2104 9325 1
493 3580 1
3115 7908 1
3994 9008 1
5329 6749 1
5611 9845 1
2963 8268 1
8264 9322 1
454 1373 1
7012 8583 1
6336 8034 1
1678 9109 1
8056 9558 1
3531 8725 1
1501 6029 1
1767 4428 1
1010 2005 1
2773 5111 1
6668 9712 1
952 8416 1
6680 8783 1
2093 7072 1
7879 9107 1
8237 9569 1
6640 7664 1
75 1727 1
3832 8838 1
7280 8778 1
8804 8862 1
1397 4336 1
2166 2632 1
2892 7462 1
1708 1754 1
3036 8904 1
2845 9336 1
4 6398 1
723 5331 1
699 8909 1
4310 6369 1
2166 6015 1
1625 7354 1
5395 7345 1
443 6445 1
2728 9690 1
436 3022 1
252 4433 1
4393 5091 1
1786 9931 1
726 3535 1
7548 9882 1
5533 8218 1
5481 9748 1
314 9448 1
2468 3320 1
2475 8463 1
322 2893 1
1132 8360 1
91 6178 1
1765 3577 1
1106 4695 1
7871 9754 1
1938 9921 1
4221 8367 1
6072 7156 1
1891 9351 1
7084 9374 1
3794 4358 1
9155 9627 1
3274 5820 1
2386 7078 1
1455 3536 1
3263 8105 1
1907 9295 1
4593 4748 1
2413 5491 1
7715 9591 1
1712 8827 1
2794 8566 1
857 6061 1
5223 8527 1
1018 6918 1
1961 3115 1
3881 3953 1
1938 7827 1
4694 8937 1
1019 3356 1
381 3099 1
800 8910 1
1160 2837 1
1117 2201 1
6065 8055 1
869 4351 1
1981 7150 1
2165 9711 1
350 753 1
43 9870 1
4797 8311 1
476 8971 1
4394 4888 1
4920 6432 1
1608 1657 1
4004 5642 1
4096 8614 1
5691 9692 1
8204 8600 1
1244 4763 1
1132 8494 1
2507 4348 1
81 1652 1
602 5296 1
1722 3075 1
4309 6628 1
3497 4498 1
7480 7980 1
2912 5565 1
1448 1560 1
1052 1560 1
4604 9959 1
4373 9272 1
4015 9564 1
209 3500 1
1241 9568 1
2779 9358 1
7593 8796 1
2779 2942 1
5067 8148 1
3964 8286 1
6560 7229 1
4760 7439 1
801 8515 1
3920 9677 1
1286 3834 1
914 8392 1
2244 2783 1
2094 6222 1
427 3578 1
284 1580 1
1977 3193 1
839 5774 1
2687 4292 1
144 1011 1
3368 3687 1
4675 9960 1
1086 5651 1
8309 8370 1
5562 8477 1
5839 8785 1
3084 7311 1
2747 8480 1
1475 2393 1
9052 9582 1
6411 6732 1
7393 8519 1
4230 5530 1
2007 8855 1
6921 9463 1
1736 7803 1
5308 5335 1
1786 7166 1
2820 5925 1
349 1012 1
1376 8988 1
51 5519 1
6128 6794 1
3 375 1
990 9676 1
646 7422 1
1938 3773 1
3348 4509 1
5958 9766 1
8234 9485 1
1073 8398 1
4218 4365 1
5381 9196 1
921 6314 1
3108 4298 1
7154 9792 1
5222 8385 1
2171 5637 1
1906 6120 1
6668 8586 1
9044 9475 1
6406 6896 1
63 8885 1
7112 7287 1
5789 6173 1
6065 7734 1
7398 8058 1
2257 8979 1
3260 7671 1
1302 7295 1
479 8948 1
4051 6480 1
1188 1531 1
4780 8575 1
745 6623 1
3477 9591 1
3678 5151 1
2520 8800 1
38 5980 1
1094 8470 1
2883 3375 1
808 5632 1
4870 9407 1
5343 5655 1
3625 9647 1
4475 5845 1
2858 3318 1
3126 6516 1
2687 9098 1
6310 8073 1
6575 9310 1
1697 1943 1
7010 9238 1
2748 6341 1
4494 9278 1
3546 6321 1
1538 7548 1
103 2029 1
4800 4854 1
2007 6306 1
3810 8087 1
6370 6811 1
2142 9914 1
4730 8996 1
5908 8443 1
4437 7431 1
5636 7755 1
3165 3596 1
2370 8051 1
4729 9525 1
9634 9825 1
647 7727 1
4694 6306 1
4310 5377 1
2015 3164 1
9039 9615 1
5997 8673 1
422 8548 1
1885 7255 1
2979 6065 1
3137 6651 1
3078 5290 1
248 6705 1
6397 9546 1
473 2851 1
7508 7771 1
1959 2451 1
6348 6621 1
2941 6712 1
2010 9586 1
988 3482 1
2844 9031 1
2004 4853 1
49 1742 1
6444 8022 1
7034 9019 1
1076 2548 1
2077 5331 1
1767 6603 1
518 4472 1
4967 6441 1
3774 9315 1
5787 6180 1
3354 8729 1
1871 8646 1
5081 9172 1
3242 3792 1
4219 5235 1
1392 6167 1
1677 8780 1
404 2091 1
58 700 1
4256 4336 1
5730 6585 1
8230 9984 1
7048 9075 1
3046 3099 1
1977 8483 1
5072 8305 1
4284 7323 1
707 2277 1
1464 2256 1
1013 6521 1
5956 8059 1
371 3082 1
5875 6185 1
7258 9070 1
3289 6240 1
1059 4422 1
7664 8260 1
3992 8612 1
4125 6512 1
1960 2837 1
3466 6287 1
5113 7555 1
675 6876 1
1067 9386 1
7424 8958 1
122 3694 1
2632 7781 1
2071 5270 1
428 7938 1
3556 3736 1
4610 7843 1
7962 8075 1
2416 3992 1
1380 5352 1
6536 9435 1
6147 8162 1
7393 8332 1
5491 6545 1
4634 9368 1
8287 8774 1
856 2908 1
6468 8742 1
85 1533 1
224 9047 1
4431 7319 1
5838 8346 1
1748 6687 1
6335 9152 1
6527 9322 1
1742 8370 1
1556 9900 1
835 9386 1
3963 5938 1
747 7287 1
345 1645 1
3414 6662 1
1437 6044 1
3092 6611 1
4336 9152 1
8529 9246 1
6545 6895 1
3955 7740 1
6441 8235 1
1367 7934 1
1083 4203 1
699 7246 1
4757 5395 1
2525 7668 1
2912 5862 1
1501 5655 1
2481 9059 1
126 4351 1
6027 7844 1
4227 8054 1
211 8596 1
5646 6432 1
2714 5096 1
2264 5799 1
3035 4922 1
7054 8061 1
8227 9416 1
739 7934 1
257 9880 1
1888 6451 1
780 5491 1
700 4973 1
2278 6636 1
3697 9178 1
207 9012 1
3330 5220 1
1642 1699 1
2390 6288 1
5132 7500 1
1089 1523 1
7365 9801 1
1568 9105 1
3491 9460 1
7018 9693 1
1080 9516 1
1956 4491 1
1192 3341 1
3110 9768 1
1281 5076 1
1465 6883 1
2434 5055 1
6078 8317 1
3237 5379 1
1678 7930 1
3292 9250 1
3536 7890 1
1420 5420 1
1936 4024 1
1707 7170 1
7865 9565 1
1464 7412 1
2734 4004 1
4291 4790 1
5478 6043 1
7486 8980 1
2263 7802 1
1022 9696 1
5024 9256 1
5026 7639 1
3608 3979 1
2736 5770 1
280 6615 1
5992 7203 1
8022 9899 1
54 7026 1
1250 7833 1
4744 7926 1
737 1606 1
7257 9278 1
4174 5329 1
3131 5518 1
7148 7830 1
100 5866 1
3441 3465 1
5385 8861 1
4256 9276 1
3602 8486 1
6305 9770 1
3022 9897 1
137 271 1
2740 6801 1
4612 5905 1
4818 5781 1
5788 9251 1
6975 8252 1
643 1540 1
2809 9789 1
4022 5847 1
2440 5196 1
8990 9135 1
1308 3650 1
2349 3388 1
7338 9243 1
6875 8021 1
2971 8804 1
5904 7332 1
3115 3830 1
1969 2578 1
1551 6791 1
3705 4827 1
5477 8985 1
6754 7502 1
3629 4051 1
1433 8233 1
1457 6375 1
1761 9230 1
2470 8229 1
2196 2742 1
3915 5576 1
1960 8127 1
6615 9006 1
1591 4096 1
8354 8520 1
4068 5037 1
3662 4349 1
4438 4570 1
4331 8645 1
2323 3456 1
358 1155 1
4920 5253 1
3084 9970 1
6021 9206 1
4371 5977 1
7561 9823 1
681 1027 1
3200 4668 1
7976 9284 1
166 1335 1
723 2192 1
7168 8027 1
881 9948 1
3632 9960 1
4816 5280 1
6464 7682 1
1027 9773 1
442 6868 1
3375 6362 1
5991 8401 1
2106 6208 1
5530 5562 1
6928 9479 1
2071 2989 1
696 8855 1
2356 8076 1
5038 8483 1
1010 3538 1
5530 8945 1
356 9164 1
8993 9917 1
1431 7732 1
3719 4078 1
2192 7830 1
2036 5627 1
871 4133 1
647 6869 1
174 4205 1
626 9964 1
1098 3358 1
2463 6603 1
2095 5453 1
4949 9350 1
1066 5540 1
1448 1670 1
2218 6018 1
4708 8729 1
717 7049 1
361 4970 1
2725 6788 1
1004 1629 1
6719 8150 1
477 2112 1
3660 4787 1
265 8645 1
3460 6419 1
1385 2260 1
3880 6224 1
4513 7857 1
344 5905 1
4876 6219 1
1531 4714 1
736 9169 1
5396 9638 1
1339 3955 1
470 5263 1
2839 8179 1
7801 9767 1
3212 6475 1
2613 5392 1
4359 8329 1
5787 6261 1
785 3554 1
6872 9681 1
4022 8909 1
2012 9309 1
8268 8829 1
1849 1963 1
7222 8747 1
2351 3113 1
536 1537 1
7635 8162 1
1845 4473 1
8817 9825 1
437 9637 1
2130 7086 1
48 8364 1
2271 9011 1
805 8343 1
1447 5366 1
261 2995 1
1622 6121 1
2384 5690 1
961 2440 1
1465 7635 1
5257 9829 1
5667 6317 1
2473 2729 1
31 9888 1
2364 5977 1
3580 9880 1
534 7476 1
1138 4207 1
2619 4217 1
1616 4771 1
864 9862 1
2953 3339 1
5606 6980 1
852 4375 1
4334 9561 1
2175 6455 1
1013 9396 1
1042 7882 1
1871 9427 1
3000 9012 1
7415 7987 1
264 8554 1
5121 8628 1
3180 7667 1
1418 8169 1
461 9822 1
2440 4659 1
4492 7114 1
6868 8757 1
5751 8243 1
1011 3092 1
4457 6369 1
2917 5752 1
7660 8168 1
270 9473 1
1464 9453 1
8272 8732 1
2926 6215 1
75 9005 1
2637 6112 1
975 4566 1
1883 6404 1
1126 3981 1
5525 9593 1
1774 7400 1
2314 2426 1
6975 9004 1
163 8071 1
922 1707 1
4798 9264 1
1580 7534 1
5281 7920 1
4410 4429 1
1669 6825 1
709 1599 1
506 3714 1
3561 8833 1
2568 4413 1
1019 8406 1
739 3693 1
2461 3792 1
5103 9496 1
6469 6550 1
5022 6124 1
662 6856 1
1187 3294 1
242 6270 1
7866 9333 1
2919 6333 1
6756 7546 1
3 1558 1
1871 6178 1
5396 8028 1
1028 2483 1
207 799 1
3001 8617 1
4131 7084 1
951 7898 1
9017 9616 1
541 3304 1
3632 8834 1
6166 8619 1
2553 4670 1
6603 9374 1
2138 4428 1
5331 5539 1
1976 3346 1
1134 5511 1
5070 9147 1
5841 8270 1
528 5701 1
6348 9764 1
5636 8804 1
5591 7341 1
4884 7479 1
1518 9823 1
1824 2925 1
3662 8834 1
1673 3695 1
4887 5683 1
4496 6027 1
1292 4003 1
7587 9113 1
3045 6421 1
3294 5405 1
3483 7556 1
7822 9919 1
4128 9014 1
1232 9587 1
1194 6851 1
573 2037 1
7962 9929 1
7700 9929 1
2168 4024 1
3713 9711 1
6493 8209 1
674 3782 1
9290 9320 1
143 6775 1
2206 3003 1
9322 9797 1
2522 7935 1
7606 8200 1
8521 9519 1
603 2037 1
318 6749 1
3300 5196 1
3754 7618 1
456 5959 1
588 8330 1
523 7935 1
208 2447 1
7458 9241 1
7499 9242 1
2740 6293 1
439 5763 1
2645 4743 1
1836 2130 1
2166 6206 1
5263 7609 1
545 8633 1
2596 5790 1
5218 6146 1
5008 6336 1
3325 7885 1
2972 8521 1
5064 5679 1
625 6118 1
2426 8762 1
1774 4635 1
3 3331 1
6348 7804 1
2740 4199 1
658 3033 1
2337 4748 1
348 2053 1
1767 6847 1
2004 8480 1
1269 6570 1
2007 9717 1
1169 9372 1
1657 8372 1
7046 9273 1
5530 9242 1
2844 7181 1
1331 8387 1
8175 9767 1
104 6015 1
7423 8442 1
2700 2706 1
1965 7212 1
2942 4683 1
1340 3188 1
4930 7153 1
86 9758 1
6237 7010 1
7596 9309 1
1963 3352 1
3136 8871 1
91 1242 1
4282 7871 1
3401 6136 1
7981 9874 1
4428 6942 1
4018 7044 1
5148 9483 1
8940 9233 1
8200 9423 1
3021 9298 1
1402 1972 1
1073 7166 1
5643 7210 1
9471 9623 1
3294 4734 1
3108 5510 1
1021 2280 1
3536 4267 1
246 5667 1
1693 7813 1
2536 9256 1
2374 6454 1
2933 8138 1
564 1812 1
9359 9567 1
796 3101 1
7265 9330 1
2304 4934 1
1399 2613 1
1752 1977 1
1452 1685 1
7338 9808 1
1737 1854 1
68 3301 1
5145 7091 1
2793 4344 1
4451 5182 1
1192 9867 1
220 6324 1
4760 6691 1
1730 8230 1
1188 6715 1
613 2054 1
1029 5150 1
2569 6521 1
1412 4888 1
8795 8828 1
1670 7398 1
5803 7441 1
7718 7935 1
6348 9227 1
6045 9418 1
875 4683 1
3162 7035 1
3459 8719 1
760 4733 1
0 4456 1
1027 8460 1
2773 4981 1
526 3748 1
2351 5288 1
4302 4685 1
3939 4633 1
1191 8302 1
1731 9744 1
1712 9502 1
7221 9731 1
2660 6043 1
583 1249 1
4803 8616 1
2033 5356 1
3905 5022 1
371 1366 1
3719 5798 1
8918 9019 1
6304 7026 1
7319 8761 1
2599 2734 1
4500 7302 1
4880 6769 1
2382 8923 1
358 5453 1
153 6741 1
4318 4787 1
2795 5305 1
635 7424 1
2657 7815 1
4050 4972 1
5896 9079 1
1832 8641 1
3606 7210 1
2282 4905 1
501 1193 1
1857 3975 1
688 7435 1
1803 7122 1
3109 4125 1
4635 4844 1
688 4991 1
531 3287 1
510 6382 1
1009 8015 1
2053 8990 1
6910 8310 1
1616 1819 1
1709 2764 1
6569 8017 1
5571 9669 1
1526 9473 1
4613 8468 1
7484 9336 1
1389 2005 1
2163 7815 1
4713 6605 1
3763 9237 1
5396 5881 1
3191 8257 1
1283 4992 1
3132 8616 1
1712 9047 1
7722 8346 1
2168 2682 1
91 4304 1
1082 8651 1
6366 8038 1
1865 6845 1
5533 7283 1
2434 3555 1
1778 1938 1
1633 2523 1
4962 5215 1
5600 9444 1
4757 8001 1
2045 8883 1
4242 8309 1
701 5926 1
479 7045 1
5078 8581 1
157 6994 1
7865 9004 1
523 2621 1
6923 9245 1
4275 7668 1
11 8862 1
5066 6477 1
586 3909 1
319 6763 1
4887 5980 1
1043 3596 1
582 757 1
5179 8074 1
4556 4685 1
7620 9358 1
3169 4310 1
3637 6630 1
727 5053 1
1052 8785 1
5971 9737 1
8521 8527 1
5594 7535 1
4069 9670 1
2665 9880 1
1961 5563 1
2458 6369 1
168 4500 1
5099 6775 1
1551 7385 1
2781 9274 1
5274 7530 1
3682 8443 1
6636 7094 1
3200 7945 1
1861 9304 1
4607 5000 1
3294 7580 1
472 4130 1
7380 9497 1
647 8857 1
1323 7908 1
6533 6592 1
2451 9520 1
1757 7611 1
4513 5523 1
4382 9204 1
2586 4460 1
6756 9266 1
4748 7083 1
7074 8609 1
3213 3804 1
1580 7160 1
2609 4629 1
6977 8676 1
1024 6713 1
2705 5091 1
9432 9858 1
5898 6202 1
2090 9891 1
590 3977 1
2740 7529 1
104 5023 1
2676 3572 1
7244 9205 1
3598 9280 1
1134 6292 1
2687 8834 1
3979 5939 1
1956 1970 1
4975 7624 1
1644 2607 1
763 4844 1
1028 2109 1
2626 5148 1
420 1472 1
8439 9760 1
1228 6112 1
4917 5175 1
6603 8061 1
1042 7642 1
1457 3720 1
2772 7602 1
728 9172 1
2484 4691 1
4225 7284 1
1804 4932 1
545 1359 1
3099 8936 1
1759 5189 1
3159 7489 1
3945 8398 1
521 6600 1
5280 9549 1
5523 9307 1
524 7837 1
1828 6457 1
732 4568 1
5405 6053 1
6743 9919 1
3429 4317 1
781 2740 1
848 7934 1
1787 9085 1
829 5440 1
4213 6119 1
1066 7073 1
8999 9171 1
1501 7001 1
1050 4096 1
1573 6123 1
2877 4743 1
1683 2319 1
2304 4881 1
3830 5600 1
6536 6593 1
4320 5427 1
3557 7885 1
2986 4686 1
3311 8418 1
386 1837 1
1690 3675 1
487 9059 1
1815 9039 1
3200 6335 1
22 1560 1
1933 2844 1
2213 5113 1
3364 8429 1
9334 9807 1
4205 5073 1
14 918 1
2756 8546 1
5758 8369 1
350 8946 1
3719 7839 1
1310 4558 1
5439 9555 1
2029 4245 1
859 8823 1
3469 7664 1
2421 2783 1
1389 4851 1
4260 8917 1
876 1822 1
633 6036 1
6259 7604 1
3981 4806 1
741 5569 1
32 154 1
3903 7367 1
1845 9039 1
1105 8475 1
1893 7767 1
8054 9679 1
5755 9010 1
6899 9627 1
910 1591 1
5440 7686 1
89 4825 1
4798 8219 1
605 955 1
2005 9671 1
8325 8452 1
2351 8618 1
3070 7551 1
6060 6613 1
6455 8832 1
2331 5899 1
1990 5606 1
1037 2305 1
1517 2942 1
2332 3091 1
1572 9230 1
5228 7399 1
2781 7798 1
288 3880 1
4818 9221 1
783 8023 1
2075 4374 1
4542 7825 1
6455 6738 1
3126 6520 1
1472 8245 1
6434 9833 1
276 1022 1
3681 6742 1
6089 6388 1
4607 6907 1
552 1859 1
1269 7135 1
389 8254 1
716 6397 1
2387 4087 1
4685 9981 1
2087 3795 1
7381 7842 1
1985 9934 1
2448 5494 1
183 2901 1
164 6823 1
7295 9761 1
7133 7713 1
2527 5006 1
1192 4821 1
2914 3200 1
156 6181 1
3046 7291 1
5291 7697 1
1490 3697 1
879 9959 1
2114 9940 1
524 7516 1
2210 7958 1
5396 6178 1
2156 4689 1
3575 9483 1
5640 6538 1
442 509 1
4720 9012 1
1695 7485 1
8634 9691 1
5506 7477 1
7548 9244 1
7560 8315 1
6116 7406 1
6935 8263 1
1212 9960 1
3896 4586 1
6621 9793 1
4049 4828 1
7 4903 1
7844 9013 1
1292 4247 1
7926 8823 1
3084 5839 1
3607 7866 1
4030 7969 1
1425 5530 1
3501 6127 1
6567 8217 1
3048 9565 1
5207 5501 1
291 8984 1
5540 7596 1
1003 4494 1
509 3959 1
2197 4447 1
1512 3590 1
7668 9322 1
1090 6341 1
1785 9606 1
6637 8582 1
101 1131 1
351 9385 1
3032 4494 1
131 8887 1
4668 5573 1
1609 2210 1
953 7009 1
951 2210 1
3425 6640 1
657 8179 1
4320 8273 1
7697 7781 1
6603 6719 1
3266 5829 1
4295 7462 1
2373 6743 1
1511 5058 1
4336 8217 1
4470 8217 1
5091 6615 1
3680 6600 1
392 1465 1
5436 7781 1
472 5366 1
5800 8997 1
4413 8622 1
3126 6199 1
1815 2436 1
3043 8416 1
7974 8439 1
6107 6673 1
484 1404 1
4133 9736 1
914 988 1
1437 3015 1
3610 5265 1
2942 4577 1
426 5371 1
3566 7410 1
3485 9700 1
489 9103 1
1902 2031 1
5188 5585 1
6719 7402 1
3634 9234 1
7412 9086 1
2293 9766 1
344 1774 1
2632 6980 1
8113 9133 1
6726 9512 1
1616 4828 1
1164 8868 1
5541 7551 1
376 7886 1
2081 4598 1
288 5787 1
105 6080 1
5031 5759 1
2591 7329 1
215 3996 1
454 2292 1
7644 8281 1
5101 8972 1
3143 7842 1
3650 9336 1
7439 9569 1
2229 3715 1
2162 2493 1
2752 5742 1
3361 9233 1
4094 8064 1
1572 9043 1
6763 7485 1
629 3986 1
999 2765 1
3519 5096 1
3467 9070 1
6282 6623 1
2066 8797 1
1655 7765 1
4107 5266 1
2623 9654 1
586 5979 1
3368 8310 1
3376 9891 1
2276 9546 1
3572 5107 1
1028 8017 1
2162 3782 1
952 7241 1
7086 9050 1
3879 5789 1
398 7621 1
2650 6754 1
4702 9209 1
750 9766 1
4088 8757 1
485 9468 1
7949 8112 1
153 2313 1
2281 9516 1
1307 7590 1
6085 6617 1
7403 9107 1
1976 8880 1
6298 7664 1
4560 8752 1
3330 6863 1
6062 6633 1
1531 7483 1
2281 6483 1
2033 8633 1
5925 6335 1
371 7087 1
3607 8834 1
7750 9565 1
8939 9201 1
2142 4604 1
688 9423 1
922 959 1
3568 5873 1
3339 6575 1
3182 4117 1
2091 9742 1
3237 4578 1
1131 4516 1
926 8248 1
4797 8291 1
1929 4496 1
4501 9461 1
4556 9922 1
7185 8251 1
657 4825 1
3 6287 1
6548 9882 1
552 7283 1
1018 8776 1
7086 8245 1
2772 9322 1
1774 4558 1
4458 9764 1
2027 6724 1
2402 5847 1
4659 5324 1
638 5522 1
4268 9640 1
4075 9245 1
2991 9625 1
2650 9332 1
21 3833 1
6199 9324 1
3603 3773 1
3126 6817 1
6680 7153 1
1859 5046 1
2979 5077 1
4780 7721 1
6206 7270 1
3692 8891 1
7882 9468 1
707 5477 1
7355 9951 1
2054 4733 1
584 913 1
1870 9527 1
5540 8348 1
8274 8945 1
6746 7399 1
2535 9917 1
2184 4964 1
3992 8779 1
8985 9680 1
2717 9399 1
1585 3881 1
105 9731 1
3792 7967 1
2756 9327 1
2623 8983 1
3096 9395 1
2781 3907 1
1188 1966 1
6875 8159 1
1837 5795 1
3456 6705 1
4130 4929 1
422 3372 1
4644 5150 1
4126 7439 1
2765 8285 1
2885 9333 1
5349 5905 1
4991 6197 1
4273 7866 1
5759 7466 1
3161 6006 1
81 8182 1
2311 3584 1
3923 9739 1
5531 8770 1
1641 2069 1
4985 9765 1
2991 6726 1
2626 8291 1
7385 8796 1
6443 9037 1
4621 9488 1
292 5369 1
3401 5843 1
3053 6823 1
4557 5531 1
1828 9250 1
3258 7255 1
548 4800 1
5436 6439 1
3483 5653 1
4751 6336 1
3119 6130 1
1185 9558 1
6047 9976 1
679 1284 1
479 8578 1
1835 4944 1
2015 6043 1
1600 5047 1
301 7525 1
7 3106 1
2053 6335 1
4007 6003 1
2467 2942 1
8955 9413 1
569 6027 1
2714 5263 1
1477 2203 1
4665 5222 1
126 7901 1
592 9394 1
6282 9469 1
945 2342 1
1447 9908 1
4472 4827 1
1875 8665 1
1457 1736 1
3802 7476 1
8452 9701 1
3294 4791 1
610 3557 1
2781 7424 1
52 2475 1
6399 7775 1
7393 8633 1
82 4569 1
257 4570 1
2867 3411 1
5482 9012 1
7318 9213 1
790 9005 1
5033 5244 1
3766 8169 1
153 4220 1
540 2414 1
791 6197 1
2537 9134 1
7184 9398 1
3863 5069 1
3908 4088 1
625 4215 1
8001 8030 1
1355 9164 1
6570 8946 1
7327 8171 1
164 6449 1
3617 8985 1
3846 6593 1
5566 8309 1
2629 6629 1
4411 6779 1
3979 7122 1
3693 4284 1
926 1295 1
1447 2687 1
5012 9628 1
984 4683 1
8294 8310 1
4564 6994 1
1904 6346 1
999 8189 1
7473 8346 1
1945 3903 1
1551 2286 1
3388 7031 1
1211 7291 1
1894 9041 1
4096 8057 1
6314 8360 1
3580 4757 1
423 4057 1
6305 6554 1
2370 8970 1
3459 6682 1
6009 7724 1
3482 4222 1
3242 6455 1
9069 9245 1
4131 5799 1
4117 5901 1
640 2779 1
4139 5660 1
187 2245 1
3282 9237 1
3523 5162 1
2989 5228 1
4555 6477 1
94 741 1
2616 9561 1
3304 5239 1
3940 8833 1
0 6741 1
678 3421 1
7833 9389 1
82 5053 1
8325 9851 1
2833 5065 1
1489 6080 1
1012 8370 1
809 6321 1
2963 8329 1
297 5392 1
383 5166 1
3814 4937 1
517 5166 1
264 4720 1
8222 8568 1
4502 8694 1
9574 9888 1
3401 6461 1
3411 7149 1
5606 9912 1
1131 3524 1
331 7635 1
6320 8501 1
3813 4685 1
6459 9599 1
5695 8449 1
4222 9808 1
1707 5377 1
605 1199 1
6016 9029 1
1259 4463 1
1929 6887 1
489 7440 1
1155 5803 1
2650 4957 1
6581 7495 1
6611 7145 1
1993 3115 1
5592 7920 1
1931 2237 1
4374 5102 1
1590 8360 1
1881 6846 1
43 4320 1
1575 8991 1
1979 6600 1
1217 4587 1
750 5875 1
7852 9765 1
6735 9251 1
178 4895 1
1448 1487 1
675 5701 1
2 4669 1
2309 5953 1
3465 9613 1
3840 8736 1
6438 8506 1
1548 6794 1
2743 5656 1
7127 9482 1
5136 5960 1
4633 5339 1
4387 5872 1
7255 9667 1
3361 7920 1
1735 9249 1
264 8237 1
474 1631 1
9480 9606 1
7911 8251 1
745 6066 1
5655 8218 1
4131 5128 1
4034 9891 1
5086 8475 1
2908 3629 1
2777 6364 1
2378 6847 1
922 4423 1
4344 9558 1
2883 9234 1
6262 9569 1
4556 9414 1
7 825 1
3088 5667 1
2458 5271 1
2495 7782 1
694 2694 1
721 2797 1
3481 5369 1
750 8453 1
3004 7659 1
5972 8460 1
6137 8527 1
3191 9737 1
3003 4024 1
3421 7947 1
852 9669 1
6833 8230 1
2440 9014 1
3956 9045 1
2794 7822 1
3661 7407 1
2783 6909 1
7528 9960 1
1217 5071 1
823 4952 1
2722 8885 1
3429 9501 1
4446 5647 1
1765 4122 1
1502 5240 1
5053 8311 1
1581 5533 1
58 4331 1
982 9900 1
4237 5473 1
2238 4342 1
3662 4784 1
2277 5236 1
7084 9919 1
4451 9374 1
3794 4903 1
6772 8112 1
6106 7470 1
3236 7012 1
6298 7640 1
4309 8917 1
7401 9976 1
1212 6016 1
1779 7561 1
1347 9624 1
2536 2844 1
2286 4359 1
1133 8352 1
5704 7840 1
1786 9671 1
1148 1278 1
1012 7833 1
983 2931 1
5747 6224 1
3031 8650 1
3210 3697 1
990 9737 1
5412 7439 1
8536 8945 1
1131 2048 1
5322 8677 1
2495 4883 1
2837 8784 1
2204 3953 1
6481 7882 1
1657 2094 1
2436 5242 1
2365 8974 1
3640 6664 1
5321 9206 1
85 6103 1
2003 6114 1
652 1232 1
1923 5596 1
4779 7876 1
6606 7769 1
7886 9213 1
687 5390 1
926 3686 1
3032 6966 1
4260 8974 1
714 9465 1
5728 7271 1
4014 7255 1
2045 9908 1
2405 3835 1
3986 5207 1
9574 9701 1
6546 8657 1
2919 4056 1
2824 4950 1
6356 7779 1
7930 7980 1
148 1325 1
1920 6237 1
7739 8412 1
2305 6048 1
3458 6027 1
1359 1474 1
42 2592 1
5823 8447 1
7731 7770 1
3572 6506 1
341 2659 1
530 5564 1
3159 4647 1
855 2880 1
441 9656 1
3531 9888 1
2705 7860 1
4609 5721 1
6388 8606 1
1164 7018 1
1873 6017 1
3531 6855 1
9866 9886 1
2685 5114 1
2236 7008 1
5632 6758 1
914 7782 1
1329 1608 1
1241 5925 1
1547 5443 1
16 216 1
2488 7229 1
3126 9960 1
220 5873 1
1488 5802 1
5335 7703 1
1105 7727 1
2323 6603 1
6588 8263 1
2493 9266 1
4702 7009 1
5703 9792 1
825 6397 1
159 2372 1
135 5950 1
3032 4067 1
4021 7779 1
7438 7652 1
1466 2229 1
3544 7625 1
5175 8360 1
2623 4771 1
4230 4920 1
816 5530 1
1050 3482 1
2574 8292 1
3864 7980 1
3 6181 1
3678 5346 1
3421 7410 1
2127 3816 1
430 7911 1
4513 5393 1
984 2081 1
808 8271 1
402 7583 1
395 2440 1
3729 4530 1
96 8974 1
5296 7724 1
2102 8832 1
1374 3929 1
2969 4253 1
1362 2414 1
3602 6640 1
5978 7529 1
7206 8783 1
577 9277 1
2268 8343 1
8398 8690 1
1810 8431 1
5206 8181 1
423 8810 1
471 3374 1
682 7758 1
413 2615 1
4623 9294 1
4955 7781 1
1216 4659 1
4502 4803 1
1654 4104 1
3402 5424 1
3596 8673 1
6979 8218 1
728 2626 1
413 3554 1
1361 7265 1
2971 6369 1
2847 4613 1
5479 9629 1
4294 6759 1
6606 8387 1
3578 7343 1
997 6988 1
5859 7406 1
687 6008 1
594 9981 1
7612 9070 1
1767 4920 1
3945 8268 1
1655 6399 1
4048 6703 1
540 4268 1
4827 6441 1
7096 9153 1
4076 7970 1
5301 7263 1
2474 3469 1
4616 7160 1
1968 5583 1
187 1871 1
605 1630 1
1883 3001 1
4990 9064 1
3044 7005 1
5805 6015 1
607 9812 1
153 3980 1
1488 5131 1
925 1985 1
2451 3458 1
1890 5111 1
6353 9230 1
4309 6636 1
1895 3011 1
78 3806 1
3544 6015 1
266 6486 1
4225 9382 1
278 5557 1
3182 8817 1
5542 9927 1
1217 5018 1
2772 6667 1
5146 5231 1
1521 5429 1
5669 6504 1
939 2041 1
471 475 1
2740 5439 1
5921 7479 1
3070 3099 1
90 7199 1
3240 9926 1
943 9330 1
5912 9645 1
5244 8957 1
5822 6719 1
4556 5173 1
514 4494 1
2484 4695 1
2231 4249 1
2605 6153 1
2837 7442 1
4122 5066 1
617 6312 1
8253 8446 1
907 5327 1
91 7959 1
48 7323 1
5464 9081 1
2835 3582 1
4533 5539 1
325 2878 1
3126 5451 1
196 778 1
3064 4573 1
4485 7750 1
4667 8922 1
4851 5067 1
3975 7648 1
7032 7932 1
1010 3920 1
4024 9984 1
325 3817 1
2291 8972 1
2365 8921 1
3989 4513 1
5081 8912 1
916 2006 1
4174 9928 1
2438 5235 1
5313 7757 1
6333 6618 1
5409 8219 1
4436 4451 1
3885 6792 1
506 795 1
803 8895 1
6501 9585 1
1016 3526 1
6459 9359 1
1280 2818 1
3964 8778 1
679 8078 1
1472 6960 1
5682 9667 1
2320 2331 1
3887 7777 1
8099 8113 1
1805 9055 1
845 4583 1
284 2072 1
1335 6662 1
7401 9468 1
1167 8017 1
2947 9784 1
4513 5206 1
4530 5375 1
2730 5585 1
1073 1185 1
3557 8023 1
3880 6956 1
5396 6987 1
630 7031 1
3833 8830 1
3640 9189 1
7410 8426 1
1670 6544 1
1904 4496 1
3645 7089 1
539 4634 1
143 5600 1
5273 9216 1
4575 4744 1
7097 7148 1
2503 4266 1
4087 9127 1
933 4938 1
6812 7918 1
6657 6849 1
1034 3300 1
6009 9257 1
4803 7762 1
2401 5652 1
4696 9585 1
832 1099 1
4985 7244 1
5200 8364 1
7051 7153 1
420 2094 1
2075 5667 1
3788 6212 1
2007 4220 1
3082 9204 1
1241 7161 1
2030 7587 1
2964 8394 1
1488 7038 1
3662 4760 1
2277 9184 1
5895 7815 1
6275 7282 1
822 6396 1
1340 1663 1
1331 6273 1
1771 6545 1
1955 8352 1
723 5636 1
4193 5335 1
1982 4513 1
4895 7327 1
3802 7399 1
1985 9133 1
208 467 1
1780 9667 1
9636 9855 1
4106 5531 1
5841 9807 1
8475 9234 1
1224 5221 1
1484 2142 1
747 5067 1
3687 8738 1
1538 1624 1
5930 6065 1
6668 9212 1
4803 4863 1
691 3445 1
386 2809 1
5284 6856 1
1683 4230 1
5801 6594 1
3363 6547 1
9307 9922 1
7688 9012 1
9250 9388 1
4171 4771 1
8596 8598 1
1029 6069 1
3441 9621 1
9494 9748 1
4313 9550 1
710 6289 1
3580 7713 1
2709 4976 1
7170 8268 1
1616 2604 1
4047 6398 1
40 78 1
5654 5793 1
750 1931 1
2759 7722 1
2210 8446 1
350 4441 1
4460 9196 1
1967 4524 1
647 6125 1
6404 8176 1
4135 7184 1
6266 9932 1
8155 9013 1
1157 2440 1
4125 8159 1
4080 6696 1
606 9507 1
2086 3657 1
859 1285 1
2863 6732 1
131 3764 1
2880 6147 1
55 736 1
5488 8325 1
283 2815 1
823 4257 1
6336 7668 1
1640 8451 1
5637 7667 1
3486 6896 1
4021 4022 1
6259 7421 1
2575 6450 1
1878 7276 1
770 6316 1
5780 8884 1
2319 2323 1
8781 9825 1
7664 7813 1
3283 7476 1
592 5263 1
6748 6831 1
86 6623 1
4733 9331 1
2116 2903 1
3182 6081 1
1931 7287 1
1962 2436 1
4369 9808 1
2029 8384 1
2127 2503 1
4203 9516 1
6598 7237 1
108 4103 1
6789 7771 1
4437 5024 1
3986 9289 1
4309 8222 1
1893 7934 1
5009 9387 1
6643 9639 1
3587 8237 1
1746 8446 1
2029 8734 1
7638 7689 1
5076 7576 1
1530 8821 1
3061 3468 1
2493 7148 1
3298 5101 1
1660 8113 1
1593 6891 1
2016 6994 1
6428 6452 1
1501 7302 1
4300 8294 1
3414 6215 1
1457 2277 1
5328 8736 1
5300 7442 1
1725 3031 1
1802 7415 1
2521 6348 1
3853 4572 1
4408 4794 1
7393 9174 1
1488 8945 1
1925 5536 1
533 4817 1
6842 9825 1
7316 8927 1
3711 6559 1
8184 8922 1
3340 7555 1
2259 5008 1
4139 7945 1
1 5306 1
5004 5205 1
3617 7082 1
2705 3782 1
3061 9079 1
1963 9561 1
1189 1307 1
1474 3920 1
4822 9106 1
3031 4706 1
77 2857 1
2081 5086 1
1786 9110 1
2149 6718 1
3212 6215 1
5908 6520 1
538 9833 1
4373 7967 1
2229 4203 1
16 2554 1
3254 5128 1
2660 6641 1
485 1312 1
447 4992 1
7950 9226 1
1780 9480 1
2096 7996 1
1712 7067 1
1251 3474 1
351 1497 1
3773 6632 1
4895 5046 1
4616 5631 1
228 6759 1
1878 7544 1
1076 6102 1
7318 9888 1
439 6979 1
852 7148 1
4451 8947 1
2581 4254 1
659 2781 1
2350 3567 1
2632 6663 1
371 6286 1
586 7406 1
1326 1554 1
5381 6602 1
3779 4353 1
90 3792 1
2734 7879 1
2256 4871 1
1810 9480 1
2629 6365 1
1488 9429 1
2625 8875 1
2809 5020 1
4127 6756 1
1682 3818 1
3781 6119 1
1690 7843 1
2659 6015 1
3421 9748 1
319 4783 1
1523 9423 1
876 5640 1
3758 5169 1
1077 1200 1
370 584 1
5717 9153 1
5433 9394 1
3838 5872 1
569 5897 1
3676 7988 1
3578 7453 1
6735 8153 1
7244 8030 1
434 1508 1
5103 7947 1
4062 8963 1
4131 8568 1
2123 5631 1
3 6425 1
1968 2310 1
1400 9208 1
1511 1842 1
2923 5657 1
1034 4886 1
3774 8681 1
49 8463 1
3700 6288 1
3975 4241 1
3263 4035 1
2750 6668 1
1621 2387 1
4628 7280 1
6425 9216 1
4818 6623 1
1155 7283 1
5896 8872 1
3675 9614 1
4284 6689 1
4230 9836 1
3535 8291 1
2117 2941 1
5470 7717 1
1786 5056 1
3568 7650 1
3611 9040 1
1522 9147 1
1133 7120 1
431 7602 1
2702 9229 1
252 2941 1
1664 5066 1
1393 9676 1
5765 8015 1
8521 9125 1
1272 2741 1
148 7664 1
5038 7686 1
4494 4590 1
6586 8918 1
4798 8199 1
4536 9919 1
635 7001 1
3207 5550 1
6426 7882 1
2851 4225 1
681 4902 1
4222 8039 1
5237 5802 1
511 2993 1
5937 9411 1
5918 9169 1
834 5898 1
3032 8178 1
4171 6007 1
558 2058 1
351 4209 1
995 2059 1
62 4106 1
6655 8873 1
519 7957 1
1737 4359 1
9218 9588 1
3101 4750 1
665 1366 1
4952 9955 1
2619 3286 1
6306 7184 1
745 4513 1
1345 9204 1
510 2926 1
4345 7476 1
162 5626 1
12 2649 1
4876 7866 1
564 9578 1
223 7033 1
3879 5956 1
1993 8112 1
5642 8308 1
4496 4612 1
3789 4750 1
5872 8770 1
2641 2671 1
461 3414 1
471 4102 1
2140 4375 1
507 7731 1
6842 7544 1
479 5683 1
5716 9196 1
7247 8761 1
8467 9962 1
4857 5530 1
533 5919 1
1742 6931 1
4089 7082 1
1386 5606 1
35 5642 1
3055 6044 1
1878 3035 1
1188 9004 1
3161 4750 1
169 2609 1
936 9692 1
3632 7553 1
779 9708 1
7844 8643 1
5466 6927 1
8709 9845 1
3592 7188 1
2744 4647 1
373 8266 1
2236 6126 1
422 6438 1
288 3994 1
5126 7236 1
4046 7543 1
4187 9468 1
7561 8705 1
8020 9219 1
5026 7005 1
164 171 1
7364 7602 1
2438 5479 1
3902 9484 1
4019 4407 1
562 2661 1
264 7168 1
7122 9008 1
138 4585 1
6475 9197 1
7156 7838 1
4988 7652 1
1452 9585 1
1066 5577 1
1288 8430 1
1518 4920 1
3832 4931 1
601 1084 1
2340 9458 1
752 2943 1
2937 5018 1
1106 5915 1
2448 6547 1
3294 7507 1
288 6222 1
7602 8305 1
829 8266 1
9184 9333 1
4949 7293 1
1095 8385 1
1028 7163 1
4572 5091 1
535 9482 1
4726 8941 1
3119 7102 1
757 3667 1
5433 7113 1
1056 2014 1
3368 7806 1
51 1933 1
4316 4347 1
885 8548 1
4818 9469 1
5396 7231 1
315 8395 1
3106 5362 1
4307 6513 1
348 1927 1
743 7152 1
3 4144 1
3232 7918 1
4204 9017 1
2461 9761 1
5050 7725 1
671 8215 1
2942 7590 1
6126 9147 1
395 6819 1
1310 7384 1
3672 6123 1
2314 7240 1
2668 5486 1
5820 6596 1
9326 9924 1
1640 5983 1
6279 8049 1
5479 7242 1
1530 7508 1
1337 7113 1
4570 5179 1
4680 7791 1
2469 6215 1
1865 3068 1
2623 8345 1
2152 4818 1
2351 8411 1
5852 7423 1
5599 9229 1
2968 7067 1
766 881 1
918 7102 1
3590 6821 1
2086 9833 1
3464 7648 1
5812 7243 1
4086 7402 1
807 2575 1
2443 5152 1
8774 9919 1
7293 8219 1
1014 7749 1
171 6306 1
5255 7325 1
4866 5298 1
361 9813 1
8155 9123 1
2255 9238 1
6321 8059 1
2591 2771 1
5858 6083 1
1591 3596 1
3690 5897 1
5381 9127 1
3927 7530 1
4585 9193 1
4748 8433 1
3354 9331 1
7561 9323 1
1057 8735 1
917 5722 1
5530 7156 1
750 3330 1
3320 7468 1
4024 5369 1
8793 9006 1
5763 9579 1
907 8417 1
2961 5091 1
5793 6977 1
2011 5471 1
4313 6411 1
1627 4542 1
6224 9415 1
3502 7889 1
971 2925 1
3713 4137 1
5801 7777 1
1575 5291 1
2320 3193 1
8273 9128 1
8823 9006 1
2572 8140 1
354 1421 1
4665 8906 1
3061 3578 1
4229 8753 1
6003 7322 1
5405 7403 1
348 2545 1
7039 7655 1
760 7185 1
540 2715 1
2293 2659 1
2962 8675 1
2296 3896 1
2053 4892 1
7975 8508 1
6636 9867 1
633 2125 1
4826 9389 1
3320 7602 1
252 8849 1
3270 5795 1
6444 6664 1
1642 4045 1
2373 9219 1
1086 1878 1
5067 8697 1
1488 3578 1
794 3921 1
625 4866 1
1447 9404 1
1416 3675 1
795 9249 1
1810 7012 1
3905 4441 1
9588 9761 1
1300 7664 1
5175 5197 1
839 2351 1
417 5102 1
3870 5386 1
1690 5375 1
4357 4750 1
2710 8208 1
6168 8836 1
3348 3769 1
2302 4441 1
498 745 1
2218 4713 1
319 3254 1
5938 9313 1
3142 5586 1
4112 8302 1
5103 5479 1
3186 9076 1
3212 3881 1
5770 6696 1
3590 7439 1
6804 9427 1
4359 5735 1
8364 8976 1
2676 7284 1
4635 7296 1
5788 7275 1
750 2659 1
4563 8359 1
633 8675 1
2147 3907 1
1885 8825 1
1835 7018 1
6881 9243 1
2793 8219 1
1298 2649 1
5088 8180 1
3276 6875 1
6397 8672 1
1391 8475 1
211 1977 1
240 6879 1
6605 8786 1
4189 4334 1
5682 6825 1
319 8865 1
6270 6995 1
2519 4802 1
6810 8437 1
4709 9473 1
4604 7959 1
3021 9924 1
165 1982 1
7336 7729 1
2904 2923 1
4277 5120 1
5591 7646 1
4 344 1
697 2028 1
1380 6222 1
1720 4570 1
3716 5992 1
3730 5890 1
2988 5253 1
150 9214 1
864 8557 1
3028 4837 1
184 2382 1
1051 8383 1
1655 5114 1
326 7161 1
1255 7624 1
3531 7343 1
1487 4749 1
217 5713 1
3021 4797 1
1171 3200 1
1878 7788 1
1200 2440 1
2081 4175 1
5336 8416 1
2109 7132 1
3723 8452 1
676 2440 1
366 5432 1
7258 8546 1
4746 8550 1
5436 6553 1
723 7921 1
62 1988 1
676 9795 1
881 2845 1
6662 9454 1
1805 2964 1
2851 3046 1
8681 9517 1
3841 7168 1
5255 9366 1
597 6469 1
2827 5843 1
1753 3713 1
1530 5361 1
5103 8191 1
129 5088 1
1488 7579 1
3624 8981 1
737 9108 1
3032 4905 1
5599 9526 1
2624 5110 1
2942 3699 1
75 9928 1
2520 6450 1
5324 8540 1
135 7727 1
2552 4453 1
565 7311 1
6280 6662 1
960 5366 1
2997 6789 1
6777 7468 1
156 5571 1
1478 6460 1
236 9472 1
5158 9941 1
1433 2553 1
6448 9629 1
2092 4818 1
6624 9296 1
442 6315 1
383 2702 1
8371 8671 1
7674 9497 1
184 7188 1
922 3919 1
6228 9481 1
278 1373 1
8249 8681 1
1609 8232 1
2443 7677 1
3188 6333 1
2857 6728 1
271 6029 1
4068 6123 1
2464 7965 1
2578 2617 1
2304 4300 1
3233 4763 1
313 778 1
1691 3319 1
1288 6312 1
1331 6948 1
1453 1461 1
5377 7746 1
761 4351 1
4009 4203 1
8195 9734 1
3792 5666 1
2744 4757 1
2699 7458 1
3979 9464 1
1052 4500 1
684 4104 1
732 2832 1
4818 7001 1
3560 9480 1
3512 4336 1
248 4705 1
4425 8238 1
822 4977 1
1011 7882 1
4051 7997 1
2007 9567 1
4428 5503 1
6914 9004 1
1532 6830 1
4586 6843 1
1028 9017 1
6118 9070 1
5225 9984 1
4464 9105 1
3032 7267 1
2051 8334 1
1492 4398 1
3732 4460 1
750 3761 1
3890 5046 1
4351 6195 1
2820 5132 1
5144 5831 1
1720 4033 1
7373 7424 1
1437 7882 1
5277 8804 1
415 1970 1
2356 3685 1
392 6682 1
3467 5882 1
2307 4732 1
2391 5369 1
2434 6759 1
2504 9218 1
2081 2699 1
494 3956 1
6732 7778 1
918 7667 1
2888 7114 1
1064 2766 1
4242 5097 1
825 4470 1
7041 9287 1
7465 8302 1
409 8729 1
818 6682 1
5066 9681 1
2172 4665 1
7342 9400 1
949 1503 1
852 6266 1
4144 5693 1
1131 4927 1
119 4429 1
7947 8985 1
674 9377 1
5670 9795 1
3065 8854 1
6633 9088 1
7385 8723 1
900 5933 1
2942 7700 1
4757 6078 1
1581 2130 1
2687 6427 1
8208 9699 1
4660 6145 1
5078 6658 1
6217 6931 1
1253 4516 1
6754 8856 1
792 3367 1
2844 4132 1
1214 8725 1
4462 9543 1
1781 8018 1
5014 6084 1
3544 7926 1
1739 7792 1
741 9444 1
3571 8783 1
6613 7281 1
2912 4451 1
2233 8300 1
3494 9502 1
5491 9806 1
2857 3963 1
3726 4375 1
4818 8774 1
4413 4524 1
1705 6868 1
1603 4871 1
1164 7453 1
3979 5760 1
2468 6073 1
4835 9128 1
2925 7480 1
3212 6756 1
2560 6601 1
4399 9729 1
6498 7866 1
7298 8673 1
696 2854 1
2781 5257 1
785 7807 1
467 2802 1
2681 8059 1
3357 6356 1
3782 5596 1
4635 7727 1
1285 5878 1
9365 9746 1
7372 9561 1
4698 9015 1
6066 6896 1
1112 9333 1
101 200 1
4727 8255 1
694 7130 1
3300 4509 1
413 472 1
3028 6073 1
4392 8908 1
8172 9587 1
3692 6053 1
3953 5828 1
2597 7018 1
3662 4898 1
6948 8452 1
2223 9251 1
4327 5288 1
1519 1736 1
2245 6566 1
2181 2609 1
3411 4498 1
1239 9266 1
2956 4857 1
5218 8842 1
8387 9367 1
1221 7182 1
4629 6003 1
2053 6746 1
6411 9351 1
2323 8327 1
1440 5765 1
1206 1397 1
3537 7239 1
5076 8385 1
4737 8919 1
2963 3934 1
3601 5911 1
991 4626 1
4853 5869 1
3318 9760 1
2714 6613 1
4202 8760 1
1960 7871 1
5938 6845 1
654 5206 1
2658 4237 1
116 7782 1
1781 7347 1
2464 6623 1
220 9825 1
1156 7295 1
237 9240 1
8492 9137 1
6188 8124 1
6611 8227 1
1923 3266 1
2440 7168 1
1865 8923 1
6115 6333 1
4659 6353 1
2844 7783 1
3633 9929 1
4939 6178 1
954 6787 1
2181 2743 1
2676 5166 1
4393 7173 1
8319 9367 1
4374 4679 1
974 3467 1
6968 9403 1
7346 8043 1
6293 7544 1
560 3635 1
1112 4340 1
541 1141 1
262 2480 1
3092 9201 1
5215 8678 1
733 7727 1
7882 8053 1
2166 6003 1
956 3800 1
8179 9737 1
1486 3800 1
2941 6753 1
4496 5958 1
2923 9365 1
951 6085 1
1844 6891 1
7207 9577 1
6448 8771 1
218 8974 1
5211 8155 1
5006 9443 1
422 4051 1
6251 7668 1
1210 3343 1
1356 4858 1
6335 6615 1
1106 4683 1
3227 6743 1
2867 3956 1
61 1793 1
8515 9255 1
2311 4263 1
805 8892 1
788 3061 1
922 3061 1
657 3544 1
4800 5029 1
2498 4089 1
4319 9829 1
1602 8647 1
2968 5701 1
3658 3704 1
4220 9823 1
1938 7815 1
3781 5989 1
3662 4577 1
8901 8917 1
3486 4351 1
6767 7561 1
3618 7688 1
1295 2461 1
376 4406 1
2640 6774 1
577 8102 1
298 8687 1
284 2373 1
4091 7319 1
3373 4824 1
3270 3945 1
4443 9464 1
5375 9444 1
3030 5424 1
361 9386 1
4134 4922 1
4967 5677 1
5278 9511 1
7907 8594 1
3198 5008 1
2002 8365 1
3356 6348 1
3741 6159 1
1028 4187 1
1771 4268 1
3792 9130 1
2510 7051 1
4599 8664 1
4184 7668 1
6777 7094 1
1982 2236 1
3687 7616 1
2009 2339 1
963 3011 1
2945 7945 1
5718 8470 1
2511 5209 1
16 464 1
3663 9659 1
633 7980 1
2969 7750 1
3126 3792 1
2799 3397 1
5644 9460 1
7567 9815 1
1447 5460 1
631 8092 1
707 2452 1
2286 2997 1
2595 4506 1
2851 6189 1
2261 2940 1
5894 9985 1
2615 5158 1
6147 7987 1
1768 2253 1
1200 9905 1
4878 7833 1
3531 9331 1
1774 3761 1
6481 6520 1
91 4556 1
7911 9251 1
3969 6524 1
7833 7840 1
1660 4413 1
2295 2709 1
6224 9338 1
6279 9045 1
319 9109 1
7495 8784 1
1232 4875 1
2959 9290 1
2857 7293 1
1224 4233 1
8443 9462 1
2961 9336 1
559 4782 1
397 2734 1
4824 4944 1
1754 8370 1
5782 6145 1
1398 2319 1
2146 6908 1
1869 8320 1
389 7754 1
6511 6520 1
1434 1976 1
2065 3536 1
3228 4203 1
193 7842 1
5308 8706 1
3534 5441 1
2761 5491 1
2434 5096 1
1472 5651 1
8872 9760 1
7161 8507 1
7677 9555 1
270 5029 1
2006 7278 1
2933 9358 1
3687 5656 1
5737 9004 1
3638 4451 1
1490 9613 1
582 1359 1
8549 8703 1
1674 5758 1
5564 6043 1
2871 9419 1
5722 7383 1
1272 5189 1
1261 8972 1
136 2181 1
5540 8840 1
4048 6951 1
3117 9825 1
73 8248 1
875 2520 1
1214 2740 1
5042 8563 1
2652 7776 1
5410 6515 1
2203 3254 1
1413 1637 1
1588 8054 1
349 6611 1
91 1657 1
6142 8127 1
8636 9237 1
4761 5288 1
3061 6668 1
6268 9929 1
5726 7660 1
6851 9755 1
2312 9024 1
1892 2022 1
2740 7781 1
1701 2454 1
1652 9917 1
2072 4841 1
3637 9460 1
9294 9587 1
1302 6128 1
3697 7259 1
1281 5251 1
2539 2772 1
606 9808 1
16 143 1
606 3392 1
3438 4524 1
1027 7586 1
3069 9353 1
2852 8372 1
4371 8112 1
6759 8826 1
9520 9526 1
3140 9004 1
6115 6280 1
5070 5642 1
999 4225 1
5443 8102 1
207 7443 1
7709 8796 1
875 5098 1
419 9019 1
7251 8884 1
2901 8614 1
5795 7214 1
2658 8856 1
856 8239 1
7186 7708 1
2212 4605 1
1021 1890 1
7084 7431 1
5771 9257 1
6170 9720 1
456 6053 1
1657 3794 1
813 8542 1
1625 4256 1
763 6735 1
999 3070 1
2029 6591 1
2060 5904 1
1970 9394 1
1261 3979 1
2520 9272 1
3088 6346 1
2773 7274 1
247 9070 1
90 9086 1
6520 9725 1
945 9600 1
3877 8492 1
866 9307 1
6564 9243 1
1117 4230 1
6304 8380 1
6025 8965 1
3258 9386 1
3036 7095 1
235 2270 1
2210 2815 1
3999 6388 1
1184 8835 1
2698 4067 1
5895 6640 1
4969 9858 1
136 1510 1
5242 8704 1
2877 9667 1
2036 2635 1
212 1505 1
685 1725 1
2097 5540 1
2054 8876 1
3131 8271 1
6624 9674 1
3831 4710 1
4923 9109 1
1902 2820 1
2165 5674 1
5375 8452 1
685 5108 1
3529 8317 1
5471 8914 1
9339 9440 1
3601 5187 1
4920 8811 1
8810 9850 1
6341 9736 1
1931 4689 1
1022 4878 1
3537 6865 1
4428 7036 1
999 5648 1
3175 7415 1
5699 7236 1
6048 9110 1
3888 8785 1
2611 8770 1
3010 9041 1
8273 9803 1
732 2271 1
1205 8907 1
6344 7159 1
7658 8187 1
7599 8546 1
2764 8985 1
5959 6759 1
672 5411 1
3719 4253 1
3225 7882 1
208 3964 1
5046 7206 1
1591 6849 1
5541 7185 1
5899 7647 1
4675 6512 1
1547 3544 1
1657 6156 1
4872 7026 1
2647 6306 1
3980 6630 1
1217 2851 1
286 5725 1
2467 8590 1
6080 6123 1
1622 4068 1
2005 9468 1
4027 9859 1
1138 5187 1
4295 6641 1
389 9795 1
1220 5751 1
5826 8458 1
2638 5439 1
8023 8850 1
829 7815 1
3294 7995 1
2862 5332 1
5126 9952 1
1616 2718 1
2867 3232 1
1869 4884 1
3877 7821 1
5540 9003 1
248 895 1
1973 2955 1
2838 8129 1
2175 7785 1
1863 6732 1
5428 7257 1
5464 6914 1
5440 6328 1
104 8471 1
3003 7415 1
7385 8162 1
9573 9754 1
1715 8739 1
3265 3628 1
2214 3956 1
4729 8387 1
1140 4078 1
2069 4541 1
5394 8023 1
6848 7176 1
2784 6738 1
1345 6927 1
834 3971 1
894 4022 1
82 2646 1
5056 9721 1
4889 6575 1
639 9919 1
1835 4310 1
780 4674 1
5876 7016 1
669 9007 1
4320 7586 1
3003 8704 1
4851 7222 1
40 5803 1
2935 7257 1
6672 7300 1
7933 8502 1
7668 8985 1
5951 6786 1
2893 9475 1
4268 8335 1
5956 9604 1
2408 8494 1
2814 6738 1
780 2580 1
3424 7421 1
2077 8165 1
7725 8738 1
8095 8271 1
3427 4686 1
421 3401 1
1157 8165 1
89 2662 1
1403 5188 1
3266 9464 1
3106 5045 1
9009 9365 1
1206 8057 1
5979 6740 1
3215 7432 1
3184 5867 1
715 6507 1
2473 8515 1
2705 5640 1
915 6538 1
1581 4147 1
2844 6738 1
1509 2581 1
414 8996 1
1956 7996 1
6782 8003 1
6398 7074 1
4612 7182 1
3989 7957 1
80 2734 1
62 1374 1
1736 2745 1
165 6979 1
3649 8828 1
4466 6606 1
940 2811 1
16 4412 1
143 3433 1
3694 7258 1
3525 9701 1
1380 4803 1
5072 9045 1
6068 9764 1
4051 8993 1
1073 3340 1
1584 4044 1
3679 7135 1
2817 3198 1
1774 9803 1
4028 9763 1
7273 9344 1
4231 5396 1
676 3115 1
1901 7134 1
4170 8126 1
5001 7300 1
9629 9766 1
940 9577 1
1018 4572 1
3607 8952 1
601 7667 1
1434 7668 1
3022 3603 1
2373 9573 1
2268 3895 1
2005 6703 1
6073 9734 1
4724 5679 1
7470 8353 1
6456 9472 1
1759 9121 1
1406 9757 1
5735 6706 1
907 5872 1
6745 8851 1
6829 9488 1
1970 9341 1
3960 6222 1
1200 4404 1
623 9496 1
4883 5150 1
2445 6601 1
6968 7553 1
284 3422 1
4137 7023 1
6017 9960 1
5420 5540 1
6452 9888 1
1457 5908 1
3747 9497 1
7489 9884 1
875 4240 1
2798 8567 1
1633 7073 1
4990 7649 1
6079 6115 1
1977 5385 1
148 3911 1
1185 8603 1
5034 8887 1
2331 7603 1
1006 4696 1
1472 9599 1
4309 7665 1
3786 9610 1
1551 4230 1
1595 7720 1
7997 8755 1
4771 9416 1
702 4470 1
5299 5371 1
151 2869 1
3697 5596 1
1935 2126 1
4937 5921 1
5890 9976 1
2817 6715 1
4496 8430 1
3018 8691 1
2192 6663 1
4441 6279 1
2161 5098 1
4931 8358 1
2818 3907 1
1966 7074 1
2780 7587 1
3934 6448 1
3743 6880 1
1613 3014 1
5687 8112 1
5823 8939 1
2674 5848 1
7481 9777 1
5494 8471 1
258 7812 1
638 7279 1
1251 5816 1
1006 5985 1
4344 9729 1
3516 9318 1
2685 7700 1
3411 5360 1
8175 8653 1
2093 7788 1
3383 9728 1
852 5518 1
707 3851 1
1593 6684 1
51 8650 1
2926 7008 1
2654 6320 1
5219 6142 1
103 8059 1
6777 7338 1
941 2742 1
442 1863 1
7236 7852 1
4920 7014 1
5717 8112 1
4438 7270 1
2709 3748 1
8015 9310 1
4601 8954 1
7268 8329 1
654 9101 1
7083 7795 1
473 2115 1
1663 7049 1
524 6776 1
104 6190 1
2453 3004 1
2755 5032 1
7416 7446 1
3202 4031 1
487 1232 1
1221 2917 1
4708 9201 1
1702 7916 1
681 7110 1
7892 8314 1
1684 1860 1
2714 5381 1
5298 9417 1
8271 8310 1
2583 6618 1
5394 9125 1
6478 7247 1
2161 8615 1
791 8409 1
822 3558 1
257 7721 1
1546 5309 1
8803 9110 1
267 9163 1
5568 7965 1
6399 7893 1
4604 8447 1
4475 5593 1
6584 6892 1
2461 9257 1
6740 7405 1
8801 9414 1
105 7300 1
3939 8996 1
5075 8971 1
7628 8217 1
7113 7771 1
6703 7873 1
122 6341 1
211 5632 1
4457 7996 1
8443 8551 1
5418 6462 1
7092 7833 1
3747 7082 1
2417 3077 1
1523 9216 1
3061 9006 1
7992 9029 1
1963 7044 1
3155 6389 1
5636 8792 1
1938 8677 1
5475 7908 1
4033 7826 1
901 7368 1
2603 4371 1
2069 6127 1
1871 4422 1
211 505 1
171 5802 1
2540 9684 1
7323 9809 1
826 7948 1
3828 5327 1
1474 8169 1
889 9236 1
3886 9469 1
4796 9690 1
4032 8540 1
2845 7287 1
3009 5409 1
521 1835 1
473 4827 1
6821 9009 1
3483 8483 1
5699 8151 1
2867 4013 1
2745 7056 1
3502 9479 1
2127 8175 1
1164 1712 1
5257 7052 1
5377 5656 1
3754 9700 1
4664 9921 1
4949 6118 1
4732 8335 1
5038 9573 1
248 2615 1
3021 8802 1
853 8616 1
794 7255 1
2948 6045 1
1028 2955 1
5040 7175 1
5076 6832 1
4885 9516 1
384 2661 1
339 5362 1
5576 8875 1
5426 5898 1
732 7508 1
4180 9700 1
4739 4968 1
7476 9246 1
6987 9055 1
7044 9589 1
1765 5850 1
5196 6375 1
4693 9696 1
2892 4608 1
5008 6324 1
4175 6323 1
7241 7659 1
7031 7849 1
2599 3043 1
5532 7987 1
1671 5434 1
3832 9367 1
7242 9015 1
4429 4927 1
1385 3350 1
6691 8912 1
6699 8773 1
4249 9655 1
135 7410 1
6315 9564 1
3880 7314 1
1717 7472 1
3405 8741 1
1323 5855 1
1246 3191 1
4334 5040 1
1891 2175 1
1087 4824 1
2654 9516 1
7384 8317 1
3679 6277 1
2619 7051 1
3135 8099 1
1774 8945 1
7090 8779 1
700 6815 1
7236 8604 1
8096 9462 1
3829 6975 1
1976 5107 1
1100 7688 1
2006 7201 1
5440 7243 1
27 2750 1
3846 9773 1
91 3674 1
953 9331 1
853 5717 1
6353 8112 1
1188 4475 1
2349 8479 1
4837 5637 1
1836 4696 1
5122 8250 1
2548 9628 1
215 707 1
8390 8754 1
1845 9885 1
5921 9394 1
9336 9386 1
4990 5852 1
6669 7567 1
1798 5343 1
2018 7561 1
8993 9986 1
2071 6441 1
4604 5816 1
1768 6632 1
161 4793 1
4416 5765 1
3292 5026 1
1931 5872 1
2237 2946 1
3436 4024 1
4604 9199 1
2837 2941 1
1902 4353 1
6804 9862 1
1019 8207 1
2054 7376 1
7364 7984 1
4134 9435 1
6412 9981 1
9497 9869 1
701 4141 1
33 9869 1
5038 9841 1
7999 9663 1
4950 7742 1
366 4794 1
1273 1334 1
1693 2674 1
493 6821 1
249 8181 1
1290 7919 1
1656 5236 1
4 8350 1
5976 7357 1
4345 4370 1
85 7026 1
8001 9709 1
4986 6618 1
3184 7721 1
2212 4178 1
6611 9036 1
5606 7265 1
731 6585 1
2844 4620 1
2362 6566 1
5299 5802 1
657 7602 1
7799 9201 1
1591 4999 1
1176 8167 1
8404 8786 1
2974 5632 1
4651 6520 1
1222 4378 1
1084 6888 1
5072 9960 1
1192 5667 1
1742 7797 1
2403 5816 1
4572 8856 1
5322 7856 1
498 1314 1
2335 2649 1
427 5046 1
2387 2839 1
1879 5816 1
3945 6479 1
4927 8266 1
2675 6689 1
574 7725 1
4567 5479 1
816 9702 1
1043 6483 1
5287 8020 1
153 7668 1
1696 7802 1
3191 6956 1
1130 2695 1
1637 4189 1
9546 9865 1
2831 4169 1
3686 4683 1
4761 9667 1
6239 9406 1
7691 7924 1
4377 8738 1
5165 8030 1
4366 7825 1
3311 8943 1
1902 2393 1
3956 9647 1
2127 4955 1
250 5507 1
1843 5196 1
1399 4024 1
2718 5396 1
1185 2752 1
3846 7008 1
7134 8945 1
1845 2798 1
153 8957 1
4879 9514 1
1164 9230 1
4101 8466 1
3578 7193 1
223 5000 1
653 4584 1
1717 6935 1
7207 8642 1
4786 6290 1
834 2121 1
5006 8508 1
2783 5417 1
2019 4267 1
1993 3046 1
7078 9171 1
3850 5033 1
5371 6162 1
1474 8116 1
7866 8463 1
5252 5716 1
2447 8851 1
223 2906 1
1898 3159 1
5729 6809 1
3162 6352 1
7881 8182 1
5675 9956 1
4868 8170 1
3137 7985 1
357 627 1
2318 7690 1
7225 8817 1
1174 3101 1
389 5046 1
5244 8457 1
3482 8959 1
3193 4884 1
4012 5741 1
6799 8416 1
1961 2168 1
1976 4920 1
957 9667 1
6755 7555 1
29 5642 1
5084 7421 1
4461 8196 1
4103 8488 1
4554 4977 1
1584 3349 1
3049 6044 1
8589 9558 1
2844 7332 1
5650 7051 1
5865 8925 1
3368 9961 1
4218 5967 1
7852 8541 1
1561 9000 1
1931 7779 1
4825 6379 1
2504 5197 1
319 5596 1
764 6212 1
2615 8411 1
239 5078 1
1448 6090 1
6088 7627 1
2623 5828 1
7750 9927 1
2196 4263 1
6253 7694 1
1616 5674 1
1222 4057 1
1005 5520 1
3453 8729 1
8410 9973 1
3747 8452 1
3232 7040 1
3650 6799 1
1004 6049 1
2108 9519 1
546 1973 1
7652 8079 1
3686 4012 1
3558 7210 1
1012 1214 1
3028 4012 1
4098 6400 1
430 2552 1
2520 9463 1
4270 7446 1
9330 9569 1
686 4427 1
629 7865 1
101 8877 1
1605 3421 1
5593 6493 1
2632 6671 1
1379 9494 1
1343 3421 1
4259 8196 1
5660 6025 1
119 2286 1
1906 5978 1
2165 4926 1
78 1696 1
6242 7289 1
1901 6573 1
97 9293 1
6062 9573 1
2779 9700 1
265 8877 1
5831 7196 1
2892 7133 1
4530 4875 1
187 5022 1
3394 8283 1
8387 9184 1
211 3164 1
6716 9050 1
9663 9728 1
1774 7148 1
1705 9263 1
2931 9690 1
657 1938 1
894 5823 1
3179 5096 1
1930 2965 1
3184 5440 1
7170 8439 1
5539 6206 1
482 7010 1
3956 8171 1
5334 6740 1
926 2328 1
243 3052 1
3381 3510 1
7775 8778 1
4848 7786 1
3449 8340 1
3919 9043 1
540 2292 1
1037 5542 1
173 778 1
1845 3766 1
6709 8983 1
5274 9880 1
627 3200 1
5764 9707 1
1595 2837 1
2801 9058 1
7405 7932 1
6995 8034 1
6847 9856 1
7237 7567 1
2578 3536 1
7428 8855 1
1643 9674 1
60 7667 1
523 3227 1
1982 2724 1
1880 2447 1
3562 6123 1
6406 9332 1
1451 6471 1
4245 9563 1
4988 7392 1
643 6712 1
2517 7205 1
3227 4332 1
4314 8387 1
5852 6679 1
1014 3622 1
21 5618 1
2182 2381 1
5530 7567 1
217 834 1
3090 4973 1
834 1934 1
723 8519 1
3694 9059 1
1488 7827 1
4818 9209 1
2514 7442 1
557 7668 1
4760 9204 1
92 5619 1
7886 8339 1
276 1010 1
159 4397 1
2750 9604 1
3292 5457 1
1652 6888 1
5650 8958 1
2718 8376 1
2575 3372 1
5787 6977 1
725 8191 1
758 4167 1
931 4095 1
2839 9834 1
1657 8925 1
2156 3388 1
8111 9396 1
306 8207 1
5913 8779 1
5328 9846 1
1085 7945 1
4225 9984 1
1376 6431 1
8741 9011 1
3287 5271 1
1943 9696 1
2342 5995 1
3942 6663 1
5795 6279 1
762 5979 1
5201 5540 1
7919 9576 1
211 5876 1
696 7611 1
2062 4665 1
3954 9117 1
2739 5816 1
5072 6069 1
2754 9322 1
376 7606 1
4466 7013 1
1023 4973 1
2245 7001 1
85 4424 1
5299 6233 1
2166 2921 1
8217 9391 1
715 5759 1
1200 7494 1
4193 5319 1
4112 8363 1
3004 7403 1
110 2387 1
464 7611 1
6668 7907 1
2022 8999 1
1568 2413 1
983 3480 1
7280 9417 1
1638 5626 1
1230 3357 1
3661 7151 1
1066 4646 1
562 2669 1
2765 5293 1
4670 5099 1
933 5056 1
377 637 1
1168 5862 1
2844 3896 1
1166 9199 1
5228 8810 1
6126 9960 1
3105 3671 1
3491 7090 1
5038 6434 1
1693 5683 1
7135 7908 1
5495 6121 1
7274 9006 1
2425 7295 1
6642 7975 1
183 6406 1
3603 4298 1
2839 3902 1
6343 8847 1
2362 3748 1
2668 3266 1
7551 8725 1
1086 8839 1
4506 9175 1
8016 9993 1
5003 9981 1
454 2146 1
4110 8451 1
2496 7885 1
4244 5233 1
639 7561 1
5400 7173 1
4634 9360 1
7528 7960 1
1269 5513 1
3675 8496 1
872 9260 1
8774 9793 1
3671 4590 1
2282 9996 1
2239 5196 1
5066 8990 1
6387 8745 1
95 3152 1
2531 4846 1
1476 9374 1
1323 2716 1
311 7880 1
6963 7400 1
1075 2614 1
1009 4246 1
1250 7341 1
3880 5114 1
5781 9874 1
1688 4534 1
531 2901 1
7052 9320 1
1641 2244 1
4187 9960 1
3495 4714 1
3519 9272 1
3924 4073 1
4428 9268 1
4667 7564 1
942 7346 1
4811 9006 1
7252 8792 1
1707 8317 1
3061 5546 1
136 5381 1
6972 7462 1
2674 9072 1
776 4775 1
1230 8163 1
1813 6269 1
3475 8569 1
1164 3379 1
4624 4834 1
4634 9494 1
3648 6245 1
4202 7585 1
1024 9226 1
796 8810 1
896 3564 1
949 9806 1
2632 5813 1
2939 8939 1
3192 4689 1
1545 7393 1
6738 7416 1
2675 5860 1
2068 7168 1
376 9163 1
5481 6333 1
5541 6384 1
8839 9763 1
1499 6459 1
852 6648 1
3704 7466 1
4189 9201 1
1871 5284 1
918 1983 1
6623 7062 1
4536 7996 1
658 6782 1
3584 7549 1
576 1465 1
4853 9366 1
2453 5639 1
3031 3401 1
3557 9109 1
730 2871 1
3605 5393 1
4117 7231 1
4733 9449 1
3924 7590 1
588 1475 1
1355 6306 1
918 6305 1
4018 6471 1
1969 7697 1
1771 5992 1
1774 3257 1
5617 7668 1
2004 3719 1
280 541 1
545 1778 1
541 6732 1
4796 8458 1
2603 9905 1
5196 9331 1
1397 8410 1
2510 3298 1
610 6310 1
2365 8047 1
949 9940 1
1685 8288 1
3748 4516 1
4111 5322 1
186 5228 1
1960 3797 1
943 5207 1
248 444 1
7259 8942 1
8179 9851 1
1778 8452 1
7074 9162 1
5909 7668 1
2318 3478 1
1511 1692 1
4945 8150 1
6134 7786 1
6615 8059 1
4108 7653 1
1797 9633 1
1276 1825 1
4309 7185 1
3617 8355 1
386 8672 1
640 9720 1
8229 9564 1
3033 4362 1
2876 5876 1
2210 6015 1
257 9201 1
103 8734 1
315 511 1
872 1368 1
1109 9417 1
6212 6514 1
1671 4202 1
1982 6538 1
2075 2565 1
2205 8273 1
2969 6225 1
2566 2802 1
7741 7881 1
4651 5959 1
506 2149 1
4112 4927 1
6961 8480 1
395 2318 1
904 8611 1
1169 1712 1
1227 7544 1
475 6219 1
7046 8029 1
4351 6606 1
5196 6432 1
371 5115 1
5727 6068 1
3287 3474 1
1993 3290 1
2581 6466 1
5272 6427 1
1452 4629 1
1782 8705 1
1493 8602 1
2560 3145 1
4268 5790 1
2764 8802 1
1931 5795 1
811 9736 1
1702 6497 1
1998 5327 1
2364 4896 1
5103 5837 1
1034 5809 1
5082 9686 1
3671 4753 1
2460 2914 1
3033 4496 1
1363 9660 1
91 9797 1
3298 6642 1
91 348 1
1369 1719 1
2502 3675 1
9585 9797 1
2544 9004 1
1620 6441 1
223 1406 1
7970 9006 1
1272 2725 1
2096 3926 1
4284 5518 1
2057 9825 1
4246 5226 1
2673 8633 1
7253 9365 1
5751 9040 1
1133 5010 1
4278 7393 1
4249 8907 1
5046 9251 1
1964 4938 1
2552 3388 1
568 5763 1
2870 4451 1
9225 9612 1
2575 8475 1
2974 6494 1
2127 7561 1
931 6754 1
5466 6777 1
1485 1678 1
4922 7845 1
1921 6904 1
5653 6603 1
1252 7334 1
4311 7691 1
4371 7742 1
3903 6176 1
4431 8547 1
3280 6951 1
4565 4575 1
8758 9587 1
2159 8947 1
2565 8137 1
2011 4353 1
2272 2408 1
1785 4764 1
752 2443 1
1170 7120 1
2997 7013 1
530 4316 1
617 8634 1
550 7412 1
3494 5375 1
8184 8719 1
5899 7948 1
7838 8082 1
3000 9004 1
4751 5869 1
2256 4534 1
7724 8734 1
1712 2192 1
1347 5477 1
3661 5488 1
5390 9010 1
268 3003 1
6166 8477 1
99 6200 1
3746 9733 1
2127 5817 1
3388 7019 1
8319 9294 1
2242 6329 1
4007 9508 1
2942 9184 1
5354 5566 1
913 5370 1
906 4199 1
1192 2341 1
1171 1464 1
2740 9989 1
4818 8969 1
1172 5072 1
2349 5637 1
3357 8645 1
1112 1823 1
2961 8645 1
3666 3738 1
3858 3908 1
3782 7296 1
3092 6095 1
3212 6951 1
1242 4498 1
2276 9481 1
4526 7979 1
6680 9987 1
6284 9987 1
9300 9516 1
4969 9488 1
4542 5479 1
934 1120 1
6006 9484 1
3456 4278 1
1164 7998 1
1510 2219 1
1472 5899 1
4451 8744 1
419 8783 1
6759 8940 1
5458 5865 1
7915 8628 1
1786 8691 1
1796 2963 1
2628 4247 1
3254 7153 1
1501 3045 1
4544 9093 1
3491 4622 1
3486 4278 1
3754 7476 1
4506 6357 1
2027 2337 1
4567 7764 1
2974 5823 1
1327 8527 1
9264 9835 1
1095 4986 1
1224 3676 1
1418 8645 1
45 4004 1
1258 4226 1
707 6567 1
4246 8877 1
5975 5983 1
125 1489 1
4177 4576 1
1184 7660 1
585 2413 1
1132 5026 1
4344 6379 1
8609 8793 1
3905 5551 1
2647 8030 1
6876 7781 1
6623 9587 1
5492 7677 1
9050 9475 1
2124 6942 1
1133 6567 1
4665 6178 1
2611 6306 1
1083 4760 1
100 1028 1
1373 8471 1
2054 4668 1
4351 5264 1
4230 7189 1
2652 6280 1
92 6802 1
501 4755 1
7218 8834 1
2741 8981 1
5747 7822 1
2253 6948 1
4691 9469 1
7318 7725 1
3028 9196 1
1206 9647 1
633 5813 1
4575 9294 1
77 5366 1
2960 8503 1
1871 3621 1
8828 8850 1
4473 9926 1
103 9970 1
4714 6605 1
5008 8772 1
3998 4937 1
5068 9577 1
7750 9984 1
527 5013 1
4570 8546 1
5124 5722 1
1012 4304 1
3720 6686 1
62 6936 1
3804 7323 1
3467 6240 1
3687 6738 1
3174 6927 1
6233 8038 1
5046 6031 1
4187 8781 1
3480 8165 1
2845 3453 1
5355 7540 1
5699 7350 1
2165 3694 1
1545 3986 1
4716 5338 1
3957 5286 1
963 9488 1
1894 6614 1
6028 9511 1
1052 1609 1
4350 4988 1
2041 2877 1
1786 4048 1
5134 9234 1
1244 1779 1
638 8385 1
3673 6466 1
3227 3905 1
3712 5640 1
2427 8016 1
221 9036 1
7 8518 1
2958 7652 1
8338 8999 1
3966 4244 1
688 4715 1
3828 6754 1
3370 5876 1
3432 4310 1
2069 4521 1
1873 7615 1
183 9683 1
3330 6477 1
1356 8786 1
4184 9018 1
2665 7026 1
323 4967 1
2740 8863 1
1711 8196 1
3480 6421 1
118 6255 1
7224 7443 1
6207 6601 1
389 2554 1
1024 8986 1
1927 4818 1
5433 6426 1
4571 8905 1
4108 6929 1
2432 9649 1
6066 8059 1
1004 9273 1
1688 9905 1
1244 4007 1
1935 9782 1
6723 9497 1
849 2165 1
2206 3829 1
666 3212 1
933 1112 1
5375 6606 1
7330 8219 1
3348 7591 1
2362 4342 1
380 2626 1
894 9263 1
3975 7689 1
1551 9792 1
6267 7941 1
563 5716 1
2003 9135 1
3176 8238 1
5764 7320 1
1786 4182 1
5626 9076 1
1865 4475 1
6162 9810 1
3113 7135 1
1633 6569 1
1242 8633 1
4033 6354 1
3195 5255 1
3802 5667 1
1097 3556 1
5615 8136 1
3956 9517 1
1690 4070 1
2668 9121 1
5593 7034 1
7114 8163 1
2845 8259 1
1217 3099 1
666 5440 1
6908 9226 1
5764 8609 1
1139 5660 1
2054 2253 1
6147 7593 1
6288 7074 1
5911 7316 1
6293 7418 1
3311 6719 1
426 3509 1
1332 2268 1
926 1580 1
2168 2540 1
2629 7853 1
488 7770 1
5335 6402 1
7747 9954 1
3662 8639 1
3896 6591 1
25 4104 1
4572 8860 1
6826 8820 1
164 8612 1
2801 8310 1
750 4737 1
2381 4718 1
2613 8259 1
4872 8563 1
6126 8594 1
4247 8511 1
2836 3578 1
8495 9258 1
183 1657 1
4393 8336 1
1475 2926 1
313 7365 1
1676 4902 1
4757 4826 1
4045 4620 1
930 6775 1
4023 9934 1
5014 7865 1
6636 9046 1
6483 9770 1
7866 8683 1
3 7324 1
261 9834 1
8516 9731 1
49 5979 1
849 3588 1
3161 5970 1
45 2073 1
2488 4184 1
332 9485 1
48 3310 1
989 1878 1
3339 7962 1
4733 6310 1
1596 2290 1
1409 5847 1
4709 5135 1
3864 7029 1
1643 7771 1
1386 8115 1
216 6277 1
207 4471 1
7643 8237 1
5310 5540 1
5518 8687 1
1402 1643 1
1720 4204 1
2924 9036 1
5842 8030 1
1501 9758 1
2371 8860 1
2033 5832 1
311 1037 1
2260 6777 1
1166 1551 1
1102 6262 1
2430 9440 1
1310 2993 1
1002 5092 1
4470 8128 1
6065 9206 1
3656 5925 1
3451 6459 1
684 9886 1
1297 2007 1
3182 5288 1
3328 7557 1
2717 7403 1
2698 7161 1
3092 6526 1
1082 9932 1
43 2161 1
180 4876 1
1530 9533 1
3992 7722 1
3844 9544 1
4441 7548 1
6901 9828 1
4822 8179 1
395 7689 1
1205 6740 1
1712 8234 1
3692 9123 1
315 7171 1
4903 8518 1
1665 3692 1
953 2732 1
6448 7035 1
896 2198 1
1878 4739 1
1606 4051 1
389 8783 1
1926 7439 1
6499 7754 1
2082 7952 1
2908 3564 1
3028 6110 1
1921 8758 1
2231 5042 1
2036 7018 1
2948 3902 1
437 8450 1
3486 4709 1
1024 5766 1
6108 9037 1
375 1156 1
8446 9634 1
3821 6685 1
5443 5614 1
4863 7025 1
3992 9950 1
2318 2917 1
3758 6336 1
237 4605 1
1560 7439 1
569 3092 1
701 3019 1
7987 9470 1
9181 9450 1
931 3481 1
521 7747 1
2923 3441 1
4387 7446 1
5791 7236 1
7907 8952 1
2907 6880 1
1838 5848 1
1840 4231 1
945 6762 1
2720 8185 1
3339 4258 1
1584 9903 1
5861 6662 1
9049 9681 1
1138 7342 1
2640 5977 1
2734 7302 1
16 822 1
5322 6384 1
1237 9041 1
3599 6060 1
688 1629 1
366 5550 1
1892 7023 1
1080 4893 1
1637 1778 1
248 5494 1
860 8502 1
6545 8233 1
4635 8837 1
3826 3972 1
1904 3061 1
257 9929 1
4180 9196 1
5396 8935 1
2270 4350 1
2130 8477 1
2199 8082 1
4797 7852 1
2171 6788 1
822 6705 1
4798 5044 1
4944 6559 1
6687 7535 1
4940 9823 1
5274 8945 1
549 8990 1
2615 8899 1
5151 7791 1
1304 5890 1
3794 9510 1
542 4786 1
2880 9355 1
2634 5916 1
237 8122 1
2885 3283 1
5409 7268 1
8426 9651 1
6313 9172 1
2448 8385 1
177 2594 1
6995 8977 1
4734 6348 1
2022 9674 1
8061 9903 1
3502 3632 1
881 8574 1
1246 7009 1
3632 8586 1
6615 8921 1
9519 9929 1
3614 9700 1
1625 2841 1
1002 3616 1
663 4150 1
1206 9273 1
1996 5228 1
2440 3956 1
3751 7719 1
834 7415 1
5495 9829 1
1613 8873 1
1759 4726 1
5521 8017 1
779 8647 1
750 7717 1
1130 7184 1
3869 8125 1
6450 8480 1
4079 5491 1
7365 9045 1
569 2421 1
4029 6128 1
808 4689 1
6279 8598 1
8507 9589 1
2871 9777 1
2951 7262 1
2342 3771 1
7987 8799 1
828 2123 1
530 8882 1
2772 9017 1
4884 7581 1
7962 8742 1
4199 7478 1
1188 1877 1
5381 8387 1
1492 8704 1
7433 8398 1
6695 6971 1
1285 8411 1
366 3940 1
206 6691 1
8208 8394 1
763 1132 1
3216 4685 1
3264 9829 1
2192 4362 1
48 8734 1
4320 5903 1
7360 9990 1
5890 8614 1
7447 8646 1
6246 7495 1
3562 6261 1
3639 9891 1
119 1969 1
8508 9036 1
3604 7426 1
5956 7921 1
2575 6759 1
1169 9340 1
414 3580 1
736 1379 1
2651 6754 1
2253 3675 1
1649 4500 1
155 4228 1
1316 8986 1
392 9833 1
5805 7910 1
5896 7274 1
5691 8562 1
32 630 1
1935 6025 1
603 8555 1
3731 4353 1
5443 8460 1
549 9258 1
3907 6272 1
2389 5414 1
3421 6756 1
2960 6169 1
6043 6920 1
2022 5620 1
1187 8202 1
1655 4106 1
750 1785 1
43 1169 1
9523 9781 1
1290 3227 1
3 50 1
1684 2592 1
4786 6591 1
6735 9133 1
975 1903 1
754 5876 1
3212 9773 1
4465 4698 1
179 8385 1
3250 7813 1
922 1488 1
5288 6428 1
85 5717 1
4825 8424 1
1241 5405 1
7646 9929 1
196 4767 1
4876 7423 1
2369 7017 1
4258 8542 1
2687 5606 1
4886 5667 1
1237 7915 1
1164 4404 1
3456 4656 1
6119 8985 1
5270 6007 1
5103 6833 1
6121 9031 1
2697 7987 1
6603 8805 1
2480 9450 1
5921 8219 1
5585 6018 1
1860 5046 1
6849 7491 1
5992 7870 1
6470 8626 1
1350 3254 1
4322 7372 1
1891 3578 1
377 1930 1
1655 9717 1
4336 4826 1
9098 9736 1
3573 8974 1
4263 7731 1
6663 9206 1
2389 7992 1
6723 9257 1
531 1616 1
439 8443 1
59 2560 1
21 2268 1
2015 7027 1
435 9455 1
3279 5494 1
6123 8703 1
1092 5066 1
75 2504 1
1004 9383 1
1709 4476 1
4797 5571 1
1313 3722 1
1328 9480 1
4320 8615 1
187 6128 1
4887 5464 1
6426 8862 1
3589 4380 1
6469 9498 1
1643 3075 1
1689 7392 1
4225 6284 1
6 8187 1
2129 7664 1
679 3557 1
3161 5596 1
1069 1268 1
4685 9652 1
3174 7521 1
5533 8995 1
7955 8539 1
3423 5781 1
413 3034 1
1772 9497 1
74 1124 1
1927 7156 1
6708 9864 1
428 4096 1
6119 9469 1
525 7412 1
5869 6850 1
614 5949 1
795 2577 1
2673 7885 1
2683 3877 1
3304 6439 1
155 4846 1
234 9865 1
2873 9636 1
934 6304 1
7059 8751 1
211 5909 1
1374 6576 1
2702 9754 1
412 7885 1
594 7367 1
4510 4709 1
2586 7327 1
6065 8832 1
2469 9960 1
1123 6176 1
7054 9346 1
474 3286 1
1712 9954 1
2540 3195 1
7025 7827 1
1832 7804 1
2880 6269 1
7360 9803 1
811 9472 1
4445 8636 1
2301 4118 1
2278 7332 1
526 6078 1
4318 5828 1
299 437 1
5396 8077 1
2364 5571 1
4453 7184 1
588 3923 1
533 1772 1
4930 7523 1
5303 9017 1
6994 9803 1
1292 5207 1
5784 6846 1
757 2419 1
1968 8230 1
2742 3652 1
4896 5660 1
2962 9842 1
7688 8679 1
3658 7071 1
279 1074 1
5571 6738 1
454 5801 1
278 7265 1
3346 7738 1
2296 8446 1
3237 7014 1
1718 4268 1
3046 7446 1
8500 9496 1
43 9842 1
126 5181 1
9014 9717 1
1753 6706 1
578 4524 1
5786 9551 1
5061 8329 1
3401 4412 1
110 5587 1
136 392 1
2940 8898 1
4170 9289 1
4502 7584 1
1272 6783 1
5823 6585 1
2705 5059 1
1476 9996 1
1080 9996 1
378 4062 1
3905 6547 1
5467 6923 1
4278 9007 1
4371 5034 1
1685 3165 1
2772 7220 1
119 5299 1
4685 6887 1
3661 7318 1
3033 7749 1
6314 6795 1
2773 4412 1
3079 5650 1
6002 9152 1
135 5243 1
23 8974 1
3672 6164 1
3531 4993 1
4725 4973 1
2438 9037 1
857 6167 1
1655 6147 1
1505 8832 1
5416 6584 1
48 3554 1
5949 7047 1
1616 7882 1
5004 7771 1
742 4874 1
3421 9736 1
97 5890 1
4433 4572 1
9398 9841 1
1366 7707 1
1266 7503 1
2209 6706 1
4256 8817 1
6068 7678 1
1119 8015 1
5697 6422 1
692 4006 1
1712 2867 1
7 3903 1
8078 8409 1
2004 4207 1
6441 7105 1
4459 6143 1
674 5120 1
7181 7669 1
5847 9372 1
403 9730 1
1007 2297 1
2192 6887 1
184 2260 1
3167 6005 1
1687 5439 1
3645 6569 1
4428 4763 1
4524 5225 1
1642 5696 1
4542 8248 1
3773 6754 1
1302 9011 1
4638 7956 1
4519 6544 1
6890 7089 1
775 9494 1
4746 7489 1
1616 3694 1
3388 5600 1
3945 7211 1
2214 7026 1
4254 7966 1
3242 7468 1
1776 6800 1
439 4068 1
2204 4803 1
2405 2807 1
514 7625 1
2262 4973 1
617 6060 1
5056 6375 1
2262 2529 1
5453 9229 1
5852 9692 1
3011 9972 1
6163 7110 1
351 2908 1
743 8616 1
392 6881 1
6558 7639 1
3674 7283 1
2416 9762 1
3359 5959 1
2851 9690 1
5640 6022 1
354 9972 1
1237 6118 1
265 2575 1
5038 7674 1
1106 3191 1
562 4259 1
3296 5610 1
458 5599 1
5635 9061 1
3295 7637 1
7438 8368 1
3028 9737 1
1605 5763 1
1276 6985 1
987 6882 1
2370 9767 1
6336 6664 1
1224 4351 1
4 7122 1
7323 9549 1
3599 5015 1
2892 5153 1
8786 9165 1
3662 9501 1
2253 9367 1
713 8750 1
5683 7947 1
7658 8492 1
193 1544 1
4833 9497 1
2059 7781 1
4344 7054 1
3666 7930 1
223 3638 1
3672 8876 1
437 9983 1
2961 9804 1
5377 5396 1
4494 9250 1
1657 5522 1
3422 8701 1
155 471 1
2185 4887 1
5667 6663 1
1164 4835 1
796 4439 1
278 6728 1
7036 7398 1
5174 5976 1
2075 2248 1
7023 8102 1
2527 8007 1
4845 7228 1
2391 8146 1
4218 8793 1
5703 7259 1
2210 3604 1
3731 3979 1
527 4399 1
2223 6283 1
2309 7555 1
1287 1643 1
3780 6315 1
2854 7089 1
1500 2690 1
569 5564 1
1510 7350 1
2451 5918 1
7506 7697 1
2592 7089 1
4204 7582 1
374 5096 1
2187 2839 1
382 2705 1
5523 6510 1
540 8017 1
9681 9993 1
5166 9656 1
1068 3972 1
5880 8999 1
2599 9199 1
3311 7715 1
1193 9336 1
6012 8364 1
2531 4342 1
996 7479 1
3516 9810 1
1560 7817 1
6680 9991 1
5754 6793 1
2488 6335 1
2619 3408 1
7999 8919 1
2335 3649 1
867 8762 1
2935 5334 1
2288 5523 1
6868 7009 1
2453 8034 1
1224 4835 1
4218 4605 1
2554 5642 1
2903 6550 1
2442 9373 1
2041 2613 1
427 9429 1
1657 5656 1
4702 6115 1
1192 7017 1
1157 6242 1
1737 8803 1
3697 4344 1
1632 7289 1
350 9182 1
701 3747 1
1501 2110 1
793 6719 1
576 8182 1
1488 9230 1
392 9593 1
9404 9469 1
5894 6399 1
225 785 1
3131 4872 1
4481 7809 1
3565 4575 1
160 3773 1
4007 5674 1
2732 5540 1
1899 5539 1
7365 8350 1
1954 5246 1
1200 9702 1
4 8895 1
1310 5144 1
21 8310 1
1580 6725 1
7758 8052 1
7455 8243 1
4652 5597 1
7291 9340 1
5710 6470 1
3342 9606 1
2750 5530 1
697 7546 1
1022 4862 1
136 2783 1
1087 7731 1
1871 7813 1
336 2844 1
3405 8615 1
819 3752 1
3448 9251 1
3694 6274 1
442 1550 1
5412 7163 1
2860 5294 1
2784 8682 1
2447 3435 1
855 6792 1
1435 9353 1
8551 8977 1
7565 9700 1
7403 7652 1
2133 5719 1
3647 5115 1
257 8563 1
4958 5680 1
6604 7447 1
7065 8596 1
2127 5150 1
4530 6896 1
2632 9981 1
6605 8611 1
1849 9343 1
2690 9959 1
7489 7611 1
25 2551 1
3311 6105 1
1310 1895 1
3816 8492 1
4007 5808 1
531 1376 1
2286 3867 1
37 5005 1
861 3200 1
5310 8175 1
196 9199 1
2457 7132 1
4764 8416 1
4977 9463 1
2926 5890 1
6520 8099 1
8130 9455 1
4507 4818 1
4992 6553 1
2860 7522 1
3421 3617 1
5590 7411 1
3844 5413 1
5026 6322 1
728 7932 1
7510 9188 1
619 8928 1
4824 4875 1
3564 6527 1
5429 6712 1
8336 9681 1
1206 5463 1
4454 8725 1
3955 7846 1
2381 5393 1
3143 5716 1
223 3451 1
4254 7913 1
7690 8782 1
1029 5012 1
437 936 1
5770 7355 1
4648 6497 1
630 4714 1
2815 8287 1
180 5417 1
1548 7270 1
2389 7886 1
1031 8441 1
3557 6645 1
1602 9196 1
5287 6605 1
688 6008 1
4203 7170 1
60 6439 1
376 4955 1
6255 7935 1
7650 9891 1
3011 7236 1
7545 7623 1
185 8770 1
1190 1681 1
61 7014 1
4839 6041 1
3299 5424 1
1809 8334 1
5637 9993 1
3507 6127 1
857 7887 1
597 4550 1
5851 9922 1
4370 8222 1
1008 1640 1
4951 9665 1
35 316 1
2096 8549 1
991 4854 1
4843 7853 1
5655 9983 1
1376 9391 1
1761 9202 1
1892 6275 1
4216 4722 1
5921 7658 1
1828 2318 1
4837 7284 1
3654 9156 1
8986 9523 1
3518 9295 1
6348 8634 1
2451 4926 1
4810 6400 1
5212 5626 1
2867 8022 1
5895 7376 1
4518 7689 1
196 5495 1
1433 6111 1
607 8247 1
4409 8685 1
1880 9274 1
9405 9857 1
534 2292 1
2256 4835 1
1232 7518 1
7951 8260 1
4353 7063 1
7873 8569 1
2656 7960 1
1376 4264 1
3922 5564 1
8314 9251 1
2772 9074 1
2053 3725 1
206 5809 1
1785 3910 1
4078 9460 1
1857 3032 1
700 5563 1
3504 7653 1
3177 7258 1
2069 6298 1
866 9238 1
7910 9548 1
23 7795 1
274 5162 1
7347 8122 1
628 7380 1
3387 8007 1
3227 3588 1
1606 6015 1
701 3694 1
6738 8014 1
3789 7263 1
984 9644 1
4556 7930 1
2904 8038 1
4466 9168 1
4438 4676 1
7027 9056 1
12 9484 1
52 4187 1
857 9310 1
7142 9006 1
726 1657 1
8317 8744 1
3945 4743 1
48 281 1
5008 5206 1
3640 8079 1
691 3356 1
3082 9249 1
3715 6910 1
2048 8992 1
5308 7161 1
353 4300 1
2575 7166 1
92 7908 1
1642 4517 1
1571 8249 1
3830 4389 1
3603 5164 1
184 4464 1
633 3536 1
6021 9662 1
3227 5816 1
4498 8460 1
2041 8171 1
1475 9480 1
1115 4973 1
1776 2238 1
2106 6314 1
2312 8634 1
4385 5550 1
2623 6052 1
6267 7624 1
1420 1822 1
685 6328 1
6432 7691 1
2166 9748 1
826 1837 1
2362 4964 1
2976 6355 1
5345 9271 1
5789 7999 1
5274 6587 1
1836 9055 1
3622 6695 1
1158 7679 1
4518 7018 1
77 4378 1
4342 6792 1
8664 9740 1
2552 5246 1
2634 3558 1
299 6642 1
361 7520 1
5884 7455 1
289 5954 1
2876 9507 1
4 5004 1
1007 7668 1
7356 7379 1
85 3680 1
2779 9574 1
5255 8415 1
1860 5103 1
8217 8647 1
626 1560 1
5409 5849 1
15 7822 1
2038 5375 1
4015 4303 1
701 5117 1
420 9039 1
4133 4524 1
3544 8101 1
901 6868 1
5096 8543 1
3432 5416 1
5095 6598 1
2382 4626 1
3512 9317 1
1232 8136 1
7662 8775 1
688 9204 1
3085 4554 1
7916 9823 1
3429 5118 1
3155 3795 1
1971 8475 1
7690 7790 1
534 6293 1
2421 4739 1
564 8387 1
8268 8935 1
8385 9520 1
4 7232 1
7244 8612 1
395 472 1
1683 8947 1
1878 6971 1
4802 9355 1
5477 8770 1
1188 2552 1
7412 8196 1
1478 3065 1
1464 7331 1
6451 7286 1
1335 5231 1
211 7710 1
1159 4251 1
9765 9855 1
5018 5977 1
8309 9875 1
7788 8483 1
7392 8483 1
3558 8507 1
43 2649 1
8320 9475 1
2286 6392 1
1580 5412 1
4689 8138 1
1652 4534 1
1105 1921 1
3442 9463 1
3182 6126 1
3153 5196 1
7535 8387 1
2883 5335 1
2005 3117 1
2210 4303 1
3273 3800 1
2679 9477 1
2629 3698 1
6433 8935 1
1085 5591 1
423 776 1
3676 8354 1
8163 8895 1
3084 4278 1
1528 7100 1
3305 9350 1
31 4867 1
339 2768 1
6314 8462 1
5132 7553 1
1888 6854 1
440 1130 1
1938 2245 1
6189 6481 1
6772 8751 1
4208 6121 1
221 7593 1
3779 9391 1
1518 6762 1
859 7880 1
2048 3544 1
501 1002 1
339 7090 1
4967 9556 1
8310 9480 1
268 4406 1
531 3096 1
479 4626 1
2342 4930 1
1642 3041 1
313 5088 1
1488 8990 1
4659 6178 1
5402 6451 1
6 5345 1
3368 6265 1
16 371 1
4921 9561 1
1472 9396 1
5111 8904 1
1907 9324 1
1 1968 1
3953 6137 1
5496 6271 1
3748 6671 1
2323 6758 1
1712 2440 1
8248 9891 1
3233 6979 1
2398 9561 1
750 3749 1
3831 7837 1
3215 9591 1
8024 8685 1
1883 5705 1
2583 9314 1
1859 2867 1
2440 4310 1
4310 5593 1
3833 5439 1
4972 5712 1
7542 9850 1
6189 9059 1
5477 8099 1
5802 6169 1
1846 2790 1
2556 4643 1
3714 9130 1
4271 6015 1
1169 5022 1
1549 2045 1
2022 2457 1
3649 7954 1
4067 7713 1
1682 2574 1
3311 4926 1
1437 9159 1
737 3298 1
1433 7697 1
2761 8431 1
6009 9249 1
1374 1640 1
2024 9104 1
3096 8155 1
4627 9218 1
6215 9317 1
3264 7739 1
2593 3370 1
3957 6205 1
7231 8244 1
1434 9238 1
1100 1256 1
3061 8319 1
1290 7769 1
1813 9042 1
41 4884 1
7018 8136 1
3227 4824 1
3411 7385 1
5789 9101 1
744 9730 1
4438 4973 1
1630 5393 1
4422 8412 1
7882 9867 1
3429 3992 1
4628 8480 1
297 9950 1
5360 7648 1
680 4992 1
926 2015 1
645 5937 1
5679 9845 1
626 5695 1
6321 6868 1
4292 9470 1
658 8616 1
398 9443 1
2413 6943 1
5441 7987 1
1069 3232 1
6803 7551 1
2488 3330 1
2082 2642 1
4967 5852 1
1018 8370 1
3991 7263 1
1942 4325 1
9015 9729 1
7477 7495 1
2893 4547 1
7700 9230 1
360 3674 1
191 6871 1
437 3140 1
1562 3515 1
3572 4835 1
6395 7167 1
4845 5862 1
4337 8839 1
5008 6792 1
1302 2652 1
2929 5897 1
2712 7360 1
2844 9731 1
709 4767 1
6292 8917 1
1361 3232 1
2550 2868 1
1266 3372 1
3038 8284 1
5290 6663 1
371 6465 1
4049 8557 1
926 6687 1
4555 4753 1
692 2319 1
1182 8370 1
2192 5789 1
1965 3346 1
2995 7833 1
829 4310 1
4342 7089 1
6833 8682 1
68 7595 1
1238 3017 1
5909 6119 1
785 5701 1
8515 9914 1
709 2673 1
2445 4922 1
60 2227 1
2835 9803 1
2057 6503 1
2621 9285 1
3490 4779 1
747 6348 1
3773 5067 1
7890 8549 1
1405 5759 1
507 2165 1
1694 3418 1
61 358 1
1537 5686 1
5640 7018 1
5540 5848 1
4069 4836 1
5700 7823 1
5299 6725 1
2665 5046 1
7009 7753 1
710 4187 1
4216 9959 1
2692 3459 1
8104 9417 1
3183 6140 1
4659 5052 1
2854 4918 1
7377 9842 1
6353 9519 1
92 6245 1
2721 5328 1
250 1169 1
361 3629 1
4524 5766 1
4076 9548 1
540 9229 1
1667 7987 1
3370 6124 1
4068 8152 1
6279 7476 1
8218 8364 1
2867 4749 1
2712 7844 1
3624 4728 1
3061 7998 1
52 780 1
2414 8187 1
2682 9133 1
3100 9646 1
1638 4024 1
165 4629 1
94 1945 1
952 1976 1
1241 3799 1
1831 7048 1
1086 1976 1
6106 7706 1
7408 9663 1
2647 7607 1
997 4378 1
2191 4358 1
48 7612 1
2837 4698 1
2434 3527 1
1759 5832 1
3557 4795 1
4737 9041 1
926 2633 1
224 3115 1
554 7191 1
4659 5186 1
2988 8250 1
268 4353 1
4397 5186 1
1503 7340 1
3456 7372 1
6489 9514 1
4555 6526 1
6630 8241 1
5654 9652 1
5937 9940 1
6610 8528 1
1376 2280 1
6632 8287 1
3688 7880 1
2596 3481 1
5230 9324 1
7561 8750 1
3607 4508 1
2189 8984 1
7865 9915 1
437 3758 1
122 2434 1
1192 7074 1
5691 7440 1
701 3804 1
2659 4934 1
2967 9251 1
4422 7286 1
3546 9867 1
3775 7475 1
253 9306 1
1709 2870 1
5948 9725 1
4618 8918 1
468 600 1
716 7495 1
3424 3461 1
2197 7505 1
2947 5751 1
471 7664 1
153 2659 1
3301 8723 1
5293 6239 1
4074 7892 1
2524 6587 1
2391 8687 1
1164 6315 1
2871 3662 1
6902 8124 1
4376 8230 1
1055 7311 1
8254 9444 1
5876 7728 1
1917 8804 1
2022 8820 1
3622 9488 1
900 7962 1
5697 7231 1
3589 7096 1
728 7855 1
2901 6695 1
3800 6727 1
4110 9427 1
5765 6584 1
1477 3220 1
5526 8853 1
2488 3493 1
5038 6255 1
5497 6769 1
5584 7677 1
1331 4334 1
5436 8745 1
4818 9864 1
4049 8370 1
3782 8780 1
5549 6178 1
6481 8602 1
4458 4633 1
5383 6640 1
2525 7697 1
2988 3257 1
6821 6980 1
248 8507 1
4023 8088 1
7008 9058 1
745 2143 1
1567 7435 1
2319 6316 1
1698 3754 1
1538 5751 1
1087 3600 1
7155 9485 1
374 7865 1
7187 9932 1
479 2963 1
3242 5244 1
8309 8346 1
4665 5084 1
8847 9153 1
2171 9801 1
757 2907 1
705 2717 1
3685 6753 1
989 6448 1
1297 4349 1
32 931 1
264 8636 1
5672 6369 1
3017 6065 1
7041 9356 1
35 9338 1
3421 3674 1
1034 4878 1
1965 2004 1
430 1731 1
6691 8977 1
1187 5120 1
6787 8685 1
278 1337 1
4806 6605 1
3624 5696 1
272 3774 1
1483 9585 1
2732 9464 1
7479 9932 1
220 5304 1
2460 5366 1
1163 1501 1
9199 9204 1
257 7815 1
1011 4113 1
465 8518 1
4460 6907 1
7698 9481 1
2908 4967 1
1448 7497 1
2630 8406 1
208 756 1
8628 9388 1
5056 5440 1
4846 5630 1
960 5464 1
5683 8756 1
1519 7148 1
473 1404 1
953 2041 1
108 3908 1
5653 7766 1
1836 7205 1
745 5660 1
3405 7062 1
3544 7406 1
1278 6685 1
1510 7220 1
5369 8946 1
551 8800 1
1446 3263 1
6626 8686 1
5303 6606 1
606 8507 1
2292 4977 1
1731 6630 1
2784 4685 1
442 3380 1
1481 5701 1
6116 6894 1
1374 3360 1
1558 5921 1
256 1712 1
4230 5640 1
6473 9383 1
2094 7621 1
5170 7955 1
3033 7082 1
7365 9964 1
4048 4845 1
3848 6477 1
579 1584 1
1387 6978 1
915 3196 1
4074 9449 1
2277 4480 1
155 475 1
1609 3792 1
86 9006 1
3592 4952 1
414 6593 1
2871 8602 1
5639 8783 1
2210 6641 1
6554 9348 1
3477 5379 1
5072 5703 1
3781 5790 1
126 4059 1
8374 9201 1
7992 8907 1
4045 5836 1
4597 8793 1
4052 4563 1
4127 9810 1
1 8494 1
1164 9161 1
3356 8243 1
1594 8745 1
7225 9903 1
5627 7618 1
1561 6353 1
4517 5831 1
4305 8392 1
2464 7847 1
5399 6448 1
3959 7001 1
2629 3942 1
745 9177 1
942 8001 1
1183 3926 1
1530 8171 1
6516 7901 1
2548 3761 1
4444 7423 1
7119 9857 1
473 3766 1
5982 7967 1
3215 4224 1
1472 4968 1
3662 5667 1
2036 7750 1
778 9475 1
4670 7177 1
5890 8378 1
2022 5600 1
4761 8793 1
687 1251 1
3001 3706 1
3028 7781 1
5781 9374 1
5294 9256 1
7059 9991 1
1011 3792 1
1880 4204 1
4760 9322 1
3339 3701 1
3688 3855 1
2542 6575 1
9486 9879 1
816 6734 1
453 6682 1
6799 8347 1
4694 7921 1
8507 8548 1
7999 9273 1
280 9356 1
3697 7731 1
8034 9267 1
7765 8288 1
4737 7244 1
537 5979 1
1466 2278 1
2009 9845 1
48 6754 1
996 3295 1
5923 9026 1
5899 8440 1
4087 9579 1
2652 4060 1
3059 9322 1
4709 6135 1
2878 4780 1
6489 8656 1
6384 6388 1
3774 5103 1
7591 9047 1
370 739 1
4351 9810 1
366 9665 1
1787 8870 1
3740 9656 1
361 2905 1
383 3418 1
5422 8636 1
3629 9825 1
6676 9421 1
3188 3666 1
760 6559 1
4514 6017 1
2272 5128 1
1097 2946 1
2230 7346 1
453 2844 1
2092 9856 1
683 9722 1
272 4526 1
1958 7412 1
869 2530 1
2975 3558 1
5977 9797 1
1039 9357 1
3442 5653 1
283 3372 1
2941 8111 1
3978 5633 1
2407 9867 1
4733 8949 1
1579 7766 1
4662 6265 1
773 8834 1
1673 4395 1
1427 4928 1
1022 7094 1
6153 6239 1
3506 9960 1
5089 5551 1
2470 8876 1
7322 7852 1
44 6180 1
3161 6515 1
3519 3779 1
2077 3697 1
506 7931 1
1803 4626 1
4803 8348 1
161 3732 1
1577 2593 1
2537 4621 1
431 5313 1
6236 8344 1
1518 5396 1
2397 6304 1
638 4071 1
2262 6079 1
120 7114 1
2071 2347 1
5288 8770 1
4290 9668 1
4665 5381 1
2815 9446 1
4049 6573 1
1951 9600 1
7690 7847 1
1795 1890 1
5084 9125 1
1622 5345 1
5166 7245 1
1112 2799 1
1019 2608 1
4604 9427 1
975 8917 1
906 2142 1
7451 9901 1
3864 6419 1
6630 8217 1
2480 6315 1
1805 8620 1
1722 6865 1
7267 8279 1
665 8876 1
5188 9074 1
2421 6085 1
4430 9432 1
280 3558 1
6345 9926 1
4898 5336 1
120 6309 1
1723 4242 1
723 5067 1
174 5791 1
4850 7739 1
5144 5742 1
1269 8209 1
321 4498 1
398 8882 1
3992 6173 1
2127 9960 1
2111 6983 1
1323 2029 1
7575 9721 1
4803 6388 1
6157 7781 1
1537 5930 1
2063 5222 1
2558 9365 1
3979 8570 1
4507 8689 1
4 7423 1
8015 8680 1
2779 8021 1
3632 7708 1
6282 7668 1
3501 8945 1
1419 6059 1
3045 6450 1
285 1434 1
1556 4078 1
8398 9357 1
8155 9599 1
215 2358 1
3490 7251 1
1845 5120 1
5501 7453 1
7318 7412 1
9766 9867 1
2004 9314 1
2632 4187 1
5961 9131 1
364 2831 1
350 2933 1
6296 7135 1
1351 8934 1
3837 8463 1
3603 4095 1
4427 5296 1
4611 7857 1
984 1004 1
1665 4371 1
8788 9138 1
3690 6723 1
2587 3663 1
5054 7114 1
3796 5429 1
1504 9149 1
8691 9205 1
3918 4106 1
2407 8391 1
2438 3540 1
5067 9039 1
5070 9310 1
509 1650 1
335 7913 1
2921 8612 1
2794 3175 1
137 6208 1
910 1994 1
6446 8018 1
1489 5084 1
6280 8480 1
4475 8346 1
910 5377 1
1134 2641 1
2796 4187 1
3002 6507 1
2004 8159 1
2558 3083 1
3299 8945 1
1221 4515 1
3077 3648 1
1334 4392 1
2168 6281 1
5900 5980 1
8758 9087 1
3832 6964 1
1380 3047 1
3575 7308 1
1433 4371 1
3370 8596 1
1288 9874 1
569 3771 1
2468 9956 1
5610 6406 1
5493 9039 1
656 8651 1
1499 3678 1
1230 6671 1
1622 5963 1
5877 6935 1
8335 8388 1
7731 9405 1
5155 9394 1
3632 8192 1
597 2005 1
5306 9563 1
1505 5563 1
4256 8581 1
1403 9982 1
4383 7602 1
1437 7122 1
231 2621 1
4016 4398 1
1232 1240 1
7782 9343 1
1185 9530 1
1966 3679 1
3557 9711 1
159 2718 1
1258 3592 1
3140 3946 1
2923 5409 1
1345 4500 1
443 5860 1
5111 7001 1
7074 8475 1
3881 5112 1
4 9196 1
23 6994 1
740 9264 1
7345 8938 1
2548 9669 1
5067 6140 1
2909 4198 1
8999 9842 1
4407 7787 1
692 7503 1
4245 8957 1
2278 6775 1
1132 5331 1
6548 7089 1
4466 8367 1
4244 9486 1
2095 4624 1
1828 7478 1
428 2734 1
3311 5117 1
307 4659 1
5938 9789 1
6137 8686 1
2775 8520 1
963 9659 1
975 8730 1
552 1457 1
5032 7243 1
1895 9639 1
4175 4404 1
3034 7468 1
2041 9464 1
2767 3152 1
8782 9965 1
4835 6140 1
2699 8121 1
1092 6282 1
3466 8788 1
2176 6656 1
1364 4526 1
2425 7360 1
1926 9891 1
1891 9116 1
4730 5565 1
2393 7822 1
2381 6499 1
573 2684 1
3341 5117 1
1565 9885 1
1169 9885 1
4612 8727 1
7428 9888 1
7667 8184 1
236 7236 1
5088 6212 1
1323 7319 1
907 5189 1
244 4845 1
1076 1211 1
422 2673 1
3359 6073 1
3713 7325 1
5236 8527 1
6398 8969 1
15 1760 1
7258 9827 1
689 6400 1
7671 9996 1
6921 8744 1
183 7760 1
892 6759 1
4656 6905 1
8271 9237 1
2703 7839 1
1805 4245 1
688 3731 1
843 1390 1
3143 5667 1
2893 7182 1
4686 5801 1
696 2094 1
5026 6623 1
1012 1576 1
3792 5524 1
4898 9821 1
5165 7721 1
3945 4076 1
822 1452 1
5780 7994 1
668 7401 1
2029 4111 1
4905 9487 1
6682 7573 1
4344 4724 1
70 3510 1
2229 5862 1
6112 7420 1
1976 5416 1
635 1976 1
7123 8447 1
2784 3640 1
2474 2660 1
891 1407 1
4263 6987 1
1455 3435 1
2754 5683 1
803 3280 1
2017 5390 1
1786 8675 1
848 6406 1
5958 7892 1
810 3670 1
3263 8943 1
3550 8219 1
3237 3558 1
601 7468 1
5066 8250 1
1602 9497 1
493 1519 1
2705 3697 1
2048 5642 1
2328 7911 1
1700 4178 1
2923 5088 1
8520 9136 1
4169 5258 1
2871 6618 1
7114 9273 1
25 9752 1
5271 8093 1
4118 8676 1
3459 6788 1
4758 9036 1
353 8305 1
5874 7605 1
4950 9206 1
2015 4189 1
5213 5644 1
5412 6793 1
4438 9031 1
1766 6868 1
2504 6043 1
3887 8928 1
2488 9482 1
931 3034 1
6581 8406 1
387 4102 1
3902 5264 1
662 6027 1
2002 8276 1
1763 3564 1
3490 6259 1
7189 9982 1
6884 9346 1
4713 5479 1
7885 7965 1
1221 4678 1
306 1669 1
1202 4436 1
52 6448 1
697 9404 1
100 1012 1
3025 9313 1
1927 9795 1
3701 8364 1
3544 9878 1
3570 4683 1
233 7957 1
6833 9007 1
6387 7200 1
2075 8912 1
4730 9216 1
2398 9565 1
3979 4329 1
1601 6777 1
568 7654 1
6602 7539 1
7027 9223 1
7868 9839 1
728 6623 1
3388 7271 1
1922 6603 1
2775 9488 1
3792 7886 1
1653 8630 1
2004 7167 1
3781 9417 1
2207 3554 1
6431 8596 1
7565 8525 1
242 4636 1
5642 9833 1
47 8332 1
4106 8426 1
3555 4351 1
2450 9324 1
506 6402 1
7300 8227 1
220 1844 1
3487 5156 1
2155 7686 1
2907 6567 1
6398 9587 1
228 3425 1
116 7156 1
4226 5495 1
1571 9355 1
3713 8882 1
7084 8602 1
1290 3451 1
1806 7717 1
7074 9577 1
1250 4052 1
7602 9696 1
264 4021 1
7582 9229 1
137 8383 1
6269 9557 1
7289 7664 1
918 2532 1
4589 9869 1
6719 8073 1
3087 7292 1
4086 9248 1
1744 7189 1
3411 9833 1
4454 7200 1
256 6762 1
1584 9940 1
1551 7548 1
2427 8939 1
4524 6441 1
909 8081 1
2772 7631 1
1361 7424 1
2436 9402 1
2006 8128 1
1670 8179 1
371 4241 1
6169 6293 1
3078 8088 1
494 6526 1
4993 6138 1
2629 4320 1
4590 4967 1
2649 7416 1
770 4889 1
2192 6948 1
1237 6984 1
3341 6219 1
2708 5552 1
1292 6691 1
526 1496 1
7052 8259 1
7697 7997 1
383 3662 1
1599 9817 1
1683 2348 1
5177 9049 1
5518 6898 1
2880 6009 1
4251 9823 1
4007 4767 1
2878 9346 1
737 9263 1
2447 6127 1
2583 7708 1
974 8452 1
1010 3945 1
948 3067 1
2954 9341 1
2142 3047 1
311 8108 1
1510 8432 1
2878 3869 1
9137 9322 1
2451 4556 1
5448 8007 1
4068 4639 1
3283 3366 1
4780 7319 1
4919 8417 1
1982 2765 1
4683 7386 1
1737 8596 1
2632 3813 1
2219 8370 1
3320 4187 1
2351 4325 1
3373 7231 1
914 8559 1
1237 2796 1
5130 9768 1
5603 6016 1
3657 3957 1
2779 9875 1
3720 8443 1
374 1640 1
6086 7890 1
5728 8182 1
437 5372 1
196 3031 1
2876 6775 1
2331 2545 1
3065 7236 1
7380 9205 1
1621 4075 1
346 2975 1
4795 4944 1
2441 8540 1
5257 8947 1
6809 9389 1
5329 8823 1
2421 8073 1
1308 6769 1
535 6819 1
1798 2432 1
1151 2621 1
1804 6384 1
3893 7997 1
1584 5886 1
3650 4075 1
4381 9249 1
3870 6293 1
780 3617 1
86 8124 1
6521 9107 1
3694 6067 1
8723 8877 1
4005 9901 1
5440 9004 1
1378 5229 1
8958 9683 1
4906 8316 1
2332 7442 1
4445 5477 1
5405 7505 1
7450 8789 1
1276 8335 1
5145 7551 1
3662 7468 1
4928 9768 1
4126 5882 1
1548 9962 1
1861 8207 1
44 6558 1
5207 5396 1
799 5148 1
586 1657 1
2210 3665 1
2237 7740 1
7868 9652 1
5215 7731 1
1011 8976 1
2262 9490 1
3714 8008 1
2296 8320 1
2752 5153 1
3466 3742 1
1194 4896 1
6316 8651 1
743 9161 1
6813 8703 1
5951 7018 1
473 2884 1
872 8817 1
2809 9070 1
75 2057 1
3853 6073 1
1652 2741 1
5215 5637 1
4022 8511 1
259 7247 1
2078 4835 1
1376 5317 1
1477 6123 1
5100 6064 1
1337 4800 1
148 2720 1
3236 4569 1
5335 6870 1
7274 7758 1
5911 6279 1
577 9249 1
169 6980 1
2839 9070 1
155 666 1
8257 8457 1
564 5789 1
906 2520 1
723 9983 1
730 8710 1
2108 4835 1
1199 7468 1
3405 6448 1
1703 7001 1
1871 9029 1
1763 4800 1
2002 3096 1
324 4989 1
413 3526 1
2027 4846 1
5189 6644 1
3692 6663 1
2937 5067 1
3554 8419 1
3100 6751 1
3934 8640 1
853 5518 1
1059 7838 1
3411 4169 1
553 5226 1
1883 2623 1
2189 3861 1
7698 8062 1
5862 8615 1
1256 5908 1
2923 8552 1
3792 4800 1
3599 6849 1
8654 9382 1
1890 4733 1
0 8433 1
798 5969 1
956 7309 1
6641 7040 1
2917 5704 1
7457 9289 1
3193 4067 1
7625 8873 1
5674 7224 1
1465 9815 1
808 5344 1
7466 8062 1
4336 9185 1
1051 2069 1
2625 7932 1
6441 8268 1
166 2844 1
4223 6275 1
5496 8800 1
852 6555 1
2695 4729 1
752 8603 1
456 1105 1
5860 7764 1
7833 9926 1
3382 4878 1
16 7222 1
2786 3312 1
2600 4842 1
2629 9744 1
2753 5084 1
4771 6265 1
773 9830 1
6640 7323 1
439 4292 1
6719 8370 1
5525 5946 1
4783 8719 1
1712 2875 1
4236 6106 1
1080 8260 1
2907 8153 1
3950 6274 1
4949 7476 1
6876 7041 1
6122 7333 1
82 6879 1
2190 4570 1
2912 7184 1
5637 8981 1
8330 9577 1
3662 5992 1
350 1217 1
5463 8828 1
587 9266 1
224 9214 1
6375 6466 1
363 9558 1
1091 8799 1
3047 4376 1
2827 2912 1
2474 4514 1
4800 6794 1
2260 3996 1
1642 5115 1
2347 2460 1
5029 7031 1
7009 7920 1
1906 9133 1
5596 9330 1
5066 6132 1
61 1464 1
4694 8246 1
1206 8907 1
5803 9808 1
2312 6788 1
1548 6392 1
1307 3297 1
4044 7575 1
3916 8329 1
1361 3533 1
2094 2364 1
676 2676 1
6858 9629 1
7327 8387 1
3053 7173 1
4030 8616 1
3094 4730 1
3431 8287 1
3560 3971 1
1937 5571 1
784 9564 1
3117 3401 1
183 3682 1
7765 8963 1
697 3903 1
43 9529 1
5433 9874 1
6099 7483 1
151 6618 1
3232 9740 1
723 8507 1
6370 7946 1
6547 9336 1
2331 9258 1
2071 5921 1
951 5890 1
3031 8703 1
3217 4921 1
3005 7482 1
999 9344 1
6907 9090 1
7084 8228 1
77 6265 1
2917 6322 1
2418 4689 1
1451 5654 1
5716 7314 1
1313 7410 1
217 8527 1
21 479 1
43 8374 1
4444 5199 1
641 9986 1
3676 9757 1
4636 7621 1
3693 9172 1
1809 8745 1
1838 9483 1
1835 3550 1
6425 9696 1
826 8985 1
6581 9455 1
7 5684 1
9327 9877 1
6345 9178 1
9423 9585 1
4786 8319 1
4670 5892 1
879 8996 1
5617 6904 1
4884 9793 1
5715 5749 1
6012 7433 1
1690 2041 1
4747 8741 1
1913 4530 1
1166 6959 1
15 1199 1
953 3468 1
7629 9209 1
3126 8135 1
6935 7300 1
352 5695 1
9639 9940 1
95 6039 1
143 4767 1
243 6691 1
1562 9561 1
6047 7777 1
4514 5887 1
4846 8346 1
2750 3310 1
7001 9990 1
5934 8839 1
1285 5496 1
750 2708 1
7945 9041 1
175 4463 1
1068 1297 1
6792 7372 1
7621 8917 1
3414 9891 1
30 3550 1
744 2139 1
602 5439 1
4981 8921 1
4683 7012 1
5719 6406 1
97 8155 1
1599 8288 1
4472 6011 1
6482 7331 1
5088 8229 1
1361 7184 1
898 5208 1
4275 8880 1
4989 7469 1
7987 8112 1
2156 3860 1
5091 8685 1
304 7852 1
2599 5369 1
5983 6048 1
647 8191 1
989 3232 1
6257 8502 1
371 4351 1
6603 6695 1
3531 9486 1
933 3300 1
2923 8849 1
576 6446 1
1705 6031 1
1224 7421 1
100 9900 1
7089 8251 1
3991 7377 1
4320 6155 1
2871 4902 1
3712 5518 1
4775 9179 1
4355 8593 1
6048 9452 1
2075 4968 1
473 7637 1
4554 7490 1
1412 4624 1
1825 4039 1
1785 7838 1
395 3782 1
5606 6074 1
1647 7150 1
931 1318 1
4473 8999 1
5784 6346 1
1510 6098 1
1845 8828 1
1630 4702 1
1748 8895 1
889 6919 1
6679 8918 1
5727 8471 1
8409 8878 1
1308 5590 1
3233 4328 1
767 6929 1
1004 8562 1
402 3798 1
5114 6901 1
4572 8604 1
4694 6315 1
4665 5385 1
3340 5888 1
487 8043 1
5327 7948 1
8348 8575 1
688 2849 1
2195 8244 1
2362 4220 1
1684 2844 1
2055 9927 1
7094 8729 1
3448 8804 1
6483 8575 1
1127 1206 1
2236 9184 1
6826 8914 1
3557 4775 1
432 9460 1
1867 4399 1
2378 5103 1
1576 3661 1
1421 6756 1
506 3747 1
6395 7415 1
8146 8252 1
1200 2623 1
4441 4714 1
2159 2706 1
1837 9825 1
2988 9169 1
1123 4066 1
1945 8604 1
3578 6002 1
2798 8291 1
455 934 1
5112 8302 1
6894 9206 1
3637 4138 1
8542 8602 1
572 7346 1
3196 6085 1
443 5246 1
696 7412 1
479 2459 1
1878 5288 1
2358 6679 1
1499 8675 1
1138 2280 1
6783 8062 1
6836 9386 1
1958 9189 1
2858 4750 1
2851 9995 1
3126 7948 1
7935 8540 1
1655 6936 1
1001 8398 1
1968 5181 1
2580 5745 1
362 6196 1
5826 8934 1
1771 3886 1
4245 5310 1
535 6124 1
6545 9587 1
1237 7362 1
2073 3662 1
822 7120 1
1837 5637 1
870 5848 1
8480 9013 1
6995 8103 1
4336 8811 1
1767 3363 1
3212 7126 1
3019 9929 1
153 545 1
3516 9981 1
2381 2502 1
856 2917 1
4818 9494 1
367 4446 1
7416 9264 1
432 9005 1
1556 4082 1
2280 4113 1
675 2347 1
1241 2758 1
6817 8181 1
7593 8402 1
2536 9960 1
3544 6552 1
4683 6825 1
7802 7987 1
6140 9659 1
6441 8833 1
629 5385 1
952 4318 1
859 1875 1
639 3040 1
105 8768 1
7204 9731 1
3911 8416 1
1022 3744 1
4028 9755 1
972 8353 1
339 8440 1
4781 8272 1
2623 8020 1
2372 4237 1
501 5735 1
2929 3596 1
7421 8453 1
5655 8247 1
3907 8647 1
6995 9742 1
3022 6978 1
4315 4685 1
1302 4673 1
280 4985 1
7560 8238 1
6895 7067 1
4106 8483 1
1883 3672 1
5501 5713 1
5981 7104 1
7771 7869 1
1938 9206 1
2793 7276 1
1155 3872 1
5640 7750 1
7080 7197 1
5313 7355 1
4370 4742 1
2331 6656 1
7415 9927 1
63 5108 1
4125 8883 1
7024 7827 1
4 1495 1
4207 6441 1
2206 8647 1
136 4832 1
7023 7602 1
5328 9326 1
3730 7041 1
5970 7103 1
7048 9352 1
7478 8182 1
7421 7648 1
518 5099 1
7505 9039 1
2297 7984 1
110 6994 1
4530 7067 1
4647 7652 1
7245 7422 1
6780 8783 1
276 5751 1
5491 5533 1
7148 7489 1
3294 6861 1
4243 6256 1
1433 9047 1
6700 9019 1
1361 7481 1
4668 5496 1
6507 8624 1
1039 4986 1
5803 8279 1
1018 4109 1
1374 9406 1
2950 3264 1
2313 2451 1
2975 5014 1
4798 8171 1
376 1609 1
1921 6542 1
2253 5029 1
6575 7977 1
5231 8992 1
934 7040 1
766 4423 1
2772 6533 1
5220 9742 1
392 1738 1
43 1584 1
2432 7596 1
6573 7500 1
990 7322 1
7082 7377 1
2772 3500 1
6559 9322 1
27 8406 1
4072 8602 1
7503 9127 1
4815 6431 1
395 696 1
3980 9013 1
7781 8317 1
8209 9518 1
3362 7688 1
45 2569 1
2434 8581 1
2291 9993 1
1935 4696 1
2671 7770 1
3596 9023 1
2574 7837 1
8069 9888 1
4905 7263 1
2009 3864 1
2303 6031 1
1904 6322 1
6553 7413 1
1859 9023 1
4887 7623 1
5470 5729 1
1132 6974 1
1308 2504 1
6526 8219 1
5841 8116 1
1942 6025 1
5228 7135 1
292 352 1
1188 1621 1
1004 3032 1
2583 9993 1
687 3325 1
625 2447 1
413 4254 1
5619 6202 1
4903 6786 1
3305 3747 1
371 4782 1
486 8704 1
6790 9204 1
931 2904 1
2469 6858 1
6674 9221 1
1927 2899 1
4803 6555 1
3466 7987 1
2795 7782 1
1338 2504 1
2516 8367 1
4828 7551 1
4802 6330 1
9124 9278 1
953 7766 1
1433 4993 1
5416 8475 1
2577 5610 1
1933 9480 1
3005 8531 1
2888 4748 1
2351 3577 1
4374 9266 1
3259 7135 1
537 5609 1
7350 7676 1
910 3905 1
1684 7463 1
5770 7660 1
4824 9502 1
3227 7597 1
1064 1339 1
52 7257 1
785 1924 1
7290 8564 1
8248 9765 1
745 2525 1
533 5086 1
1006 5306 1
1271 2571 1
4310 5467 1
1345 8155 1
239 1606 1
1477 8274 1
1546 7879 1
4758 5068 1
658 4973 1
45 6436 1
6769 7522 1
7784 9257 1
3479 6478 1
3183 5396 1
5056 7916 1
7332 7635 1
5484 6111 1
4109 7813 1
2488 9486 1
2221 3480 1
1923 7987 1
3905 5539 1
4230 9271 1
7334 8647 1
2050 2844 1
6145 9011 1
479 662 1
38 9587 1
6669 8230 1
1793 5662 1
750 5851 1
4915 6341 1
1066 7777 1
660 2925 1
4237 4965 1
2740 4984 1
2549 5416 1
5862 9827 1
671 8187 1
6994 8929 1
108 9767 1
3368 9656 1
1903 7870 1
795 7664 1
4372 5540 1
8792 9023 1
392 5739 1
707 8783 1
4494 6469 1
5029 5315 1
1266 4051 1
5818 9905 1
1465 5200 1
1439 4733 1
6320 8611 1
1425 2583 1
60 5939 1
6995 9689 1
839 5677 1
371 4111 1
4297 6305 1
1016 7259 1
97 9204 1
2690 4466 1
7664 9289 1
7602 8411 1
4818 5253 1
420 5693 1
7660 7827 1
3517 7096 1
4798 7984 1
3200 4945 1
2995 5479 1
533 3126 1
3564 8605 1
2702 6920 1
4779 9462 1
35 9265 1
1205 4687 1
1021 2126 1
2712 2912 1
8804 9383 1
2450 2912 1
657 1849 1
723 5852 1
479 796 1
5004 6547 1
384 3942 1
3851 4124 1
6398 6558 1
51 2978 1
1828 8234 1
4856 9278 1
7165 8945 1
2094 8353 1
2426 2676 1
6103 6640 1
4752 8174 1
2629 3035 1
856 9764 1
3165 9431 1
3082 7676 1
1723 2933 1
4187 6675 1
5862 6928 1
7877 8592 1
1676 9533 1
148 3261 1
1715 8707 1
4805 8939 1
2269 3631 1
2743 9149 1
2619 7393 1
2781 3025 1
637 3425 1
1702 7721 1
4833 7200 1
4504 6732 1
2592 9919 1
7783 9115 1
2530 2625 1
231 5366 1
5432 9222 1
1361 4395 1
5361 6538 1
2149 2933 1
4846 6846 1
2055 9687 1
1188 1434 1
1728 2876 1
914 6335 1
3880 6501 1
5656 9869 1
5511 7236 1
5929 6995 1
6378 6821 1
8365 8689 1
421 6402 1
4309 5860 1
7948 9532 1
4796 5978 1
4720 9366 1
3388 4726 1
3567 6943 1
1297 4760 1
2162 9934 1
5572 8828 1
3781 4428 1
3944 6112 1
6793 9665 1
3137 8298 1
692 1388 1
5296 7432 1
2328 6439 1
395 9503 1
5751 6292 1
5643 8479 1
2625 8123 1
7081 7853 1
1221 1917 1
3991 5177 1
7678 9829 1
2810 7122 1
8283 9414 1
1359 9960 1
7393 9845 1
5366 9864 1
223 6952 1
2544 8134 1
1976 8616 1
5766 9983 1
4462 5701 1
2640 6152 1
492 926 1
5466 8001 1
2682 9007 1
3183 4859 1
562 9801 1
6593 6759 1
2811 7697 1
5992 7293 1
2427 8488 1
4049 8915 1
4732 8945 1
50 3210 1
1466 2071 1
1380 4771 1
2340 6799 1
1106 5700 1
1655 6696 1
1376 7281 1
2802 6830 1
2783 4336 1
3858 9320 1
3325 6605 1
1007 4940 1
1028 3565 1
3438 9700 1
3274 6825 1
2457 4351 1
3126 8647 1
4561 7750 1
4922 6975 1
5770 8762 1
3306 9746 1
1416 4586 1
2071 5978 1
9058 9918 1
6277 8568 1
5264 7089 1
1938 6388 1
986 8385 1
2629 8191 1
1502 6989 1
4038 5881 1
5246 5759 1
4418 5348 1
2883 6795 1
2878 6451 1
4106 6015 1
3658 9043 1
1361 9201 1
8171 9307 1
898 7225 1
1187 2632 1
3026 6322 1
5765 7263 1
5321 6283 1
3544 6662 1
953 5619 1
4946 9789 1
5428 7843 1
2912 9603 1
5897 6601 1
3244 4680 1
9238 9862 1
3741 4732 1
6122 6719 1
2581 4336 1
1356 6009 1
3152 5091 1
4487 6242 1
6044 7028 1
4824 9799 1
609 8411 1
8195 8738 1
7095 7639 1
963 4967 1
5765 8552 1
3387 6836 1
1405 2868 1
1019 7528 1
2621 3361 1
1652 9161 1
3352 7781 1
453 2421 1
177 7441 1
6923 8286 1
1434 4737 1
4586 5847 1
3421 4353 1
4033 8115 1
6046 8952 1
1163 1241 1
1304 3166 1
1474 5075 1
2649 5005 1
684 9874 1
4987 9574 1
479 3992 1
2459 4881 1
1194 6189 1
9310 9714 1
1141 4865 1
95 619 1
5132 8208 1
1173 9284 1
4470 9055 1
9884 9986 1
5075 9394 1
3368 5631 1
6031 9960 1
3957 9409 1
4220 5847 1
2458 6349 1
7167 7491 1
100 7729 1
5601 5653 1
2185 5436 1
7305 8364 1
8394 9082 1
288 8719 1
4331 5836 1
1022 3988 1
5038 7418 1
6775 8549 1
3647 6335 1
3817 8998 1
3144 7212 1
3576 7623 1
549 3017 1
5287 7341 1
2007 4733 1
5448 5946 1
2772 6293 1
1445 9167 1
7 4131 1
2832 3126 1
7066 9637 1
2050 8752 1
9770 9833 1
5396 6695 1
3032 8849 1
4496 6438 1
4933 7193 1
2438 8110 1
4955 6952 1
5029 6901 1
1541 4152 1
5443 9924 1
2442 8983 1
548 7114 1
1845 4563 1
1337 5288 1
3479 4815 1
4012 5278 1
5820 9093 1
996 2551 1
832 3840 1
6336 7697 1
2650 6653 1
2629 9748 1
1497 4230 1
3921 6099 1
15 7001 1
743 2078 1
6799 8892 1
426 2371 1
2000 8234 1
2511 6494 1
2745 4446 1
5428 8461 1
77 4846 1
3833 4939 1
4177 9667 1
3907 5642 1
6678 7030 1
3853 8789 1
7244 7441 1
4940 6428 1
8295 9587 1
3274 6638 1
1591 8187 1
3155 6946 1
1503 6088 1
2451 2629 1
7323 9427 1
174 2685 1
7708 9238 1
1295 6324 1
5225 7728 1
794 8028 1
2448 4051 1
8452 9921 1
3096 6716 1
153 9917 1
186 2695 1
3773 6177 1
4306 8892 1
3834 9836 1
4377 8543 1
4637 5464 1
8663 9582 1
2697 7357 1
6298 9791 1
2628 9472 1
1327 6397 1
7750 8309 1
3638 6891 1
85 9409 1
2772 3744 1
4520 5064 1
3159 6664 1
688 1751 1
2835 5786 1
2687 2882 1
4249 7984 1
4240 6178 1
7089 9731 1
5539 8426 1
1048 1505 1
3193 8877 1
254 8814 1
4189 7152 1
1844 2378 1
4104 6290 1
3747 7184 1
9115 9460 1
3864 7769 1
1584 7342 1
4125 6578 1
3779 5187 1
479 5899 1
1088 2974 1
1066 3215 1
6382 7021 1
3360 9929 1
4423 8672 1
426 3794 1
3357 8877 1
750 8055 1
7123 7406 1
43 7439 1
2413 6793 1
8213 9480 1
2222 3061 1
1547 5366 1
8883 9460 1
382 3872 1
7364 7468 1
1925 4760 1
3196 8370 1
1587 8148 1
746 5088 1
2351 6854 1
4137 4494 1
5644 9135 1
7658 8854 1
2844 3754 1
2880 3411 1
5354 7087 1
1622 5890 1
921 9226 1
6112 7668 1
3975 9047 1
3221 7087 1
3978 6312 1
248 1778 1
1361 7054 1
6142 9762 1
3561 9407 1
6813 7715 1
7052 9983 1
4922 6117 1
1976 9047 1
43 9667 1
1861 6064 1
4760 5008 1
1610 2281 1
4484 9274 1
4780 8104 1
4656 6348 1
4635 9443 1
1164 9519 1
3351 8257 1
2714 9134 1
3070 8015 1
2230 3837 1
2414 6398 1
6920 7935 1
134 5971 1
8219 9429 1
1660 4438 1
1825 6003 1
7296 9912 1
6887 7263 1
1668 6019 1
1023 2871 1
417 3061 1
5747 9209 1
1844 9628 1
3181 5752 1
75 9713 1
1192 3057 1
6305 7258 1
2652 8606 1
5876 8838 1
2784 5527 1
3739 7965 1
750 6095 1
177 2261 1
1367 4751 1
4498 7236 1
5076 9162 1
3935 5810 1
2278 4608 1
6421 9311 1
8675 9271 1
7458 7587 1
3036 7441 1
1303 6429 1
35 8220 1
2793 5239 1
1580 2765 1
293 342 1
2443 3140 1
3198 6456 1
2632 7765 1
3117 9500 1
5816 9322 1
2297 5008 1
4955 8993 1
4728 9768 1
2978 7621 1
7840 9759 1
5128 8921 1
2055 6414 1
9037 9256 1
5701 8059 1
852 8600 1
1936 1996 1
1898 5676 1
8549 9667 1
3453 5635 1
5516 8279 1
5779 7161 1
4576 9347 1
4222 4685 1
3328 3654 1
1461 2642 1
1478 2057 1
1652 3176 1
2022 2709 1
2362 7473 1
122 4967 1
2381 5271 1
2207 8124 1
2239 6127 1
5355 7772 1
1356 7729 1
1339 1898 1
2901 9444 1
7438 9348 1
36 9330 1
5153 8577 1
2844 6466 1
3773 6929 1
3867 9008 1
4889 5498 1
3115 6929 1
7903 9118 1
1188 3422 1
3885 6581 1
5120 9568 1
4351 8074 1
6068 6109 1
4760 6781 1
7010 9251 1
1511 3294 1
3309 6421 1
3751 7520 1
2851 5543 1
4659 9358 1
2534 9808 1
2871 8639 1
8698 8985 1
3352 4024 1
626 1036 1
750 7518 1
2498 4866 1
4108 6222 1
414 7569 1
82 6830 1
3829 7561 1
197 6780 1
2903 8335 1
7853 8600 1
2015 9593 1
2894 6529 1
3264 5308 1
3880 9778 1
2691 5446 1
8387 9473 1
1097 1560 1
2552 3567 1
4112 8034 1
184 5013 1
2591 5215 1
4664 8547 1
2258 8947 1
5496 7357 1
9197 9463 1
4102 4313 1
3692 8387 1
6763 7815 1
3352 8696 1
2349 3588 1
1106 4655 1
1018 8972 1
2833 5098 1
2272 2587 1
3886 3907 1
171 3623 1
259 5722 1
9329 9740 1
470 3690 1
6225 7358 1
3677 6951 1
5626 6275 1
5034 8615 1
3969 9045 1
1066 8639 1
619 780 1
3650 8511 1
887 3978 1
1969 3717 1
3049 9045 1
3032 3214 1
5038 9488 1
6836 8451 1
2468 7602 1
100 1878 1
4451 9728 1
4129 9677 1
4865 8779 1
2771 8542 1
4077 4791 1
1584 7289 1
3011 9692 1
3240 7300 1
6029 7604 1
3625 4667 1
4246 7983 1
5550 9821 1
6078 6907 1
1281 7638 1
1627 1859 1
949 6899 1
4508 5135 1
1192 2870 1
4884 7866 1
7962 9027 1
4586 5957 1
3853 7126 1
4455 9446 1
7865 9094 1
509 9229 1
4929 6296 1
3678 9754 1
211 7320 1
4922 5125 1
7652 8986 1
432 9948 1
392 2413 1
5839 9900 1
1190 2393 1
2071 4128 1
395 4404 1
1811 3265 1
1907 9389 1
3020 8441 1
5656 8503 1
4713 5890 1
8037 9736 1
544 3938 1
7285 8411 1
3632 9005 1
6464 6727 1
4351 8692 1
1526 3281 1
2802 6269 1
4113 6834 1
5518 7980 1
432 7854 1
4352 8513 1
4572 8287 1
2528 9857 1
4646 8990 1
1339 3805 1
7402 9346 1
348 4184 1
2835 6567 1
4024 6203 1
217 7084 1
2373 9919 1
325 5863 1
7739 9116 1
821 1371 1
1492 5740 1
1712 3794 1
2634 5530 1
4745 6902 1
2301 9262 1
5555 5953 1
1888 7403 1
1575 2742 1
3629 9996 1
1857 5838 1
4990 6706 1
351 4051 1
3694 8893 1
174 217 1
2844 6279 1
7245 9520 1
1529 8224 1
5693 7580 1
875 6680 1
701 3117 1
3108 3319 1
1795 5899 1
3400 4659 1
4263 5788 1
7224 9582 1
4462 8657 1
1518 4278 1
7889 9972 1
831 9764 1
3283 7265 1
5289 7123 1
3773 7092 1
7212 7478 1
1806 8128 1
2127 8708 1
1179 5751 1
2149 8467 1
4747 8237 1
3030 3786 1
3467 4541 1
3315 7153 1
4256 8939 1
2678 9750 1
1244 9529 1
3351 7749 1
1682 4278 1
6441 7227 1
2081 2297 1
2614 5012 1
1898 9006 1
6017 9151 1
2259 8985 1
5788 5881 1
5523 6364 1
2365 4685 1
1551 2482 1
7225 8248 1
6623 9311 1
2837 8817 1
3281 3381 1
5156 9172 1
1629 6495 1
3924 6456 1
4951 9706 1
2531 8518 1
1390 5166 1
189 8179 1
5655 7580 1
8129 9004 1
3528 6641 1
2852 8344 1
402 9226 1
2714 4438 1
3970 5296 1
3891 5003 1
6091 8110 1
1714 3011 1
945 1517 1
1972 5521 1
4067 8612 1
586 1584 1
264 1533 1
1633 4520 1
3481 3792 1
3033 5322 1
2224 9125 1
2451 5906 1
2358 9879 1
7091 7443 1
1028 3622 1
3536 6882 1
1934 4633 1
275 6768 1
497 9621 1
5619 6206 1
3609 7360 1
1351 9910 1
5389 9127 1
4902 7319 1
4570 5826 1
4499 9558 1
934 6589 1
7510 9497 1
4497 9485 1
1655 4659 1
617 4438 1
1947 5999 1
42 6947 1
1186 5120 1
2440 5343 1
506 9525 1
2897 9002 1
4922 4938 1
3103 4906 1
3977 5662 1
1711 4187 1
4524 5831 1
2746 5800 1
1373 1913 1
564 5716 1
65 8247 1
1904 7965 1
3432 7067 1
5765 7320 1
3943 7771 1
6324 9004 1
7100 9225 1
2358 5691 1
3629 7581 1
787 2755 1
1938 4351 1
3648 5379 1
3605 4743 1
1308 1703 1
3692 9623 1
3752 7422 1
285 4988 1
1092 6774 1
8741 9113 1
1334 8751 1
715 4572 1
6167 8239 1
506 8370 1
688 5378 1
4332 9394 1
2004 9485 1
5070 9131 1
5409 6345 1
4937 8979 1
1425 3392 1
5466 8542 1
2102 8515 1
8387 8965 1
2699 6519 1
1365 8222 1
2036 6929 1
1845 3197 1
1200 4213 1
2332 3315 1
86 7380 1
688 9700 1
3699 5667 1
294 8083 1
3019 9880 1
4509 8690 1
4987 8692 1
1455 1699 1
4027 4220 1
1989 9742 1
6135 9990 1
1409 4737 1
4845 5606 1
3100 5523 1
4572 9389 1
6074 7270 1
2553 6293 1
1935 7412 1
4605 6304 1
3793 4174 1
548 621 1
8600 8857 1
1910 6601 1
3804 8470 1
2715 3588 1
48 5933 1
1960 1992 1
996 2474 1
1488 9352 1
4521 9050 1
375 9711 1
1562 2104 1
3733 6725 1
4514 7290 1
1052 2756 1
3939 4349 1
1251 1653 1
4618 6889 1
5070 8676 1
91 4475 1
3900 6838 1
9055 9787 1
7258 9514 1
6348 6849 1
820 6570 1
775 5107 1
6341 9842 1
9264 9372 1
5405 5956 1
1055 7376 1
7757 8703 1
1373 6719 1
1936 2695 1
3061 3070 1
5781 8687 1
192 8664 1
1875 5425 1
9051 9264 1
2370 9568 1
2012 2690 1
1200 1314 1
4310 9338 1
5518 9216 1
4499 6793 1
5218 6480 1
3673 5519 1
235 7987 1
3289 4590 1
1477 9701 1
780 3357 1
4825 7717 1
785 3701 1
6719 7142 1
1411 4917 1
86 5420 1
7410 8191 1
244 344 1
3022 7629 1
1878 7012 1
2464 8799 1
7476 7498 1
3092 3672 1
1502 7664 1
261 9558 1
4640 8876 1
9347 9383 1
1097 3414 1
7709 8231 1
1921 4615 1
6002 6188 1
8018 8986 1
2206 8948 1
7727 8248 1
2856 9030 1
2323 6315 1
2054 5144 1
4225 9765 1
1123 1602 1
3370 6807 1
1720 3578 1
7480 9310 1
8259 9048 1
1308 4765 1
6855 9258 1
1891 6843 1
3159 3554 1
1133 7393 1
7917 9284 1
3951 5217 1
4524 6799 1
849 1218 1
7274 9592 1
5614 5675 1
528 2331 1
1302 8141 1
288 9260 1
4112 4761 1
8102 9222 1
982 8136 1
3537 6516 1
7794 9069 1
3568 9801 1
1536 2306 1
2278 3697 1
4481 6321 1
548 6366 1
3333 4242 1
2254 8938 1
437 6535 1
148 2460 1
2634 5961 1
1385 3830 1
7300 8719 1
2539 9107 1
564 2146 1
395 9507 1
1467 7804 1
8664 9110 1
6599 9803 1
6017 6415 1
3723 7810 1
7885 8591 1
3360 7758 1
2372 9344 1
2742 8877 1
1985 6454 1
8139 9639 1
2525 3924 1
1885 5284 1
3070 5710 1
1109 2619 1
4763 7323 1
5286 9350 1
3925 6224 1
2459 5556 1
2451 7947 1
5752 7837 1
453 1002 1
1870 9133 1
3102 6187 1
4987 7216 1
3629 8333 1
284 7582 1
153 8819 1
2857 8985 1
3778 5423 1
4170 4715 1
3528 4494 1
1993 8385 1
1571 4720 1
4752 6568 1
5132 6789 1
4872 7616 1
4879 6343 1
1097 4837 1
2434 3405 1
44 366 1
4937 9731 1
8650 9188 1
918 930 1
5121 5876 1
5642 9520 1
1492 5366 1
1939 6809 1
2658 3298 1
3050 9006 1
6128 9413 1
137 3748 1
7724 9373 1
3526 6491 1
1237 7476 1
8614 9881 1
6735 9044 1
820 4155 1
2616 6455 1
2096 4699 1
8417 8778 1
3018 3991 1
325 3395 1
4430 7806 1
3723 7944 1
3807 8581 1
323 6732 1
4665 9366 1
4818 9608 1
4078 7354 1
2839 5911 1
3940 9110 1
922 8754 1
7393 9394 1
4568 6989 1
750 6018 1
15 3354 1
440 2594 1
1281 3210 1
2053 8385 1
1778 4016 1
4737 7175 1
371 6372 1
7671 8557 1
1007 7522 1
5114 6344 1
5293 8561 1
9685 9996 1
3587 7652 1
1622 3853 1
4024 5963 1
1863 2784 1
2679 2781 1
528 8426 1
8384 8614 1
3924 5732 1
4211 9172 1
479 9473 1
1907 7405 1
1819 5306 1
2707 5768 1
2519 5717 1
645 5978 1
700 5685 1
3150 3305 1
5653 6221 1
4963 5020 1
849 2775 1
215 8087 1
638 1774 1
1947 6430 1
1898 9921 1
4157 7781 1
165 9663 1
776 957 1
2837 2966 1
1878 3792 1
1501 8006 1
489 9006 1
498 2144 1
3672 9429 1
3274 8602 1
2448 2632 1
5152 9214 1
1009 8483 1
5565 9383 1
2793 5296 1
3885 7443 1
6567 8604 1
4590 7232 1
5758 5991 1
7931 8241 1
696 7205 1
7210 8481 1
4746 9465 1
1434 3936 1
563 7615 1
5640 9153 1
1891 3623 1
685 2128 1
3749 7555 1
4848 6709 1
4638 6899 1
4896 9409 1
4349 6796 1
2642 3033 1
3177 6575 1
6277 7495 1
5809 5929 1
6593 7731 1
6727 7731 1
2823 5296 1
2135 4922 1
2772 3264 1
5831 8347 1
2398 4743 1
2692 3500 1
1164 1200 1
7810 9011 1
6915 7378 1
2356 5271 1
699 3315 1
4129 8311 1
3 6995 1
2876 8690 1
3375 3907 1
223 353 1
116 4428 1
1188 3479 1
4823 7187 1
7423 7784 1
1241 2551 1
7571 9934 1
1339 2894 1
745 4599 1
1643 6503 1
8418 9806 1
5572 9934 1
209 3838 1
2843 3265 1
1200 5933 1
9670 9956 1
2108 7771 1
4517 4636 1
3796 4876 1
5780 8917 1
933 5589 1
597 5640 1
2314 3675 1
533 8099 1
1963 2694 1
5760 6952 1
5651 7948 1
665 5774 1
7667 8302 1
1218 9141 1
3453 4887 1
4853 7187 1
4259 6448 1
100 2740 1
3192 3799 1
3694 4949 1
7074 8138 1
3846 7972 1
5071 7265 1
9699 9731 1
6609 7055 1
2908 7423 1
1936 3126 1
8238 9407 1
1992 8885 1
3632 4256 1
5615 9580 1
3870 9497 1
8015 8611 1
8758 8884 1
3980 4939 1
5573 9354 1
5626 8426 1
423 8469 1
4485 8080 1
2740 7997 1
4677 8250 1
7401 8159 1
4524 8974 1
4825 8148 1
5317 8610 1
809 3028 1
3938 8850 1
7945 9720 1
796 3732 1
8325 9941 1
1780 3902 1
2313 7371 1
8935 9870 1
2414 7423 1
1028 2577 1
2715 4153 1
4465 6300 1
2172 8829 1
3810 8291 1
9520 9742 1
6783 7184 1
4190 7758 1
6521 7184 1
7873 8504 1
2966 6623 1
4862 6875 1
7668 9038 1
2845 8548 1
4715 9831 1
5787 8128 1
6341 9468 1
6623 8400 1
183 7073 1
4412 7578 1
2029 5518 1
1217 3388 1
955 3388 1
5977 9191 1
8136 8325 1
8862 8991 1
7489 8514 1
3232 6715 1
7528 7688 1
914 9214 1
2110 3605 1
1009 3624 1
2705 7198 1
4169 8759 1
1708 2844 1
3834 6002 1
3748 7948 1
439 9106 1
5513 7717 1
5121 6173 1
7018 9279 1
7016 8452 1
2365 8446 1
49 8362 1
2740 4159 1
6021 7369 1
5376 8385 1
756 5780 1
7982 9736 1
728 1480 1
8043 9423 1
187 375 1
472 9404 1
3275 6388 1
1238 2521 1
3245 9929 1
4446 8636 1
2629 3015 1
729 6027 1
216 8660 1
106 6802 1
569 1608 1
696 3635 1
3373 3698 1
1241 9585 1
613 5852 1
2237 7106 1
52 7505 1
3694 4278 1
2126 8029 1
402 9015 1
6398 8416 1
6138 9243 1
4760 5012 1
5174 9725 1
1028 3061 1
6664 9289 1
6738 9238 1
6636 7241 1
705 5791 1
1409 3692 1
5586 9669 1
5335 5886 1
4022 4494 1
70 5051 1
1102 8645 1
6487 8838 1
2041 4134 1
3061 6213 1
4532 8945 1
3315 8015 1
4001 4556 1
1002 1998 1
8694 9891 1
2204 6003 1
8479 9737 1
8501 9496 1
3467 6342 1
280 8429 1
161 4765 1
5142 6595 1
1276 4452 1
1587 1870 1
697 2301 1
2656 6285 1
139 1973 1
3535 7385 1
2005 5012 1
6929 8028 1
370 5289 1
293 3379 1
287 1090 1
5199 7287 1
4247 9284 1
4665 9797 1
2272 6295 1
2962 5244 1
446 5284 1
3159 9730 1
2371 4022 1
5165 5424 1
4069 9951 1
3408 6270 1
4053 6974 1
2750 7990 1
2590 3571 1
6003 9152 1
1963 5890 1
3214 6404 1
215 6290 1
1942 8985 1
4220 7087 1
8908 9604 1
3927 5522 1
3810 8909 1
1401 4874 1
792 1383 1
1241 7625 1
2175 4268 1
315 4427 1
2171 9976 1
2097 2857 1
5872 9608 1
5354 5481 1
2839 4248 1
1968 8893 1
6245 6406 1
4760 5496 1
5424 8694 1
2772 5655 1
1975 2867 1
1491 3986 1
3299 8555 1
1718 4931 1
484 3832 1
8608 8938 1
2460 5541 1
5746 9095 1
4230 9064 1
1164 4530 1
5568 5790 1
829 5937 1
3654 8904 1
669 1518 1
3986 7391 1
6584 7161 1
3640 6754 1
2525 7067 1
300 3903 1
313 8272 1
568 685 1
5650 6539 1
4504 6041 1
1083 7924 1
1878 4223 1
1599 4808 1
2265 2417 1
2676 8175 1
7731 9954 1
8087 8835 1
962 7405 1
3938 6569 1
4514 7668 1
1307 4407 1
5888 6303 1
2813 9577 1
2142 4454 1
3761 6118 1
5352 5734 1
8428 9478 1
1298 3540 1
2117 4397 1
2893 3864 1
4310 6333 1
984 5070 1
5022 8259 1
2854 4101 1
2448 3413 1
376 5187 1
2447 5440 1
1628 8555 1
1439 6404 1
744 887 1
5320 7135 1
2488 2997 1
3479 7344 1
619 5322 1
1324 5111 1
1252 3545 1
1878 6451 1
5013 7392 1
2036 7791 1
3853 6996 1
3061 3798 1
2123 9665 1
6901 9446 1
225 2924 1
2783 3295 1
3156 8007 1
424 1821 1
876 7580 1
2292 6441 1
631 6995 1
5497 6623 1
473 8129 1
8745 9693 1
371 6132 1
3299 9978 1
25 5495 1
9006 9468 1
8586 8882 1
427 6441 1
1358 3567 1
5222 5637 1
688 8468 1
3394 7771 1
3580 3989 1
7227 7522 1
2511 2957 1
8925 9479 1
6633 6783 1
62 8945 1
2727 3521 1
807 1185 1
9222 9473 1
4800 9327 1
2243 5394 1
7838 8615 1
674 1595 1
5434 9842 1
4223 8003 1
23 6738 1
3557 3978 1
2481 7437 1
6378 9647 1
5416 6792 1
4903 9425 1
165 5101 1
2876 3994 1
696 4737 1
3540 7946 1
5805 9004 1
1710 7001 1
8196 8673 1
7697 7794 1
8251 9134 1
7148 8518 1
6341 6732 1
548 2772 1
7635 7882 1
2342 7443 1
9754 9869 1
6693 8877 1
2973 8249 1
4324 6715 1
7677 9047 1
177 8494 1
5823 9960 1
4011 4683 1
3092 6628 1
5554 5571 1
119 1319 1
5196 7583 1
2474 5303 1
4903 8270 1
4225 9338 1
2654 6402 1
2630 5816 1
3786 5504 1
2965 4574 1
2963 7911 1
346 1483 1
1502 5143 1
4246 7182 1
2857 8424 1
3571 7767 1
591 4697 1
3564 4344 1
2297 4825 1
1334 5909 1
7399 8113 1
353 6976 1
1614 8178 1
1155 2002 1
4059 5262 1
3281 8378 1
4397 6947 1
1964 7244 1
4097 4965 1
1898 8876 1
3388 7686 1
4310 6012 1
1172 2356 1
259 1083 1
780 6447 1
606 5328 1
3617 4513 1
1709 7664 1
4138 5905 1
5780 7738 1
5610 9801 1
3046 8861 1
1468 7952 1
6774 9350 1
9203 9311 1
4057 9888 1
3792 6207 1
3122 8856 1
1663 2943 1
3550 3641 1
4283 6444 1
4424 8369 1
4441 7784 1
2354 4554 1
1024 4713 1
2470 8112 1
3294 9313 1
6444 9596 1
675 6222 1
8868 9213 1
2027 7542 1
7546 9987 1
8850 9573 1
378 5477 1
2081 7778 1
3681 8446 1
4237 6449 1
8963 9450 1
9324 9429 1
7216 9294 1
7295 9587 1
7660 8022 1
2923 4832 1
963 7793 1
2381 4283 1
2270 6896 1
3829 8317 1
852 7962 1
331 4318 1
1898 9010 1
6354 8740 1
869 4933 1
4967 8365 1
4750 9828 1
6147 8447 1
4748 9755 1
139 1115 1
9378 9850 1
7838 9233 1
1023 8783 1
6544 8083 1
7100 7806 1
137 288 1
4213 6213 1
900 7629 1
2540 3000 1
853 3087 1
2597 5197 1
1300 2086 1
4894 5793 1
1059 2963 1
358 8743 1
1478 8774 1
6382 7940 1
374 2860 1
6438 7283 1
5134 9417 1
1629 2527 1
289 1998 1
1711 4057 1
4696 9191 1
2041 8887 1
976 2147 1
2789 6306 1
91 9338 1
7620 9131 1
1457 6392 1
3220 8744 1
8012 8423 1
3661 4545 1
1343 7044 1
3196 5906 1
6618 6877 1
2464 9929 1
921 3379 1
1380 3893 1
148 423 1
4521 8786 1
9324 9563 1
7920 9773 1
5046 7853 1
6233 7416 1
164 7722 1
1373 9488 1
6715 8099 1
3021 6440 1
4760 4988 1
183 7183 1
1405 2795 1
1962 3652 1
3364 6779 1
7636 7920 1
5046 5759 1
5070 6907 1
8671 9533 1
963 5833 1
1840 6106 1
8385 8947 1
386 4509 1
5375 6200 1
5439 5461 1
220 4971 1
5803 9121 1
5746 6143 1
6043 7827 1
4376 5937 1
1652 6994 1
5652 9891 1
2612 3360 1
2259 3996 1
822 4258 1
4764 6985 1
4759 6641 1
223 9591 1
3 957 1
5176 9373 1
2187 7503 1
4785 7273 1
3197 5676 1
4470 5949 1
3214 9063 1
4315 6600 1
4779 7458 1
3516 4675 1
4512 7114 1
3896 8868 1
6216 9825 1
5335 8090 1
1972 2626 1
3712 9690 1
770 3694 1
949 5911 1
2626 9243 1
3562 4269 1
4527 6641 1
5079 7346 1
1292 5496 1
4370 6657 1
4447 6123 1
3953 9752 1
3079 6744 1
207 5459 1
193 9725 1
105 3462 1
5110 9850 1
31 1261 1
7 675 1
5220 6046 1
1409 3802 1
493 5264 1
2867 9490 1
5274 6282 1
1652 6189 1
179 7548 1
2168 3073 1
6829 9651 1
7491 8804 1
999 9007 1
4048 4512 1
5894 8619 1
2430 6456 1
487 8832 1
6719 7012 1
1425 4685 1
5930 8249 1
86 8673 1
1292 7724 1
283 6743 1
2943 8145 1
5427 7813 1
1452 9110 1
771 3299 1
709 2421 1
7856 8528 1
423 6753 1
5643 6125 1
610 4859 1
5653 7567 1
50 9366 1
5721 9199 1
3233 9789 1
1786 5199 1
6037 9435 1
299 1210 1
852 7775 1
4866 7372 1
7918 9564 1
1939 7134 1
3126 8387 1
2661 9748 1
7867 9976 1
2191 7355 1
3975 4168 1
762 3536 1
5189 7998 1
911 9294 1
3938 8423 1
999 6108 1
1945 8238 1
763 913 1
2626 5189 1
1320 1770 1
754 3079 1
1409 5225 1
5784 9497 1
4003 9949 1
8060 9216 1
261 3146 1
4376 8999 1
463 7976 1
4811 5729 1
907 1042 1
3914 5181 1
688 1678 1
757 2037 1
4053 6279 1
1599 7951 1
6592 8852 1
5933 9970 1
5470 7994 1
5549 9041 1
7894 8365 1
2278 5795 1
3606 8219 1
6080 6233 1
4332 6633 1
1398 6914 1
6255 6988 1
4130 7438 1
2294 4985 1
1523 5862 1
7357 7379 1
853 8511 1
225 4778 1
665 9214 1
2599 9004 1
6341 9391 1
1616 5272 1
5375 9046 1
325 9331 1
1560 3650 1
2673 8926 1
8387 9587 1
1917 5385 1
2784 4970 1
1977 3938 1
3964 9970 1
1228 1376 1
6978 8672 1
574 586 1
4889 8779 1
221 5194 1
8082 9890 1
155 9270 1
7815 9546 1
3794 6526 1
2130 3399 1
8952 9746 1
3575 7162 1
669 4795 1
2434 4564 1
1684 3312 1
4987 6281 1
2002 5873 1
2991 9585 1
3639 9806 1
1758 2480 1
177 6026 1
4051 8030 1
22 1951 1
378 8002 1
5555 6738 1
51 437 1
5396 8179 1
6265 8591 1
6382 9176 1
1712 7962 1
2297 4451 1
1292 8342 1
6524 7539 1
2219 4760 1
1620 5929 1
1064 7926 1
2005 5740 1
2630 3348 1
1014 6119 1
1678 9317 1
5716 8534 1
5174 6265 1
8811 9110 1
7025 9218 1
3742 5181 1
1237 9574 1
6555 6825 1
4282 4371 1
1902 5992 1
3299 4611 1
1859 2912 1
2053 6161 1
3094 5145 1
7046 7062 1
5432 5742 1
458 9055 1
5433 9350 1
5562 9006 1
1216 9636 1
1398 7398 1
5555 5583 1
2463 5278 1
1616 2373 1
85 1310 1
6332 8658 1
2053 7100 1
4745 9915 1
750 1700 1
3487 8230 1
3697 9760 1
66 4451 1
4985 5403 1
1712 3774 1
86 5103 1
1142 7593 1
6243 6307 1
4758 9561 1
510 2398 1
792 5494 1
697 2224 1
3558 4848 1
2768 9647 1
1543 4904 1
1622 5951 1
3019 4570 1
1606 2974 1
4159 7697 1
4202 6081 1
2574 9781 1
2638 4878 1
315 3061 1
9286 9352 1
4088 8985 1
3864 9469 1
2015 5653 1
4564 8914 1
173 8081 1
144 7151 1
674 3933 1
2236 4309 1
3113 4582 1
584 1007 1
1640 2743 1
6170 8838 1
4766 9048 1
588 1126 1
1406 8928 1
3254 7446 1
4011 6671 1
2211 6881 1
26 7280 1
7185 7540 1
6705 6903 1
795 2358 1
206 1963 1
5128 8848 1
345 3061 1
1028 6501 1
4352 6183 1
1938 2558 1
1970 5479 1
3291 6732 1
1985 8231 1
3203 4633 1
5082 5470 1
932 6978 1
606 8471 1
358 5925 1
2154 4253 1
3859 7189 1
7300 8402 1
3730 9253 1
669 7507 1
278 5407 1
1298 4268 1
2843 9201 1
6821 8367 1
1170 9186 1
6216 8967 1
5727 6524 1
4175 4392 1
1042 1080 1
2387 3673 1
3212 7728 1
1120 1902 1
5693 8633 1
6178 9614 1
4987 6899 1
4896 5091 1
2349 4320 1
7257 9055 1
8446 8691 1
1388 8483 1
1968 4628 1
3557 9833 1
952 4920 1
9209 9616 1
1086 4920 1
4928 7231 1
9041 9251 1
7976 8927 1
7200 9460 1
5319 6298 1
4937 9414 1
1107 2764 1
7939 9799 1
2772 8745 1
3646 5337 1
788 7148 1
1798 4567 1
4362 5507 1
2734 6009 1
762 9899 1
3255 7401 1
3945 8602 1
4096 8017 1
404 3775 1
6749 7494 1
1761 4685 1
3466 7621 1
4550 8187 1
2389 5008 1
1828 4217 1
1069 3411 1
931 5921 1
2094 4336 1
3339 9731 1
4383 5980 1
3884 5101 1
2461 2817 1
7029 9204 1
1543 7616 1
6274 9271 1
8877 9385 1
607 7113 1
588 6871 1
2497 9048 1
2004 9115 1
392 6178 1
1027 5228 1
120 2272 1
5362 6129 1
164 9926 1
6623 7331 1
2652 3674 1
1499 7667 1
1523 5809 1
3923 7284 1
6311 7244 1
5132 6606 1
2878 4394 1
1467 3433 1
2499 7781 1
4505 9891 1
1334 6287 1
183 6943 1
3779 5061 1
3507 5127 1
2941 6436 1
6156 9558 1
1214 2960 1
2263 5969 1
1523 3715 1
6507 9226 1
4759 5462 1
1844 5985 1
288 9561 1
3256 8110 1
4271 5873 1
6041 6952 1
2457 7905 1
6314 8804 1
2771 9758 1
6295 6310 1
4452 8136 1
7029 8749 1
3515 7997 1
2629 5918 1
423 5440 1
7833 9483 1
5111 7957 1
696 6538 1
2807 7910 1
1671 3182 1
4090 9625 1
4294 8866 1
1092 5949 1
1725 9834 1
1214 7632 1
2647 5908 1
2609 8834 1
5207 8604 1
8932 9576 1
668 1457 1
436 1888 1
4570 7229 1
4991 7259 1
820 8644 1
1966 3480 1
1112 9984 1
1594 1622 1
6900 7184 1
704 2053 1
6335 7937 1
3494 8409 1
4051 9266 1
4732 6217 1
3049 7012 1
1774 3660 1
2639 8834 1
15 7843 1
4177 7126 1
1861 6288 1
2480 8023 1
8520 9608 1
1720 7746 1
6515 6942 1
7611 9797 1
99 1313 1
2166 6520 1
2572 5518 1
1698 2510 1
464 1411 1
9294 9941 1
223 6452 1
171 6262 1
2784 8784 1
5279 7675 1
5098 8795 1
776 6601 1
2166 7459 1
1509 2988 1
2601 7387 1
5698 8790 1
173 8028 1
5169 8446 1
6315 7446 1
100 4517 1
848 9106 1
6667 9591 1
2004 6350 1
7900 8745 1
992 5852 1
2404 7223 1
4413 6598 1
4134 7183 1
2474 3266 1
576 2941 1
1066 9184 1
1973 5724 1
907 8373 1
631 2059 1
3807 7727 1
1004 2829 1
6043 6327 1
284 8367 1
2481 7039 1
2397 6402 1
796 3065 1
3022 7393 1
4720 9350 1
4412 5033 1
52 5765 1
2029 2973 1
2440 5725 1
165 5642 1
6987 7071 1
242 5108 1
796 6448 1
7231 7431 1
6499 9202 1
5525 7276 1
2978 5751 1
3594 7969 1
638 8491 1
4938 5264 1
2290 3687 1
144 9676 1
361 1043 1
4297 4679 1
7270 7544 1
6265 8217 1
386 2793 1
4446 8185 1
7985 9741 1
1708 3682 1
426 5575 1
3084 9560 1
5950 6112 1
1643 4226 1
7279 9700 1
376 7151 1
1845 2640 1
9109 9332 1
9549 9604 1
936 2829 1
7441 9469 1
3191 5643 1
3346 7466 1
6735 7735 1
116 8917 1
1186 7141 1
286 2912 1
993 6746 1
3415 8734 1
788 1618 1
750 1326 1
1448 9770 1
1857 8477 1
4775 5219 1
2015 7373 1
5067 6559 1
2460 7989 1
2692 9278 1
3069 9036 1
5228 7416 1
326 6633 1
216 4021 1
6358 9855 1
1616 6321 1
1080 9724 1
2553 2703 1
717 3256 1
1131 5525 1
1379 3375 1
6888 7576 1
1860 7620 1
339 7245 1
3995 6168 1
5137 5958 1
3026 6306 1
9333 9733 1
2705 9109 1
778 4848 1
7095 9717 1
4798 7431 1
3557 9325 1
4247 7328 1
5377 5795 1
2650 3925 1
663 1865 1
7435 8095 1
5735 9475 1
6330 7406 1
7976 8419 1
2386 4818 1
7735 7798 1
923 6865 1
527 7831 1
5640 9588 1
4905 7678 1
3633 3843 1
2867 6030 1
1778 1902 1
1511 1558 1
2216 5511 1
7806 8388 1
5851 6775 1
4025 9736 1
5018 8494 1
4216 7052 1
4572 5933 1
5126 7273 1
1609 3032 1
6080 7766 1
473 778 1
4566 6118 1
283 6316 1
6274 6319 1
2502 5501 1
3564 3864 1
3357 6015 1
3001 7134 1
5394 7438 1
506 6553 1
4940 8022 1
1514 3145 1
7023 7346 1
3895 4378 1
6739 7587 1
5675 6899 1
715 3694 1
4818 9722 1
7528 9733 1
922 8868 1
6170 8598 1
7343 7701 1
1068 8693 1
7121 8820 1
9077 9123 1
1014 5424 1
5496 5621 1
7621 9897 1
4372 8854 1
105 5613 1
4957 5343 1
2875 6621 1
5896 6494 1
2520 8150 1
7412 9908 1
3393 4517 1
525 1476 1
955 2750 1
4623 7160 1
7231 9338 1
856 8406 1
1379 8181 1
4030 9275 1
2619 5096 1
3860 4922 1
7342 8388 1
3722 6678 1
4818 8567 1
7346 8507 1
1343 5491 1
6262 6443 1
376 2292 1
7244 8230 1
6432 6854 1
5821 8952 1
1865 7293 1
397 8996 1
917 4336 1
5746 8778 1
436 3474 1
766 7550 1
2041 5240 1
6521 8774 1
6108 6915 1
2591 9090 1
5385 6520 1
2381 2864 1
3167 3773 1
1320 8109 1
2815 7263 1
217 8247 1
826 9294 1
4623 9388 1
5831 9266 1
750 6266 1
3687 5502 1
6135 7957 1
3662 7135 1
4204 9404 1
5004 7767 1
173 8325 1
1711 8115 1
75 1374 1
546 6621 1
4796 8003 1
3126 7505 1
1565 9983 1
4903 9563 1
3032 7089 1
6222 8491 1
3438 9497 1
1361 7709 1
1029 6216 1
2440 4733 1
3061 3131 1
3711 7377 1
4542 7305 1
4184 6843 1
8110 9791 1
1376 8017 1
4213 6083 1
9037 9427 1
3617 6961 1
1735 4163 1
1095 5523 1
8957 9663 1
3028 4122 1
1629 5430 1
6262 9960 1
8017 8287 1
2965 3773 1
3028 7505 1
1871 8346 1
8664 9037 1
2475 5077 1
7700 9519 1
1200 1725 1
2997 6879 1
4146 5396 1
2184 7530 1
4744 7008 1
1953 7597 1
148 6709 1
1022 3301 1
4869 5956 1
5423 7296 1
796 1268 1
5496 9272 1
3020 8933 1
4541 9308 1
551 1437 1
2443 9861 1
3233 3564 1
3083 7003 1
2596 4441 1
1054 7161 1
3953 6105 1
8332 9587 1
78 8572 1
2399 9754 1
5405 8595 1
3022 6535 1
1577 9188 1
1881 5627 1
1115 4404 1
1300 7567 1
4975 5978 1
1241 7926 1
456 5899 1
3436 6525 1
879 6756 1
952 3070 1
5542 9216 1
272 7283 1
709 7284 1
0 2623 1
5296 7497 1
8179 9880 1
2740 7172 1
7019 8730 1
2953 8219 1
3366 7634 1
3003 3610 1
119 1002 1
2168 3748 1
315 9050 1
8952 9803 1
2956 9456 1
1328 6740 1
7498 8206 1
7883 8017 1
449 3388 1
1902 4760 1
479 4728 1
7982 9716 1
7619 9664 1
2481 5376 1
5334 8139 1
5007 9996 1
9556 9917 1
3747 9396 1
5004 7446 1
2432 2481 1
164 371 1
207 1007 1
3087 3873 1
1101 7865 1
8107 9603 1
5488 6512 1
1102 1859 1
4351 8729 1
7476 8982 1
5029 5409 1
3895 5480 1
32 7018 1
557 3456 1
5436 9705 1
3786 6476 1
25 6601 1
3963 7866 1
345 3573 1
4078 8570 1
852 5067 1
4685 4818 1
5277 6450 1
5409 6569 1
4048 7415 1
489 1228 1
5800 7888 1
2846 6793 1
3422 7892 1
473 7141 1
7582 8038 1
5617 5737 1
3287 9919 1
1317 5022 1
869 8804 1
396 6140 1
8690 9937 1
1739 5654 1
1885 5479 1
3287 4442 1
23 4811 1
4985 6399 1
7084 8700 1
1614 3673 1
62 1541 1
6013 6841 1
5022 6466 1
1591 6695 1
4215 5434 1
5345 6153 1
6427 9110 1
6119 8957 1
3106 8945 1
2210 6178 1
1599 1860 1
2560 9940 1
5881 7853 1
3978 6430 1
530 828 1
790 3411 1
3061 5038 1
9310 9995 1
2782 4125 1
5189 6579 1
4093 9386 1
5696 8073 1
106 6916 1
3184 7323 1
4383 7647 1
296 6259 1
6975 7602 1
4113 7005 1
371 7372 1
7148 7530 1
2867 8555 1
6026 6672 1
3813 5023 1
3572 3648 1
17 1367 1
2073 3032 1
788 1244 1
7422 9984 1
2665 4664 1
3432 5331 1
811 8021 1
2236 2272 1
4393 6995 1
138 9241 1
439 1999 1
2884 9663 1
2280 6516 1
635 3631 1
2087 6121 1
6427 7366 1
3411 5393 1
4545 5322 1
6048 8501 1
6521 8721 1
1780 5789 1
6305 7376 1
1685 8935 1
2912 4891 1
4634 7242 1
1685 2519 1
8171 8917 1
1418 2929 1
4742 6775 1
4661 5655 1
4903 7632 1
476 7142 1
3079 5004 1
479 4407 1
1835 7189 1
1434 6091 1
3975 5327 1
3662 7082 1
1655 5501 1
5382 9737 1
1409 9417 1
1078 9812 1
4258 6554 1
1448 2175 1
2544 5784 1
7225 9574 1
4629 8187 1
3872 8962 1
196 6162 1
4033 7375 1
4096 4691 1
3346 4193 1
4650 6031 1
6 9448 1
3175 9973 1
21 2374 1
2705 7580 1
4351 9347 1
2634 4896 1
7028 9410 1
2548 3432 1
6749 7551 1
524 8098 1
2298 6667 1
319 9386 1
21 5757 1
2712 9690 1
5809 6929 1
7173 9010 1
3603 5697 1
6135 9543 1
5614 5899 1
361 9797 1
4850 5503 1
2154 4444 1
588 2606 1
3972 9701 1
8862 9723 1
3201 5128 1
5164 6602 1
3550 3592 1
8782 9205 1
1009 7739 1
1310 6913 1
1317 5640 1
4309 7027 1
126 2925 1
6521 9205 1
7314 8841 1
4769 7951 1
545 6292 1
4922 8947 1
2809 4496 1
2843 9742 1
2912 9347 1
7996 8646 1
3526 7520 1
2963 8346 1
1803 4752 1
7326 8851 1
4062 5056 1
6293 9728 1
2075 8823 1
2048 2304 1
1693 6277 1
2531 3212 1
3585 9039 1
3979 4240 1
3978 4015 1
1700 4223 1
5683 6951 1
292 9387 1
4014 8398 1
6112 8754 1
2843 4615 1
873 2724 1
4412 4472 1
3631 3907 1
4322 7962 1
1189 4650 1
3388 8121 1
3792 4764 1
1459 6231 1
2599 2942 1
173 246 1
1327 5523 1
1289 9203 1
164 2412 1
678 2633 1
3773 9625 1
3059 3866 1
2054 6791 1
282 6605 1
2582 6910 1
1481 6929 1
1292 4024 1
2575 5739 1
8271 9766 1
4109 8793 1
5289 6623 1
2562 4753 1
3864 5956 1
2632 9656 1
4927 5453 1
3433 9153 1
52 6493 1
2629 2942 1
6777 7989 1
2577 6724 1
3747 6310 1
8391 9309 1
557 2464 1
4605 6341 1
639 3028 1
2521 6792 1
4310 4703 1
6156 8810 1
184 3387 1
86 6262 1
4370 8918 1
6345 9463 1
4155 7044 1
256 257 1
192 4968 1
839 2335 1
197 7032 1
439 4845 1
1568 4430 1
45 9644 1
5890 7378 1
5633 7722 1
5091 5453 1
144 7371 1
1966 6920 1
1448 9209 1
1866 9722 1
1844 9209 1
4586 8169 1
1613 2860 1
8314 8658 1
3693 4919 1
1255 3152 1
6569 8575 1
3028 3748 1
9041 9926 1
2799 8614 1
1102 5539 1
142 7483 1
5374 6680 1
2504 6222 1
2189 4898 1
1109 7649 1
2740 4220 1
594 7957 1
398 3881 1
962 5909 1
941 9004 1
6132 8200 1
211 7438 1
3346 9133 1
3690 8943 1
4247 5828 1
3535 4868 1
5229 8369 1
3834 3969 1
4243 8338 1
3512 3918 1
2836 4867 1
1017 2583 1
475 1068 1
1416 2854 1
8912 9115 1
5784 6147 1
2756 5103 1
2042 5760 1
6551 8534 1
5897 9996 1
4887 9571 1
3989 5977 1
1690 4554 1
2142 3897 1
2665 3672 1
1099 8250 1
3418 8605 1
739 7715 1
3449 3754 1
732 4292 1
3691 9703 1
8947 9486 1
4825 9632 1
1017 6905 1
709 9004 1
5614 7806 1
315 971 1
4967 7995 1
8315 9017 1
7405 9762 1
1921 5591 1
8903 9187 1
1200 9995 1
3471 8616 1
1200 3579 1
2867 5469 1
126 7865 1
7884 9962 1
78 2721 1
521 4230 1
2086 9041 1
2616 5069 1
2578 8749 1
90 5175 1
3715 8195 1
1580 3985 1
1232 4965 1
4310 6126 1
8780 8972 1
8480 8680 1
2632 8985 1
3492 9843 1
1434 5099 1
2160 3513 1
4202 5280 1
403 4359 1
487 5750 1
4685 6188 1
4905 8406 1
3298 5813 1
5730 6045 1
1220 3800 1
6994 9238 1
1022 3061 1
4219 5634 1
3869 9951 1
254 5175 1
8834 9558 1
1088 2368 1
2359 5012 1
5189 6071 1
2401 6177 1
183 9846 1
971 5166 1
1979 8174 1
4892 7016 1
1325 7384 1
4336 7323 1
5640 9161 1
4757 6599 1
2553 6948 1
3033 8339 1
9574 9718 1
1042 4817 1
5639 9690 1
1621 7153 1
6478 7227 1
1431 9473 1
2630 9797 1
5393 9634 1
1677 4052 1
5816 9737 1
5300 9443 1
1329 9196 1
3438 9741 1
1511 4514 1
3058 3858 1
4933 9649 1
4737 8017 1
7553 9178 1
4131 5763 1
6018 6461 1
3573 6933 1
586 5890 1
2093 4869 1
7662 9121 1
2373 7138 1
2082 2236 1
7522 8552 1
209 9323 1
1510 5228 1
2502 8457 1
2382 5911 1
2908 5203 1
3458 7333 1
624 6532 1
8861 9795 1
7717 9178 1
2991 3925 1
3565 6641 1
131 4155 1
7830 9055 1
7 2399 1
4203 8618 1
6767 9558 1
1139 1501 1
1942 8241 1
5801 9213 1
1883 4628 1
2075 8770 1
7063 9327 1
2720 9474 1
2584 8647 1
3236 6358 1
2587 5912 1
1701 3833 1
2418 9109 1
945 5018 1
3596 6112 1
136 2405 1
1464 5583 1
4888 7381 1
5746 7412 1
5768 8891 1
4744 5158 1
723 5356 1
7672 9004 1
6700 9625 1
1533 4407 1
2923 8463 1
184 1106 1
996 4202 1
810 1568 1
4096 5122 1
5018 7612 1
200 6712 1
1862 9012 1
653 1584 1
6719 9086 1
5444 8952 1
2373 7272 1
2524 9885 1
4778 4927 1
2452 7565 1
1966 4639 1
4543 7504 1
4844 6678 1
1188 6065 1
5021 5816 1
4473 5230 1
4022 9495 1
4624 9563 1
3870 9855 1
2294 6575 1
8364 9123 1
5067 7100 1
633 7883 1
103 4685 1
3202 6723 1
4236 4728 1
688 1174 1
5380 9317 1
4521 8095 1
480 5197 1
3773 9922 1
5047 7387 1
3017 4691 1
3254 6324 1
7999 9375 1
1497 7170 1
554 2113 1
2811 8006 1
8172 9303 1
3162 4291 1
808 3161 1
9495 9693 1
2888 5220 1
5989 9748 1
6027 7788 1
1280 3156 1
9650 9981 1
1131 9449 1
44 3704 1
1575 4767 1
4247 4486 1
3760 6088 1
6019 6392 1
4466 7233 1
6064 7074 1
1064 2750 1
2956 7956 1
6706 9924 1
669 7324 1
1431 7647 1
4220 4733 1
1338 5204 1
704 3346 1
4112 8583 1
5518 6756 1
2071 9670 1
7286 9452 1
674 5389 1
7415 9862 1
1019 8053 1
832 3531 1
3638 6448 1
1592 7191 1
1700 5004 1
389 1241 1
6053 7265 1
3562 9055 1
1590 9747 1
1626 9404 1
1736 5600 1
0 7323 1
213 4398 1
9289 9951 1
15 3659 1
5247 9272 1
4605 9805 1
4230 4266 1
3907 4744 1
4134 7187 1
1486 5610 1
1290 4732 1
6842 7317 1
2836 8547 1
892 5625 1
3352 7151 1
604 4404 1
1159 8598 1
3554 5565 1
299 1324 1
1880 6668 1
4737 7830 1
644 6462 1
4709 9754 1
4604 8240 1
1316 3859 1
89 5651 1
5075 5381 1
7866 8175 1
3881 8784 1
4268 9230 1
3015 5637 1
1014 7843 1
635 7258 1
916 5056 1
1485 7428 1
3838 6613 1
2393 6822 1
779 4004 1
2933 6012 1
4204 8656 1
1759 3466 1
1580 5221 1
2991 3738 1
5308 5710 1
2705 5596 1
7885 8575 1
3434 7691 1
2837 9687 1
249 4189 1
1180 7731 1
3599 9256 1
3571 7962 1
6630 8319 1
155 3773 1
3632 8615 1
55 4323 1
2166 7947 1
5182 8230 1
7210 7847 1
5479 9914 1
914 5518 1
917 2783 1
1003 1803 1
4153 4530 1
1090 2711 1
1539 8953 1
171 4656 1
1700 9810 1
2362 9929 1
1007 1895 1
4835 7718 1
2923 9215 1
2746 5381 1
848 1084 1
2152 7840 1
1663 8615 1
2941 9986 1
3679 8969 1
8672 9870 1
437 9097 1
635 7392 1
5671 8929 1
7739 9665 1
3878 7866 1
1003 3092 1
3425 7332 1
4796 6450 1
1986 2071 1
4742 7153 1
7668 7920 1
6114 7405 1
3500 5412 1
2440 9596 1
626 9908 1
611 8876 1
8090 9306 1
3570 7871 1
15 9754 1
3773 4258 1
1448 8030 1
1560 9025 1
3330 3688 1
922 9677 1
579 6305 1
2676 8533 1
2058 9652 1
1232 7624 1
6170 6374 1
6321 8987 1
1364 5299 1
5491 9469 1
3249 9334 1
620 7999 1
4696 7508 1
422 5540 1
1885 4247 1
4184 6579 1
3938 7866 1
3272 7251 1
1591 5463 1
770 1527 1
1379 2574 1
479 597 1
1846 9365 1
7173 9388 1
2611 8673 1
2451 7260 1
2697 4283 1
1346 3565 1
4496 6292 1
4169 5897 1
7691 8038 1
8460 9532 1
957 2292 1
1536 9324 1
5836 8541 1
1720 5469 1
3907 4207 1
918 8753 1
271 4216 1
400 8009 1
1936 7164 1
42 1885 1
1537 7455 1
2075 8262 1
1936 4720 1
6273 8700 1
4451 9151 1
35 4878 1
6612 6668 1
7224 9676 1
3964 5091 1
4013 8925 1
4727 8268 1
264 5115 1
1523 2272 1
2259 5346 1
184 1187 1
2642 8494 1
1276 9750 1
3065 6907 1
6611 9634 1
45 9888 1
351 9406 1
8634 8907 1
3933 9346 1
4803 9202 1
250 6321 1
101 7918 1
6830 6904 1
1771 3663 1
1380 3283 1
7083 9979 1
3131 6564 1
2759 4706 1
1861 7528 1
5157 5354 1
910 3519 1
3955 4732 1
3311 8602 1
6205 7202 1
1938 3961 1
991 8022 1
2629 9736 1
4358 6842 1
3126 4126 1
1806 4973 1
732 3597 1
3011 9249 1
1690 4798 1
179 3421 1
6068 7089 1
2405 6995 1
8733 9801 1
820 2663 1
2440 7181 1
1024 5876 1
3861 3942 1
1192 1488 1
1374 9638 1
294 4310 1
7661 7717 1
4767 9871 1
5541 8511 1
2988 4542 1
2382 4732 1
1657 9926 1
4659 7305 1
3152 6636 1
3131 5759 1
7114 9241 1
1030 6795 1
8308 9221 1
4041 5980 1
5751 9260 1
5443 9107 1
9077 9961 1
3884 8248 1
1265 7601 1
1182 3402 1
2128 9696 1
4131 5873 1
3967 9414 1
32 8632 1
1374 7544 1
4507 8604 1
3442 8280 1
6284 6690 1
1893 9829 1
1767 9690 1
6089 6222 1
4917 7721 1
1899 7365 1
2899 4096 1
1374 4511 1
8074 9175 1
2184 9978 1
1668 6678 1
3466 5641 1
3340 7222 1
7278 9241 1
5547 9056 1
5590 9692 1
6506 7449 1
1310 1493 1
237 9387 1
478 6066 1
2926 8521 1
7346 7840 1
1472 9368 1
5911 7239 1
7691 9006 1
7443 8904 1
4207 4713 1
2560 8171 1
891 2448 1
813 7453 1
3158 6777 1
314 1878 1
6007 7886 1
1297 7273 1
4555 8779 1
5128 6197 1
6389 7399 1
1298 3711 1
1754 4516 1
2605 9984 1
1199 9367 1
4745 9842 1
8346 9058 1
280 4896 1
1902 7797 1
6759 7871 1
80 1832 1
4358 8615 1
6662 7938 1
4425 7393 1
1698 5523 1
3126 5899 1
655 4958 1
5040 5976 1
3061 3969 1
7586 9720 1
1903 7618 1
1191 7412 1
2359 4451 1
2003 3126 1
533 7412 1
4922 5166 1
4268 6628 1
1517 7582 1
1787 7443 1
1551 7166 1
5592 5900 1
951 4138 1
2417 8778 1
2062 7089 1
4863 8908 1
957 9810 1
2165 5524 1
3061 8291 1
174 8418 1
1994 5642 1
8 8880 1
3067 7547 1
2289 6499 1
1979 5519 1
1112 7654 1
7491 7739 1
306 3060 1
1023 8336 1
8239 9130 1
8650 8664 1
8729 8957 1
4656 9719 1
3087 5166 1
4988 5762 1
5958 8478 1
2290 2378 1
3384 7604 1
6878 7697 1
362 3342 1
1112 1588 1
5481 6045 1
548 9359 1
1028 4334 1
3263 4052 1
2917 9831 1
1320 7926 1
5593 9669 1
2183 4359 1
4189 6469 1
5464 7569 1
6632 8580 1
803 5155 1
8418 8664 1
9904 9984 1
3588 4751 1
1200 2347 1
184 9055 1
5869 8786 1
5688 5742 1
941 6028 1
454 4220 1
1130 6489 1
2415 9031 1
1472 3220 1
2117 2958 1
2614 3764 1
3481 9765 1
4945 9606 1
5967 8540 1
6471 8073 1
146 7258 1
2544 5654 1
2093 9919 1
7428 9803 1
7266 7755 1
427 3713 1
5014 6178 1
3720 9000 1
4133 4443 1
315 1028 1
169 5175 1
1545 9333 1
4879 5953 1
4965 7225 1
7948 9280 1
7416 7699 1
4123 7138 1
1709 9929 1
2003 7932 1
5196 9043 1
7236 9983 1
1951 3046 1
101 7865 1
985 5145 1
1703 5196 1
4173 9884 1
7134 9706 1
1074 5402 1
910 8943 1
4353 4567 1
3761 6907 1
3828 5685 1
698 5088 1
586 5813 1
803 1906 1
5964 7087 1
1588 9006 1
3831 6333 1
5080 6774 1
4928 9386 1
2495 8929 1
5781 6821 1
395 7157 1
2451 4658 1
1009 4576 1
4283 6615 1
7 8738 1
2650 3555 1
2326 9093 1
5530 6421 1
4475 6785 1
4807 5080 1
5151 9808 1
5939 8346 1
2735 5356 1
6933 9958 1
723 957 1
1556 1712 1
4422 4680 1
617 9606 1
1376 3996 1
1575 7589 1
4949 6826 1
5763 7339 1
1286 7486 1
4954 9644 1
5131 6308 1
2015 9581 1
1172 8138 1
3519 4125 1
4336 4347 1
3159 7754 1
2629 4556 1
5440 7817 1
820 6932 1
2141 4967 1
4075 4757 1
816 5470 1
4957 6128 1
2872 7697 1
688 6224 1
5053 9808 1
6075 7052 1
2558 2811 1
1532 2415 1
5162 5779 1
4061 4300 1
585 2312 1
1815 8365 1
4408 7791 1
798 3359 1
223 9278 1
5393 7597 1
1389 7210 1
3744 7976 1
530 3544 1
2037 8185 1
5349 6544 1
2448 7719 1
2933 8700 1
2720 5209 1
2387 7251 1
5026 7022 1
2545 7837 1
375 9268 1
198 6188 1
4465 8675 1
3957 9962 1
4507 9840 1
5429 7412 1
3342 8346 1
646 1625 1
6532 9748 1
6043 8803 1
6356 7048 1
6838 9266 1
7036 7561 1
2714 4613 1
5473 9404 1
2937 8068 1
6727 9435 1
5077 6206 1
1292 5183 1
1906 3356 1
1237 3032 1
4461 5708 1
2912 9701 1
2057 2771 1
4780 7905 1
2313 5208 1
2373 9423 1
2951 7185 1
122 6728 1
2615 4984 1
4686 7489 1
546 1579 1
6824 7274 1
6003 9754 1
4327 8310 1
2954 7833 1
2868 6369 1
669 3864 1
335 4742 1
2272 4803 1
1200 4254 1
4353 8218 1
1366 3011 1
2362 4696 1
1400 6005 1
3697 6601 1
1885 5296 1
2058 7668 1
102 4921 1
1010 6759 1
3276 5790 1
6629 8876 1
261 2699 1
3382 4496 1
799 7478 1
2438 8074 1
48 9007 1
2381 2844 1
607 4275 1
4086 5780 1
2771 7725 1
5911 9764 1
1023 3961 1
1668 7109 1
1616 4475 1
7631 9036 1
1077 6641 1
62 1708 1
867 6831 1
528 949 1
7730 9015 1
3800 4605 1
7866 9842 1
3294 6719 1
7299 9960 1
1112 3629 1
2662 9660 1
1332 1683 1
6724 9271 1
6335 7998 1
997 7062 1
3003 9172 1
2196 7386 1
7055 8287 1
3832 8465 1
4245 7880 1
3075 6042 1
2584 2772 1
700 1591 1
1837 8207 1
4801 9266 1
7700 8210 1
5890 7732 1
1609 2341 1
9181 9186 1
4747 9969 1
1803 5590 1
485 7826 1
1255 9922 1
6310 7537 1
823 3095 1
6124 6623 1
2894 8074 1
4473 7865 1
1617 8059 1
4351 4492 1
6821 9180 1
381 1437 1
5673 7101 1
1246 6611 1
2125 3547 1
4353 8702 1
3938 8460 1
3625 9461 1
2305 4646 1
7044 7882 1
5306 6526 1
2272 9609 1
1938 4071 1
4410 5422 1
7691 8632 1
439 1011 1
2072 6545 1
647 8130 1
4759 7296 1
2667 3722 1
1846 2038 1
2436 3035 1
5743 8220 1
6145 7446 1
1711 1813 1
5904 9077 1
2867 5473 1
2015 9394 1
4752 9508 1
1448 6314 1
219 7279 1
2982 5396 1
1810 4451 1
5299 6644 1
832 9199 1
1018 2007 1
7545 7652 1
5243 7466 1
1898 5961 1
14 5534 1
7724 9869 1
215 7510 1
2171 7813 1
3024 7500 1
2113 7054 1
2784 8979 1
747 1140 1
5024 9041 1
319 693 1
4351 8009 1
7866 9171 1
2040 5263 1
5042 9812 1
3590 4878 1
1482 7187 1
8015 8705 1
6671 8966 1
4938 8708 1
196 5174 1
2851 5478 1
1302 9471 1
2269 3810 1
4178 8431 1
2779 8985 1
2168 4667 1
4829 6671 1
2078 3461 1
2038 8758 1
741 5647 1
1649 7485 1
5809 8385 1
8202 8689 1
52 8054 1
4470 6738 1
5012 9007 1
2887 9457 1
5820 7231 1
7826 9341 1
7520 9823 1
4560 8883 1
6093 8329 1
4057 5818 1
586 8338 1
8812 9557 1
51 4796 1
3898 7451 1
1622 7732 1
8660 9917 1
4851 8308 1
5410 9992 1
7084 7391 1
6774 8663 1
3512 9667 1
3429 7912 1
4680 8426 1
4320 5639 1
2212 7948 1
1276 4062 1
999 9446 1
426 1448 1
4202 8801 1
2381 5690 1
2623 9919 1
1498 9544 1
5760 6025 1
280 2562 1
4567 8899 1
2268 8230 1
2282 4930 1
7980 8064 1
898 7270 1
1464 7681 1
523 3451 1
3730 6712 1
5400 8873 1
1902 4874 1
8932 9450 1
4560 4695 1
4369 5881 1
14 541 1
3513 5142 1
392 3153 1
206 4683 1
1584 3252 1
2057 9134 1
4051 5757 1
6787 7181 1
1317 2908 1
7664 8208 1
6265 8762 1
2867 8185 1
5107 8247 1
50 9805 1
9324 9681 1
1845 5279 1
587 5314 1
3732 7697 1
1292 8513 1
192 8168 1
3148 7646 1
4626 7385 1
4268 7677 1
522 5828 1
4612 5235 1
4896 8966 1
971 5654 1
3860 3910 1
770 7650 1
5587 6605 1
2127 9314 1
6282 9116 1
6521 7412 1
4310 8842 1
3028 9981 1
3281 8175 1
3632 6712 1
4423 7965 1
213 6012 1
7310 9558 1
6704 9748 1
44 541 1
3963 7980 1
3032 4438 1
5432 5913 1
7569 9260 1
236 4683 1
6724 6990 1
2629 4987 1
361 9293 1
5619 9711 1
5918 8812 1
1899 3421 1
1157 8446 1
2965 6599 1
1478 2610 1
8821 9595 1
5813 7483 1
4476 9669 1
1885 4654 1
250 7183 1
4734 5763 1
6057 7843 1
100 7424 1
4921 5589 1
5538 8941 1
4024 7293 1
3 7491 1
1028 8416 1
307 8656 1
3028 8237 1
1285 8981 1
633 2410 1
3745 8817 1
1577 4659 1
2580 7323 1
5959 7658 1
4106 6544 1
2860 9592 1
7948 8101 1
319 4694 1
2903 4566 1
2091 2436 1
2075 8319 1
6578 7141 1
2142 7097 1
1464 8165 1
284 1475 1
339 1374 1
2880 4582 1
789 6306 1
765 9884 1
2282 8797 1
1778 7574 1
364 3124 1
1785 2329 1
5095 6277 1
62 8421 1
1246 1297 1
2744 6384 1
1588 4444 1
1266 4393 1
3182 9993 1
4268 4778 1
5672 6288 1
5279 5805 1
2756 9592 1
8921 9960 1
1292 2581 1
610 9165 1
116 9596 1
1935 3212 1
23 7153 1
3022 7267 1
2540 9213 1
881 7184 1
5375 6452 1
5146 7346 1
3 6686 1
3867 8756 1
696 5152 1
165 6455 1
1123 3684 1
3265 6621 1
1551 6605 1
4004 9404 1
6320 7798 1
687 1841 1
189 7980 1
5541 9723 1
1374 8406 1
4710 8105 1
3461 5220 1
2537 6821 1
2616 7114 1
3657 6852 1
1200 9007 1
508 3007 1
584 6789 1
35 1097 1
1647 7252 1
1354 6441 1
3614 9599 1
8452 8677 1
608 1898 1
122 6354 1
1488 3408 1
7052 7316 1
7494 8415 1
4015 4466 1
1086 5091 1
981 1133 1
4000 5097 1
426 6738 1
1837 5255 1
1169 4567 1
9150 9365 1
931 2709 1
4776 7947 1
8291 9109 1
2594 5611 1
1004 9603 1
3404 6914 1
7967 8985 1
5481 9456 1
4586 5571 1
7731 7954 1
6209 9606 1
789 4696 1
6102 8985 1
2781 4656 1
6222 9841 1
1186 1888 1
7094 9770 1
1793 2300 1
4444 5114 1
2520 9984 1
896 1560 1
2407 7074 1
5022 6259 1
492 918 1
796 7745 1
2561 4508 1
2881 3732 1
7423 8898 1
582 811 1
1472 9425 1
4134 4292 1
3535 5653 1
7160 9427 1
2781 9917 1
4104 6335 1
1337 6756 1
189 2987 1
4110 4837 1
216 3090 1
3612 9256 1
5319 6603 1
1212 3085 1
4902 7254 1
2629 4800 1
6302 9554 1
89 9172 1
789 3891 1
3388 8235 1
2264 9748 1
2868 6479 1
7245 9134 1
2269 5396 1
3597 8574 1
3330 8230 1
4278 4771 1
2406 5667 1
2127 4000 1
4360 5335 1
2142 9004 1
867 5652 1
8329 9885 1
8969 9279 1
4298 6177 1
2343 4564 1
2795 8071 1
1616 6679 1
6098 9350 1
4301 9077 1
2269 9718 1
2434 8065 1
6293 9037 1
1565 9373 1
510 9737 1
1434 5884 1
1885 2373 1
6802 8914 1
431 776 1
7664 8155 1
3486 6649 1
7476 8104 1
1576 8219 1
6431 9910 1
3098 8230 1
2179 7731 1
4818 7502 1
3028 5956 1
7350 8904 1
5619 8719 1
5626 7446 1
887 7593 1
4724 8806 1
6489 8575 1
4937 5881 1
2143 9205 1
1964 6988 1
2110 6813 1
587 5611 1
7173 8453 1
2206 6521 1
1883 9251 1
1637 5812 1
2463 5396 1
5766 8365 1
2872 4103 1
7481 9737 1
4095 8985 1
1237 3626 1
839 9215 1
953 3867 1
3886 8811 1
223 2301 1
3096 3996 1
5862 9766 1
5700 7718 1
750 5201 1
1570 2496 1
3612 4263 1
2294 9909 1
4653 4967 1
592 7244 1
544 6264 1
6421 8417 1
375 6263 1
3701 5274 1
4309 6820 1
3325 8370 1
2208 7856 1
7041 7344 1
3564 4222 1
1764 4432 1
5523 8206 1
3902 9879 1
4435 6178 1
3148 3755 1
6678 9921 1
548 4878 1
1499 4134 1
1334 5787 1
105 9004 1
9095 9121 1
4771 9510 1
103 5925 1
7539 9691 1
3031 4109 1
4319 7134 1
3555 6738 1
174 5576 1
8334 9373 1
72 5299 1
5142 6420 1
4290 9587 1
2712 8678 1
4004 5029 1
260 2317 1
3938 7415 1
3024 7260 1
8141 9917 1
4020 8945 1
4612 6605 1
3564 6450 1
8202 9604 1
2817 4715 1
3254 5470 1
4155 6137 1
3311 7667 1
5956 7283 1
3564 9833 1
2893 4710 1
5102 9623 1
3061 6738 1
2493 7974 1
1667 3694 1
300 9421 1
2196 2503 1
4267 9172 1
4031 6451 1
426 8779 1
1727 4684 1
8074 9984 1
4951 7360 1
312 9431 1
3550 7841 1
1103 1824 1
165 7691 1
4141 5276 1
2196 6825 1
4985 7883 1
6746 7156 1
7401 9302 1
3872 9962 1
4523 6482 1
5137 7873 1
2319 3633 1
5393 9748 1
4526 7719 1
6088 8095 1
3328 3833 1
2736 3921 1
4379 5979 1
903 8155 1
2367 7996 1
386 1220 1
1170 3022 1
4984 8947 1
4397 5215 1
3232 4475 1
2069 7026 1
7528 9420 1
7087 7957 1
1127 8021 1
4052 5934 1
716 6235 1
444 5547 1
6044 9866 1
2461 7257 1
7729 8363 1
943 6399 1
2373 5158 1
2942 7530 1
2147 7067 1
4733 9486 1
5228 5493 1
6 8704 1
918 6342 1
5577 8121 1
1907 2884 1
3421 6252 1
1712 8832 1
1337 6703 1
1447 2899 1
7847 9523 1
3367 3737 1
1092 6872 1
2520 4804 1
3287 5471 1
2368 7416 1
3250 9753 1
2481 4095 1
8563 9878 1
1531 4475 1
3401 9922 1
5161 8593 1
1892 4454 1
5531 7372 1
2871 6724 1
1057 7036 1
1374 6743 1
6529 9857 1
7212 9133 1
1479 9388 1
2630 4568 1
1771 7318 1
3911 9620 1
6425 8753 1
592 3674 1
1509 5066 1
3135 7709 1
1877 3018 1
3769 8224 1
7260 8800 1
3908 9322 1
1343 3084 1
517 1056 1
487 3099 1
791 9926 1
739 9736 1
3535 4795 1
3760 7357 1
7187 8672 1
4751 5288 1
3555 8645 1
1272 7755 1
3629 4430 1
7696 8549 1
6719 7106 1
1168 9095 1
6421 9169 1
1560 8387 1
2351 7196 1
2948 9172 1
2504 7438 1
8247 9591 1
2705 9414 1
2005 5805 1
126 7442 1
346 5496 1
4520 5540 1
2094 2844 1
633 2520 1
6632 8800 1
490 4686 1
330 2519 1
918 5887 1
5457 6618 1
6876 9160 1
1188 7468 1
1021 4322 1
5343 7270 1
1509 7294 1
2990 6550 1
5813 8882 1
1357 3490 1
3590 6545 1
6871 9755 1
7939 9596 1
9207 9525 1
693 7647 1
6759 7420 1
3330 5278 1
2447 2716 1
3068 5278 1
2347 5518 1
5655 9585 1
2615 6464 1
521 8479 1
6159 8364 1
2802 8542 1
2995 3487 1
651 7771 1
6327 7948 1
3188 7265 1
1019 9106 1
701 4101 1
2165 8106 1
5131 5828 1
280 9706 1
261 7212 1
7415 7882 1
1312 2942 1
4825 5721 1
3806 4052 1
867 3989 1
1715 3332 1
1558 5600 1
3731 3878 1
6984 9766 1
1232 1643 1
571 2126 1
4678 4920 1
1037 5339 1
2514 9549 1
1155 5560 1
1361 7880 1
3284 9201 1
51 8691 1
7131 9412 1
1838 8219 1
7357 8412 1
2651 8507 1
4922 7882 1
1049 4760 1
3265 3482 1
2007 5961 1
148 8974 1
4988 7189 1
3193 7743 1
549 1212 1
6667 8904 1
7191 9813 1
2448 5145 1
135 1572 1
1580 5335 1
2335 6931 1
3741 4350 1
1965 9872 1
1853 2461 1
843 9014 1
1586 2871 1
799 8153 1
44 3147 1
4331 5320 1
2027 7717 1
9322 9558 1
2278 5084 1
4573 4853 1
120 9558 1
6202 6451 1
3690 6455 1
6293 6569 1
7026 9372 1
3714 4597 1
4137 5454 1
7117 9490 1
2619 4596 1
6471 8561 1
7247 8782 1
179 3722 1
647 5288 1
4301 7548 1
6658 8387 1
261 7696 1
1842 8876 1
2081 4920 1
2705 6999 1
6299 8454 1
2016 9406 1
3174 9729 1
8420 8824 1
2329 5207 1
5888 6641 1
3085 7405 1
2481 4258 1
2839 8692 1
709 4072 1
2968 4376 1
1419 8369 1
2852 6645 1
7544 8372 1
1883 6783 1
1501 4237 1
2464 5782 1
8231 8521 1
7877 8023 1
4320 9079 1
1698 8723 1
5440 9110 1
163 8450 1
7310 7387 1
1567 9960 1
646 7106 1
23 1465 1
2335 7065 1
4454 6046 1
4516 7678 1
3251 8986 1
990 7855 1
140 5433 1
5387 9634 1
6101 8977 1
2323 6681 1
3747 9567 1
2425 3925 1
2941 8945 1
4885 9423 1
4802 7668 1
1029 5716 1
4336 4485 1
1292 2154 1
3026 6774 1
476 7984 1
1610 7913 1
2656 4797 1
2320 2596 1
6346 6714 1
936 8908 1
1936 5639 1
4226 7508 1
361 8411 1
8143 8650 1
105 120 1
5335 9070 1
2076 9591 1
4485 7210 1
7740 9199 1
4806 9480 1
1845 3242 1
3550 6178 1
7168 8219 1
4837 6349 1
136 2816 1
265 9642 1
7663 8198 1
1499 5988 1
2982 6071 1
4238 6929 1
2917 3232 1
1523 4130 1
31 8657 1
2600 9941 1
893 6178 1
2440 5522 1
4757 5050 1
3950 4018 1
8480 9359 1
1575 5983 1
1172 6532 1
6929 7829 1
1774 4880 1
2393 6615 1
1591 9899 1
1383 4500 1
6907 9733 1
1276 8575 1
2415 2432 1
183 2231 1
6124 6843 1
2552 8365 1
1556 4428 1
6308 8650 1
4226 5764 1
609 4325 1
8453 9606 1
907 1538 1
607 7662 1
1517 7883 1
3490 3629 1
231 8314 1
2583 5399 1
7765 8451 1
3254 7324 1
219 383 1
1963 5691 1
6564 7300 1
1170 7775 1
3448 4157 1
7959 9256 1
1177 4782 1
2586 6636 1
4282 7766 1
3108 4466 1
5876 6899 1
848 6943 1
134 1938 1
2262 2725 1
1315 9038 1
3361 5851 1
236 7318 1
2593 7965 1
5158 7787 1
4167 7412 1
5667 7664 1
4612 9748 1
3129 9665 1
2440 5656 1
5585 8039 1
1762 2560 1
822 3628 1
7530 8153 1
3227 9419 1
3853 6663 1
216 1374 1
1437 2211 1
1616 3674 1
353 5809 1
3572 8141 1
2942 3773 1
1061 2863 1
784 8247 1
2879 9086 1
1599 7642 1
7731 8816 1
4147 5605 1
5626 5946 1
1939 2048 1
5151 9625 1
2964 4471 1
7907 9981 1
4734 6304 1
735 6261 1
3832 7664 1
2163 4193 1
6499 7039 1
962 7206 1
6901 7019 1
325 1667 1
2009 3726 1
2418 8849 1
2351 7627 1
606 7544 1
3572 9430 1
3020 6473 1
9095 9365 1
3095 8310 1
3212 8895 1
1693 2931 1
4988 8291 1
619 7217 1
3540 4230 1
264 2330 1
3469 5518 1
9377 9428 1
2259 2561 1
3162 8219 1
1269 1822 1
5610 8984 1
3251 7510 1
4044 6392 1
4973 9861 1
4429 4513 1
313 3885 1
533 6103 1
5201 7244 1
739 5979 1
5154 9118 1
3067 5888 1
7652 7718 1
4813 8825 1
1200 4876 1
780 3536 1
1766 9983 1
1280 8023 1
5220 6705 1
2541 9979 1
5335 6655 1
2907 9548 1
1505 4169 1
3253 7741 1
319 6524 1
8137 9638 1
2459 8634 1
8018 8226 1
1986 5970 1
3692 8542 1
3802 8148 1
2933 9456 1
436 4076 1
4078 7265 1
6356 6865 1
2082 9815 1
528 7048 1
6718 7446 1
3003 7916 1
832 1043 1
778 8162 1
7440 8370 1
4787 6449 1
9463 9895 1
5757 9919 1
1934 3686 1
198 3911 1
7596 8883 1
1013 9722 1
2725 6659 1
280 3721 1
6178 6943 1
3647 6705 1
1305 4646 1
73 8346 1
3100 7475 1
4944 6783 1
1388 3368 1
6570 7174 1
2516 7424 1
2087 9004 1
2752 9394 1
1379 8917 1
2807 6849 1
3754 8615 1
1875 6088 1
1968 6279 1
3960 6239 1
4003 6875 1
2371 6669 1
8000 9474 1
2406 9107 1
3957 9324 1
4435 9134 1
139 5909 1
1343 4133 1
1298 9086 1
5575 6599 1
319 4564 1
7786 9141 1
5530 6856 1
707 5612 1
2004 3061 1
4739 7266 1
3283 7286 1
778 5263 1
26 3938 1
110 4575 1
4504 9843 1
6398 8514 1
5992 7826 1
1188 7578 1
1023 5067 1
3975 9499 1
2497 9760 1
2638 9241 1
5339 9890 1
3844 4320 1
2634 7779 1
4903 6327 1
65 4051 1
473 9703 1
1159 6244 1
1608 1906 1
3468 5911 1
2876 8251 1
3497 4397 1
5757 8309 1
4836 9427 1
4939 7862 1
3977 9171 1
4894 6399 1
2482 3601 1
8615 9881 1
437 7198 1
4225 6240 1
2346 5403 1
2373 7980 1
9209 9307 1
6705 9172 1
6199 6560 1
4253 5255 1
4836 7333 1
569 8256 1
2475 9196 1
288 8768 1
2702 5977 1
3085 9125 1
6793 8238 1
8828 8834 1
1390 2743 1
4497 4834 1
333 7198 1
2091 9206 1
5522 8977 1
2514 9309 1
4 5976 1
4274 5728 1
119 3482 1
4069 7016 1
77 5700 1
2867 5640 1
2705 7564 1
8828 9184 1
717 8477 1
906 4212 1
1465 5896 1
1560 7476 1
610 3692 1
2953 4633 1
6224 7155 1
1148 4499 1
5592 8376 1
5905 6621 1
179 4637 1
3193 7503 1
7489 9230 1
3081 4818 1
3779 9290 1
6009 8664 1
4894 8977 1
1205 8416 1
1042 6732 1
3942 8530 1
4903 7750 1
4435 5430 1
9251 9667 1
4015 9008 1
4889 5600 1
4042 7421 1
3660 4121 1
5898 7520 1
3086 9484 1
562 9663 1
1701 3520 1
3571 4803 1
163 9365 1
3 4946 1
5233 9732 1
4760 7822 1
2351 4541 1
1131 6558 1
3526 8443 1
1898 4973 1
931 1774 1
907 5352 1
1168 9823 1
1276 9356 1
1605 8134 1
1109 3766 1
171 1497 1
2239 4485 1
2867 5774 1
1200 3884 1
1172 8252 1
348 7051 1
5640 6299 1
953 6636 1
3401 9845 1
3518 4014 1
395 2144 1
1938 2278 1
2351 2447 1
3517 4543 1
3298 5179 1
3425 7206 1
5029 7084 1
376 5285 1
1835 8946 1
7845 8245 1
245 5768 1
105 7451 1
2901 3264 1
1206 4988 1
1261 4695 1
3580 9214 1
6400 7865 1
1622 8838 1
2413 7647 1
634 2318 1
4197 4460 1
1272 4295 1
876 4295 1
6046 9030 1
4570 6920 1
1086 7323 1
926 3658 1
6829 7224 1
4826 5385 1
1039 3535 1
6126 9733 1
2112 5440 1
8493 9570 1
3388 9394 1
4797 7084 1
4057 7274 1
1039 6918 1
3706 6293 1
822 1965 1
75 984 1
553 4958 1
5236 7885 1
4446 9486 1
392 9736 1
3176 6478 1
822 9320 1
4251 5046 1
1508 6615 1
6224 8928 1
5878 8291 1
3176 9861 1
924 8284 1
1693 3362 1
506 2109 1
5077 7259 1
395 2278 1
1544 7211 1
4923 6792 1
6951 7163 1
6471 9744 1
392 7642 1
1488 7279 1
3174 3557 1
2575 4918 1
4516 6633 1
1147 4542 1
1099 3562 1
6928 9431 1
398 6898 1
3567 7423 1
2166 3178 1
2300 3932 1
5096 6161 1
1216 7530 1
3695 5888 1
4837 9842 1
3056 3686 1
2959 3753 1
5637 7424 1
1642 6591 1
6665 7866 1
2347 9763 1
5222 5869 1
5270 6849 1
2094 2901 1
4709 8502 1
9693 9849 1
4385 7624 1
1131 6237 1
2139 7747 1
7039 8457 1
9019 9346 1
7852 8745 1
1312 3804 1
7323 9155 1
5523 9365 1
406 1258 1
2429 2783 1
2434 3881 1
1768 3266 1
5615 5921 1
3657 4791 1
5176 8503 1
1261 9851 1
3212 9810 1
848 1576 1
4473 4596 1
3212 3394 1
1985 5186 1
5366 6156 1
474 9471 1
5008 9858 1
9258 9520 1
3879 4611 1
2347 5575 1
991 4513 1
4475 6362 1
3617 5550 1
2314 6566 1
4757 8677 1
2288 2901 1
2971 6341 1
3535 8369 1
1169 6478 1
2278 8040 1
119 2490 1
4659 9273 1
5476 7051 1
4270 5556 1
1689 5201 1
8332 9331 1
1164 2347 1
6807 9746 1
696 781 1
1269 4615 1
7045 8406 1
1778 4492 1
2956 3939 1
4807 8390 1
2703 3493 1
5872 6270 1
426 6555 1
894 1705 1
1577 5899 1
3177 6567 1
4433 8179 1
1200 3697 1
1425 6259 1
2822 4124 1
2027 2163 1
2560 4878 1
7386 9049 1
5103 8159 1
6899 7241 1
2699 9386 1
48 4128 1
6398 8945 1
6015 9961 1
8273 8320 1
5324 7569 1
3034 5700 1
3311 4288 1
6820 9577 1
1626 2004 1
8458 9039 1
3578 8015 1
2809 6521 1
3000 3837 1
2871 7399 1
5594 6117 1
1776 2702 1
5559 7062 1
3802 7908 1
2451 3780 1
2740 7855 1
6007 8915 1
2934 6408 1
2815 4242 1
764 7839 1
9101 9266 1
1169 9056 1
2540 7420 1
709 8317 1
9535 9723 1
1629 3564 1
834 7265 1
1080 4288 1
4371 8186 1
479 4822 1
2272 3441 1
3536 9078 1
1091 3888 1
5700 6112 1
3761 9196 1
3575 5808 1
1003 5007 1
2649 6774 1
7384 9891 1
1533 7424 1
1397 4345 1
2004 7009 1
8222 9455 1
2324 3981 1
6016 8977 1
5866 9972 1
317 4652 1
5241 5948 1
3061 5937 1
5642 6292 1
3059 9274 1
1960 3704 1
1187 7918 1
5445 9161 1
2331 6091 1
2630 4438 1
2291 4972 1
4875 9008 1
1102 2892 1
3860 4829 1
3708 6687 1
2294 6209 1
4083 6564 1
143 5438 1
4437 8782 1
232 757 1
3370 8385 1
4459 6851 1
6279 9737 1
5176 9121 1
1468 1902 1
7935 9748 1
996 8508 1
750 5823 1
5937 9973 1
2255 9637 1
4748 7893 1
419 1522 1
1931 6507 1
3648 4542 1
3624 3956 1
398 4617 1
5401 6206 1
984 6404 1
855 4304 1
4024 4829 1
3368 9628 1
1704 6501 1
2041 6086 1
811 999 1
475 1804 1
409 3436 1
1704 3468 1
2707 4634 1
6265 6432 1
5511 6724 1
1457 6974 1
1903 2365 1
2109 4685 1
3568 8346 1
732 1056 1
6571 6889 1
750 8051 1
3200 4917 1
676 932 1
237 4268 1
6603 9810 1
6828 8208 1
7132 8619 1
1098 2318 1
1648 6168 1
6603 6777 1
926 8627 1
3311 4906 1
3675 8566 1
3482 8171 1
822 1107 1
2964 4044 1
4715 8079 1
2172 8016 1
7480 7989 1
1188 3150 1
2652 2991 1
4336 9214 1
2156 9203 1
6065 6320 1
5802 7438 1
2057 8443 1
1453 5296 1
7757 9960 1
1663 6826 1
3411 6426 1
3304 8249 1
2227 2438 1
922 9043 1
2259 7611 1
6349 7018 1
4375 9327 1
696 7010 1
6599 8132 1
2914 9942 1
2305 6451 1
2458 7447 1
9837 9925 1
348 6677 1
2963 5862 1
191 8945 1
2256 5246 1
1774 3782 1
1509 4265 1
215 7087 1
6555 7244 1
3910 9348 1
1938 8320 1
4517 5596 1
1678 6703 1
5379 7089 1
3880 6473 1
5714 9257 1
3830 4666 1
7 7323 1
4802 5765 1
795 6615 1
5022 7983 1
6975 8769 1
1094 4962 1
2126 9310 1
2520 8675 1
2443 4291 1
2172 7211 1
465 7612 1
2407 5765 1
3921 4969 1
1643 2925 1
376 5850 1
1274 7000 1
168 451 1
3607 7253 1
5307 5873 1
3357 6324 1
6559 9241 1
387 4696 1
794 8992 1
5188 8810 1
5322 9564 1
3959 5611 1
9160 9659 1
4263 9220 1
4967 7121 1
3955 8875 1
6849 7475 1
2773 7966 1
7785 9109 1
288 8073 1
565 4409 1
1356 8880 1
4613 8286 1
3715 3938 1
3742 4795 1
6388 9709 1
7620 9981 1
3033 8270 1
2718 9198 1
376 723 1
3681 8491 1
3061 8783 1
5690 7866 1
733 4178 1
75 4932 1
1880 6786 1
3712 7023 1
1365 4620 1
1445 8521 1
1194 4738 1
5585 7291 1
1168 7489 1
2837 4544 1
392 852 1
4927 7291 1
4903 6705 1
3370 7259 1
1364 2705 1
82 626 1
7673 7713 1
2191 7587 1
4605 4796 1
8078 8930 1
5946 9899 1
6734 9191 1
8437 9048 1
1539 6843 1
2544 3918 1
1640 4451 1
1082 6375 1
6106 8841 1
7393 9012 1
5495 8687 1
3050 9913 1
4514 9754 1
803 8680 1
562 5585 1
4760 6777 1
7717 9109 1
1165 5097 1
3909 6382 1
7529 9812 1
3699 7326 1
3115 7275 1
3402 8271 1
2172 2218 1
7844 9823 1
3439 9092 1
3814 8215 1
7096 8617 1
3870 5114 1
6459 9494 1
404 6288 1
669 2799 1
3945 8671 1
4430 9652 1
4232 5695 1
628 2798 1
3829 4524 1
4061 5813 1
6645 9095 1
2242 5781 1
2166 8415 1
2827 8686 1
1846 8999 1
1870 3169 1
8783 8880 1
896 2963 1
3738 5345 1
4237 6978 1
1482 9476 1
1014 7156 1
4199 4242 1
7586 8602 1
2426 8527 1
389 688 1
3804 7096 1
2846 3451 1
239 8291 1
184 1976 1
2190 8250 1
4898 9878 1
245 2629 1
2528 7491 1
2421 5150 1
2190 5217 1
4421 9889 1
1938 9877 1
4242 5228 1
173 4446 1
3421 7708 1
386 1521 1
1601 2378 1
2227 5284 1
611 1639 1
592 1397 1
2675 7137 1
161 8758 1
3191 4021 1
1448 4765 1
2083 3061 1
207 6659 1
103 5555 1
6787 9686 1
696 6823 1
5422 7380 1
8906 9229 1
1050 2625 1
2923 7589 1
1815 6629 1
1228 9313 1
5273 7257 1
4628 8273 1
1768 8503 1
2623 4853 1
3146 4628 1
709 5715 1
1003 7882 1
2386 4351 1
8640 9460 1
505 9857 1
7236 9670 1
8736 9168 1
2007 7738 1
3060 6547 1
1038 1460 1
2274 9021 1
5813 6605 1
237 1182 1
8369 8593 1
3617 4371 1
2844 8585 1
2027 6111 1
5590 8253 1
1280 4376 1
573 4514 1
5369 6564 1
5145 6856 1
279 5730 1
6526 9106 1
1036 4955 1
2933 5809 1
2881 3175 1
2991 3535 1
2323 9263 1
1228 8508 1
1593 7697 1
2907 3807 1
1343 6768 1
2953 8878 1
1902 8452 1
2318 8138 1
164 7096 1
5518 7976 1
3978 6605 1
2629 3304 1
2223 2616 1
3337 6774 1
9142 9805 1
1066 2703 1
2597 3766 1
6599 7490 1
389 8877 1
207 4699 1
1915 7344 1
2464 4176 1
497 8410 1
979 1014 1
2969 9007 1
8671 8907 1
479 8770 1
3963 4203 1
3648 9295 1
5037 8053 1
1024 5860 1
189 9196 1
4473 6934 1
280 4396 1
4485 6759 1
5440 8443 1
2162 8914 1
4311 6606 1
3173 3525 1
7001 9348 1
676 7779 1
2199 2565 1
1977 4438 1
3544 5158 1
9760 9975 1
701 5557 1
7688 9497 1
262 8893 1
6048 8676 1
5160 6524 1
922 8185 1
8439 8907 1
4824 8295 1
1976 7596 1
1164 1302 1
1508 1866 1
395 562 1
6222 9768 1
6451 7376 1
3811 9824 1
4195 4337 1
2142 6353 1
8969 9072 1
531 9468 1
6849 9866 1
7341 9574 1
3946 7016 1
1840 7708 1
1668 4218 1
2318 4300 1
4993 7700 1
5172 9917 1
2665 3095 1
1720 6071 1
1433 2631 1
3330 9901 1
4044 8490 1
8954 9888 1
7 8909 1
6239 7089 1
1621 9475 1
2173 3572 1
5894 7054 1
5646 9958 1
2611 7181 1
6401 8548 1
479 8904 1
2676 8330 1
138 8611 1
2053 9105 1
7551 9010 1
3394 4409 1
5143 8583 1
8371 8749 1
5640 9389 1
2562 2566 1
2095 9516 1
5409 9456 1
6061 7167 1
2219 5610 1
8101 8107 1
684 2893 1
288 2893 1
1979 9341 1
2029 5486 1
3299 8494 1
5405 5550 1
8823 9031 1
2992 4779 1
43 4028 1
1128 9700 1
2756 6754 1
4397 7423 1
1374 6723 1
1921 9336 1
3082 6924 1
5327 9050 1
1521 7150 1
184 5172 1
6419 7033 1
2761 8037 1
1842 9982 1
524 5240 1
688 918 1
533 4013 1
9103 9206 1
6264 7095 1
1971 2633 1
1133 9670 1
1172 3182 1
9289 9561 1
1693 2130 1
2596 3624 1
442 5588 1
6556 9374 1
2175 9229 1
8531 9919 1
1795 3346 1
6003 8636 1
2962 9050 1
479 5066 1
8581 8693 1
1642 7453 1
4403 8907 1
9265 9325 1
4659 6618 1
6170 6305 1
5120 7767 1
822 2961 1
560 2961 1
4340 7804 1
785 5523 1
3433 4656 1
3474 5411 1
413 7637 1
1132 7324 1
7223 8497 1
3919 7747 1
3649 3722 1
4121 6161 1
7652 7856 1
1764 3070 1
332 7648 1
3018 3101 1
375 1868 1
1605 8675 1
633 4378 1
1331 9604 1
7738 8539 1
820 4204 1
1818 3306 1
4577 9595 1
2146 6555 1
262 6128 1
6203 9986 1
1358 8983 1
2130 3578 1
1337 1690 1
4193 6222 1
5044 6028 1
2516 8717 1
1982 8783 1
1337 2629 1
5712 7655 1
822 5189 1
2281 8850 1
1885 8850 1
1090 8387 1
1541 4876 1
2427 4703 1
2461 9949 1
2594 7095 1
2852 7885 1
1040 9024 1
9310 9983 1
728 2521 1
4769 7671 1
392 2572 1
2379 8604 1
839 7987 1
8344 9638 1
569 1710 1
2007 6746 1
1668 4836 1
3084 3697 1
3419 8117 1
1265 3665 1
855 1515 1
2207 9251 1
15 7725 1
3793 7769 1
6809 8052 1
1616 8029 1
4217 9036 1
320 5328 1
3181 3980 1
1749 2142 1
2210 7455 1
350 7422 1
7595 9900 1
2304 7090 1
983 2639 1
5881 9130 1
224 2587 1
63 9809 1
6448 8231 1
2623 6089 1
4872 5705 1
3082 6603 1
7132 8863 1
4988 9263 1
7920 8155 1
2094 4247 1
1743 9682 1
2512 4760 1
339 3476 1
1493 8753 1
5813 6902 1
6398 9807 1
1157 8804 1
7100 7827 1
2521 2779 1
6989 7996 1
2082 6115 1
4675 5541 1
4905 6003 1
216 7957 1
4578 5608 1
1465 3672 1
7370 8627 1
4949 5521 1
4878 6809 1
5869 8904 1
2882 3697 1
597 2172 1
1292 4683 1
9005 9481 1
461 3065 1
4263 9919 1
5653 7559 1
3915 8647 1
684 4800 1
4727 8333 1
7087 8689 1
2127 5484 1
392 6089 1
5550 9309 1
1806 1871 1
1976 2282 1
6451 8478 1
1434 3985 1
644 8784 1
2748 7265 1
415 4760 1
4441 8878 1
3977 4048 1
3145 6901 1
244 4878 1
3427 7553 1
15 4826 1
5355 9972 1
35 2260 1
4656 9971 1
5513 7148 1
32 7624 1
472 7896 1
2184 5587 1
1907 4555 1
7791 7879 1
936 6310 1
2815 6393 1
807 8374 1
757 6567 1
4236 7318 1
605 2009 1
2926 3191 1
2005 4309 1
1584 2589 1
1523 7009 1
2867 3550 1
4486 5214 1
284 9538 1
688 731 1
925 8780 1
3425 8015 1
3881 9012 1
192 9949 1
1192 6680 1
2460 5643 1
1861 4560 1
45 8209 1
5067 7596 1
4320 6615 1
5524 7283 1
1510 2236 1
5118 6595 1
422 7378 1
5052 8227 1
1709 8303 1
4104 5270 1
441 5176 1
6615 9767 1
216 8441 1
3518 6112 1
422 8317 1
136 5479 1
2560 4130 1
6813 8439 1
550 4530 1
6190 9214 1
952 8482 1
3330 3782 1
1363 4818 1
647 5402 1
3555 3900 1
306 9273 1
9260 9733 1
1989 2062 1
6961 8310 1
1961 3986 1
2816 4500 1
5823 8639 1
4376 4803 1
1640 6789 1
8992 9164 1
506 9334 1
6142 8392 1
2434 3617 1
5145 8926 1
1778 8416 1
80 4207 1
3622 9444 1
692 4771 1
2166 9464 1
3732 5640 1
4424 4470 1
1892 8703 1
6623 9604 1
6618 9260 1
2962 4675 1
1585 4988 1
8021 8825 1
5478 9516 1
3212 4069 1
3747 9331 1
285 7241 1
1276 5172 1
2716 8591 1
3939 9501 1
3927 4014 1
527 6774 1
1697 2196 1
1334 2144 1
2941 4737 1
2939 3910 1
2519 6734 1
1452 8781 1
2058 2175 1
5862 7412 1
1394 9365 1
2806 4320 1
5378 9285 1
2117 9171 1
257 6132 1
4635 8423 1
3964 8218 1
698 3596 1
545 4320 1
7205 7865 1
5396 8521 1
1019 3422 1
7497 9205 1
3519 6821 1
351 9150 1
7700 7844 1
136 8996 1
4560 5805 1
1992 8129 1
808 4141 1
1065 9432 1
92 8108 1
823 6112 1
6155 7233 1
5685 8250 1
655 7467 1
2661 7325 1
1906 2319 1
2948 7355 1
5197 6217 1
1690 6636 1
3491 6062 1
6727 7809 1
798 3022 1
2405 8833 1
1488 5189 1
2042 2365 1
4902 5518 1
3953 8752 1
5770 7957 1
2126 8078 1
1871 9249 1
2434 5979 1
2346 3126 1
2045 3952 1
1785 5533 1
2115 3193 1
1729 7853 1
6636 7290 1
5237 7844 1
426 6425 1
3712 9979 1
569 2007 1
5505 6346 1
4309 5539 1
852 4547 1
4128 7413 1
3011 6899 1
3028 6314 1
907 2002 1
4513 4780 1
8539 8898 1
688 2638 1
531 4906 1
512 8828 1
3401 7084 1
5242 6875 1
395 5799 1
5015 9313 1
4938 7403 1
3200 8491 1
5851 9585 1
839 6190 1
4130 8398 1
2432 4189 1
1690 2798 1
5155 8569 1
115 3880 1
5335 7224 1
3752 5971 1
3879 7998 1
352 9485 1
3354 5144 1
58 148 1
2270 8742 1
3696 8291 1
307 1606 1
7393 8935 1
3169 7084 1
7905 8329 1
1546 6432 1
3939 6736 1
6048 9725 1
4947 6526 1
6564 6609 1
2078 8922 1
743 1355 1
8112 9561 1
4318 8984 1
32 9665 1
2667 6284 1
6569 7892 1
7856 8817 1
5530 7291 1
5817 6567 1
8927 9895 1
735 9758 1
1840 8757 1
2442 7105 1
1606 4389 1
3482 6618 1
5576 8575 1
2059 6586 1
2718 6222 1
5459 7990 1
3480 3539 1
4443 5838 1
2 9614 1
2029 2213 1
5067 9637 1
1722 2470 1
2687 4842 1
6544 8185 1
3110 5699 1
6305 9889 1
7182 7718 1
3672 4648 1
6569 9181 1
8479 9331 1
7462 9987 1
105 852 1
6559 8493 1
2923 9256 1
3539 5058 1
1603 4441 1
545 2844 1
1002 8947 1
1616 6366 1
1064 3409 1
3579 5396 1
5530 5547 1
4320 9006 1
5769 7815 1
2553 9164 1
6372 9017 1
5329 9206 1
5632 6763 1
644 7926 1
327 8219 1
2280 4841 1
1614 4226 1
1323 6494 1
1982 9348 1
5050 5095 1
2054 4498 1
3398 8209 1
514 3881 1
9122 9558 1
4222 5438 1
5400 8857 1
4569 6485 1
3232 8671 1
5787 7051 1
2003 9636 1
5933 6876 1
7557 8884 1
2185 8364 1
549 1623 1
2018 5972 1
1712 2290 1
4597 5500 1
736 7865 1
5378 6065 1
1028 9205 1
2729 4263 1
2371 4555 1
881 3301 1
4124 6219 1
311 9564 1
383 9440 1
1849 3692 1
591 5417 1
732 7342 1
1938 8645 1
985 5344 1
6910 8669 1
2922 5597 1
2244 3467 1
3095 5525 1
9891 9897 1
2615 5854 1
1319 3877 1
4930 8719 1
100 9502 1
7242 8849 1
2560 5366 1
2623 9098 1
3877 7631 1
2356 4812 1
1139 9544 1
3842 4412 1
1292 3370 1
729 4950 1
7838 9819 1
682 6824 1
952 4241 1
1774 8779 1
4659 5573 1
3095 4370 1
8059 9414 1
2519 3648 1
7247 8038 1
3405 6481 1
1939 5813 1
4973 8365 1
3051 6892 1
2545 8252 1
3941 7400 1
37 4965 1
314 7717 1
1076 7286 1
3373 7882 1
6793 8218 1
5110 9013 1
2058 3411 1
6400 9455 1
4313 6225 1
5175 5466 1
3936 4023 1
4309 8735 1
9266 9979 1
4 5956 1
161 1244 1
5873 8248 1
1007 2204 1
2330 5038 1
7067 8228 1
962 4905 1
776 8687 1
9816 9857 1
743 6295 1
523 1825 1
3318 6081 1
3032 7939 1
4586 6010 1
6170 6899 1
3966 6302 1
4122 9259 1
5674 7257 1
4798 5866 1
1006 3672 1
3031 6024 1
436 3519 1
2705 8483 1
3242 3992 1
2438 8139 1
3895 7001 1
6951 8403 1
32 8539 1
4733 5656 1
4958 8218 1
7561 8332 1
376 6659 1
3232 4967 1
3758 4259 1
279 6726 1
7161 8398 1
5103 6098 1
4449 9280 1
4829 9501 1
1279 9284 1
4739 6575 1
303 8251 1
6225 7895 1
1670 4187 1
4844 5056 1
4574 5195 1
1331 2277 1
1188 4443 1
54 4514 1
5231 7976 1
4668 4830 1
8938 9308 1
6615 7299 1
3177 9767 1
2878 5004 1
2246 6225 1
4975 6478 1
3686 9644 1
763 6142 1
2740 3350 1
8329 8446 1
4888 7987 1
2529 4069 1
1135 4967 1
423 789 1
1670 2093 1
2888 6631 1
1551 8817 1
3082 9880 1
3540 5096 1
7681 9164 1
1865 3500 1
428 8488 1
4636 9614 1
1630 6077 1
3564 6621 1
5329 5636 1
2637 9614 1
1123 3802 1
1577 3972 1
6236 9723 1
5622 5888 1
319 4007 1
0 9889 1
676 8186 1
1285 2817 1
2135 2987 1
3554 7781 1
4294 6093 1
4524 8999 1
1544 8935 1
2616 7232 1
2495 9157 1
3792 6606 1
1803 3911 1
5466 7977 1
166 9777 1
161 3017 1
569 2088 1
1804 5075 1
952 8242 1
1551 4629 1
7010 7023 1
6411 8384 1
8317 8570 1
6636 6782 1
1605 7309 1
6080 6335 1
423 3956 1
1885 7134 1
2270 6945 1
7232 8533 1
1551 1596 1
1265 7426 1
1671 1698 1
5161 5247 1
7031 9940 1
3638 5765 1
21 2606 1
1642 1899 1
4294 4349 1
5541 5653 1
4278 7788 1
4818 9230 1
1759 2649 1
3952 8557 1
8439 9098 1
2716 4379 1
419 7755 1
2740 4773 1
1361 9177 1
1380 6975 1
6064 8030 1
1623 5390 1
5420 5484 1
441 2037 1
4059 7084 1
2942 4318 1
729 9085 1
2255 3388 1
4677 9348 1
5571 9036 1
6686 8723 1
4757 6079 1
3544 3605 1
937 6755 1
3743 8918 1
9116 9848 1
439 7976 1
2175 3809 1
1211 4291 1
5008 8549 1
1271 2844 1
3022 6125 1
6573 9196 1
665 3034 1
579 816 1
2340 7259 1
3451 5484 1
2243 3162 1
2298 3061 1
3540 4775 1
5904 6593 1
5642 6593 1
7299 8549 1
1759 2783 1
387 7412 1
6507 9515 1
82 7530 1
55 257 1
2458 8419 1
4862 4940 1
374 8870 1
3035 5956 1
2493 4441 1
6545 6774 1
4322 9133 1
8993 9983 1
3907 4195 1
2843 9169 1
5405 7030 1
319 3686 1
5606 9006 1
6306 7697 1
5518 6907 1
8706 9926 1
2214 3713 1
3167 4570 1
104 9167 1
1902 1906 1
4746 5115 1
3536 8574 1
1640 1906 1
205 3557 1
750 9507 1
5795 6434 1
1438 4431 1
930 1746 1
1098 7746 1
723 1453 1
5253 7548 1
732 1007 1
8895 9983 1
4069 9976 1
65 9589 1
8602 9172 1
696 7177 1
2057 9549 1
1298 9497 1
6372 7354 1
2893 3405 1
1843 6587 1
855 8927 1
1034 4728 1
1705 2681 1
963 8460 1
3182 6891 1
753 8650 1
3918 7713 1
6650 8237 1
2880 5802 1
5478 5572 1
2575 5166 1
4872 5762 1
383 422 1
3834 6295 1
1251 9277 1
7882 7920 1
6681 6769 1
809 2516 1
2190 8738 1
5099 8370 1
4686 5757 1
6489 9982 1
1767 7100 1
7372 8757 1
4203 5788 1
2783 6219 1
5988 8653 1
3562 5957 1
2671 3534 1
5735 8207 1
1712 8332 1
2498 6989 1
318 2814 1
361 1198 1
4349 5024 1
1670 4134 1
6398 7770 1
1763 4325 1
428 3174 1
2520 4304 1
811 3878 1
2175 6521 1
4224 7015 1
5220 5290 1
4131 4572 1
6579 7781 1
1938 8271 1
3676 4931 1
1637 2681 1
461 1028 1
283 8081 1
178 6567 1
2983 3432 1
5759 9890 1
4520 6195 1
6127 6344 1
3661 8945 1
1407 2569 1
2917 9201 1
262 2481 1
148 8795 1
1865 6830 1
2161 5660 1
9203 9307 1
2451 6927 1
2256 9869 1
1220 7065 1
8460 9199 1
1497 9817 1
2082 8750 1
2242 4309 1
136 4247 1
2596 6527 1
2448 4377 1
844 7717 1
739 6203 1
4113 5440 1
2425 6645 1
541 5464 1
5587 8443 1
4931 6826 1
6526 7150 1
4447 7945 1
1467 5629 1
2413 4541 1
264 1399 1
2409 7051 1
1285 9530 1
2560 7220 1
6459 9311 1
3405 7046 1
1710 8770 1
6512 8383 1
7776 9856 1
2933 3264 1
4345 4635 1
1616 8354 1
2447 4310 1
255 5982 1
4064 9311 1
4062 8484 1
3102 4012 1
4915 8171 1
2262 6250 1
376 1024 1
82 577 1
350 3775 1
4130 4454 1
2824 5199 1
741 9258 1
3938 7667 1
479 9258 1
839 3185 1
1236 9237 1
5453 9917 1
3903 8612 1
1288 9427 1
4973 9280 1
454 9201 1
1407 6086 1
1476 5691 1
1113 5639 1
2415 7596 1
1381 2421 1
1241 8268 1
5563 7052 1
6353 6417 1
957 2093 1
1330 6805 1
2261 4685 1
2901 3325 1
3212 7159 1
5177 9460 1
5507 7120 1
4915 9460 1
1632 9587 1
5782 9045 1
326 6922 1
1885 5337 1
3747 9388 1
7530 9584 1
541 8981 1
794 3011 1
3989 8921 1
4374 9486 1
2839 9213 1
3938 5923 1
4492 6509 1
531 9956 1
913 7806 1
6951 9318 1
392 9797 1
2629 3926 1
4034 6570 1
6931 8851 1
3607 8977 1
9288 9498 1
1187 7227 1
5781 8419 1
48 538 1
822 6348 1
562 7175 1
505 6641 1
3786 9851 1
770 7878 1
412 1754 1
3058 6668 1
3921 7043 1
5103 7952 1
1779 8078 1
7236 7393 1
925 1750 1
5446 8291 1
3841 4835 1
7211 9026 1
3906 9394 1
1022 5066 1
558 4962 1
4441 6520 1
640 2520 1
4189 5518 1
2623 2926 1
2382 8721 1
5890 8712 1
697 8689 1
1184 4835 1
7068 8159 1
4881 7731 1
3221 3814 1
3036 6478 1
2575 2885 1
5145 7023 1
5516 9410 1
3274 8521 1
908 3624 1
5693 8548 1
4915 7500 1
3315 6832 1
796 7355 1
1744 3896 1
4106 9805 1
3696 9153 1
4486 9272 1
668 1693 1
5683 8769 1
6581 9919 1
2851 5385 1
3047 6263 1
4967 7101 1
2985 5385 1
2694 6899 1
4021 4779 1
2625 9014 1
280 3274 1
4304 4313 1
2616 4764 1
6129 8297 1
2249 3250 1
2772 5277 1
2022 4779 1
5133 9241 1
8302 9766 1
4825 6644 1
6714 8169 1
1690 2505 1
2139 2331 1
8998 9469 1
356 1956 1
1068 6888 1
3998 5145 1
1737 4014 1
1888 6627 1
1346 6078 1
6161 8370 1
4033 5139 1
5220 6392 1
4967 5946 1
1173 5369 1
3299 8527 1
6341 7025 1
3022 7495 1
1877 9097 1
2373 4605 1
5781 9842 1
545 9183 1
2262 7218 1
5803 9601 1
2802 8660 1
1331 7648 1
143 8614 1
3672 5510 1
3197 9189 1
4513 6126 1
1889 2691 1
1464 1761 1
5956 7564 1
3404 7947 1
2893 4991 1
3330 9718 1
1351 7711 1
8452 8555 1
8343 9551 1
1695 5831 1
750 6555 1
2952 5571 1
7790 9567 1
5056 6526 1
4801 7697 1
2413 5293 1
4560 8574 1
1845 8219 1
2280 8147 1
1390 8578 1
822 9060 1
1106 2403 1
7668 8823 1
1448 5550 1
2933 4016 1
1446 8887 1
2320 5479 1
4779 8877 1
4560 5541 1
3782 9411 1
2075 9620 1
1927 7470 1
8162 9331 1
2630 9842 1
510 4220 1
4790 9386 1
745 6746 1
2796 3903 1
4060 9540 1
3215 7270 1
6267 7210 1
2743 4242 1
3672 4705 1
4608 6147 1
2884 3723 1
354 1613 1
223 9266 1
2038 3672 1
3747 5818 1
4051 4509 1
5921 9956 1
1262 5925 1
1286 2347 1
935 7782 1
9866 9948 1
3252 5058 1
3804 8015 1
1765 9929 1
552 5011 1
4173 7323 1
7650 8001 1
2917 4021 1
1977 5089 1
886 3544 1
2835 5120 1
2171 5894 1
5464 8175 1
5001 6199 1
999 7393 1
1938 4380 1
3411 3775 1
1265 9764 1
2192 5428 1
3603 3945 1
2256 4689 1
8527 9213 1
492 1146 1
5268 9926 1
7446 9110 1
3007 9549 1
1358 6922 1
5143 7945 1
6659 7976 1
1819 8071 1
857 2964 1
6469 7852 1
220 3841 1
738 5524 1
5576 8766 1
9015 9152 1
3934 6152 1
121 9497 1
3301 6239 1
2771 3041 1
6342 9962 1
5614 8469 1
2391 8647 1
1935 6152 1
6628 9013 1
1365 1835 1
5632 9048 1
7510 9660 1
2574 2877 1
1795 8774 1
5532 8817 1
7416 9244 1
3696 8616 1
7166 8315 1
7697 8705 1
3263 7236 1
350 8394 1
2320 7841 1
2387 9817 1
1010 7686 1
5590 9172 1
4102 8745 1
5676 8192 1
5765 9927 1
2210 9366 1
4013 8673 1
1838 9760 1
658 3262 1
6599 7120 1
7853 7905 1
2906 4905 1
1519 4530 1
7052 9317 1
3957 7051 1
2816 6143 1
1979 7898 1
1690 7795 1
3471 5091 1
2985 8581 1
2656 7359 1
6524 7885 1
1238 6173 1
1866 9714 1
2272 3986 1
179 9801 1
3632 9331 1
327 9699 1
2507 2540 1
110 4746 1
3315 7934 1
3411 7642 1
685 2210 1
3467 8705 1
2123 8966 1
5084 8788 1
1409 3961 1
3678 8925 1
3411 8581 1
9851 9908 1
2463 5624 1
2048 9546 1
741 829 1
5533 7833 1
1170 2632 1
2692 6615 1
3920 5425 1
3910 4737 1
6284 7243 1
2387 3535 1
3300 9881 1
7646 9251 1
2844 3222 1
1736 2262 1
3497 7951 1
407 6029 1
1172 3617 1
5038 9732 1
55 7267 1
1815 5938 1
5299 7787 1
3398 7945 1
4012 9336 1
1035 8981 1
2752 4572 1
2110 9269 1
1898 4660 1
6025 9584 1
1526 2802 1
4946 7110 1
672 5896 1
221 2991 1
3903 7299 1
818 4967 1
770 3987 1
1935 5481 1
1766 2262 1
962 4157 1
991 9059 1
3293 9999 1
4026 5420 1
5946 9476 1
4136 5026 1
2054 6112 1
3771 4147 1
4048 6899 1
285 5635 1
8217 8851 1
5331 8614 1
3354 7242 1
2253 5009 1
1246 4855 1
6789 7886 1
2278 6759 1
7245 8691 1
4657 4913 1
44 4233 1
3017 3126 1
3741 6375 1
6127 6454 1
1132 4726 1
5781 5817 1
6605 7018 1
1106 7477 1
3545 8880 1
166 2129 1
6439 7480 1
658 9007 1
3137 4359 1
2230 7627 1
6368 8768 1
3968 4287 1
4563 7880 1
242 8540 1
1660 5784 1
834 3756 1
1319 5491 1
3466 8772 1
6448 8882 1
775 3526 1
4937 8471 1
656 6086 1
1425 5328 1
437 4470 1
2075 2212 1
4406 8054 1
8585 9196 1
1538 2007 1
3831 7557 1
2212 6647 1
5613 6741 1
5704 6105 1
542 3705 1
1376 7314 1
2408 5246 1
350 6918 1
5637 5822 1
7649 8878 1
2157 4846 1
703 9665 1
3910 6510 1
21 9079 1
2163 5600 1
2092 9332 1
361 9147 1
1856 9055 1
4669 5781 1
4098 6746 1
6825 8616 1
1716 9984 1
7910 8626 1
264 2798 1
8175 9109 1
429 5117 1
2595 9394 1
3548 6279 1
848 2068 1
3528 5812 1
1551 2942 1
515 7520 1
1838 6190 1
8739 8858 1
5991 9329 1
4709 7250 1
7498 8308 1
4444 5289 1
1228 2474 1
4024 4703 1
495 1391 1
5281 9169 1
5222 5556 1
1860 4636 1
3706 9497 1
244 7407 1
4659 6382 1
3356 7398 1
7258 9006 1
6847 7974 1
1310 1725 1
778 8280 1
7882 9587 1
3544 3662 1
9309 9546 1
6045 9915 1
2544 6207 1
859 9373 1
2851 9333 1
7746 8945 1
1793 3764 1
3740 8677 1
6498 9668 1
2809 9107 1
5730 7810 1
2893 3328 1
3662 8794 1
240 7823 1
1936 8953 1
513 5703 1
2161 5099 1
1865 6269 1
4451 4524 1
1216 9795 1
2248 7727 1
3017 6777 1
1384 2963 1
3822 5484 1
776 9496 1
3453 9559 1
3804 4124 1
807 2393 1
5179 7148 1
1770 3938 1
3062 5207 1
228 6658 1
51 2824 1
5774 7708 1
3773 9914 1
5079 6163 1
7789 9372 1
8477 8992 1
4141 7866 1
1768 4242 1
4038 6398 1
7398 9901 1
2398 5577 1
4068 7738 1
1861 1962 1
1027 8152 1
7498 8792 1
3525 9970 1
6381 8278 1
2038 8425 1
3996 9555 1
92 704 1
1293 5827 1
5322 7210 1
377 5037 1
571 8286 1
4291 8914 1
7018 8340 1
2687 3586 1
5099 7138 1
8578 8643 1
1011 6114 1
106 7957 1
4920 8893 1
6451 8458 1
8115 8387 1
3672 7364 1
4088 7050 1
4067 6173 1
4096 4659 1
404 417 1
5572 7735 1
7105 7935 1
1413 4781 1
2968 3986 1
7181 7930 1
3033 6855 1
5556 6451 1
7985 8664 1
1519 6116 1
256 8251 1
2172 7435 1
2692 3529 1
1909 8553 1
4187 9099 1
350 5442 1
685 9862 1
5749 7031 1
533 7778 1
476 828 1
1281 5951 1
763 1824 1
5155 9675 1
4324 8057 1
6789 9927 1
4817 7401 1
4344 4737 1
1374 5361 1
7031 9460 1
1800 9899 1
1551 4499 1
1867 8677 1
155 4570 1
6326 9644 1
4803 8442 1
2045 4253 1
3564 8719 1
1518 5490 1
2165 2857 1
1241 4458 1
3768 7960 1
4504 7062 1
543 3339 1
288 9236 1
5639 9845 1
3719 9007 1
1112 4987 1
7740 9748 1
1372 3571 1
3550 9171 1
80 4776 1
1712 6645 1
17 8369 1
5518 6293 1
872 8883 1
511 3242 1
1231 9755 1
5004 9455 1
3266 6379 1
6821 8660 1
1883 7466 1
3588 8150 1
8498 9548 1
76 4253 1
6269 9086 1
935 7892 1
1016 6568 1
4544 7935 1
349 8734 1
10 2852 1
6400 8788 1
5056 5831 1
4607 7725 1
5024 6293 1
6738 8783 1
8983 9189 1
1228 9053 1
5600 7392 1
118 9740 1
441 8673 1
684 2015 1
5221 6083 1
1334 9479 1
1690 8360 1
2481 3197 1
1963 6240 1
1180 2596 1
4824 6612 1
569 2442 1
3440 5754 1
4987 5098 1
1028 6928 1
1688 9418 1
3787 7555 1
1982 7421 1
1894 5322 1
5378 7171 1
2942 3033 1
4263 5040 1
6250 7100 1
8020 8179 1
4854 8891 1
3465 8443 1
1927 2237 1
2037 4095 1
8480 9103 1
472 5111 1
7122 7968 1
2036 4624 1
2399 8648 1
35 6830 1
1537 2991 1
7884 8291 1
52 6245 1
2197 5481 1
6593 8378 1
10 8463 1
2352 4106 1
3417 4430 1
3364 7987 1
1609 3244 1
8059 9231 1
294 9161 1
4504 5452 1
5596 9851 1
317 6112 1
5155 9354 1
3438 4903 1
380 9844 1
5086 7305 1
48 9105 1
3073 4024 1
1204 6349 1
4068 8490 1
66 9684 1
1241 7170 1
8179 8185 1
383 8802 1
426 3022 1
995 7114 1
1482 6451 1
530 8448 1
3020 3989 1
1292 3321 1
2071 9475 1
1185 7396 1
4270 9728 1
488 1806 1
7375 8548 1
415 6431 1
6899 8030 1
3938 8208 1
2195 8952 1
1813 3932 1
5526 7553 1
1933 8952 1
2005 8074 1
1095 9573 1
7430 9386 1
3328 4492 1
971 7817 1
358 9280 1
6178 8647 1
2656 6314 1
2750 3697 1
2297 7135 1
1581 4713 1
1168 9270 1
961 3315 1
577 4106 1
5621 7948 1
2111 8850 1
5564 9134 1
237 6667 1
5518 8200 1
3799 9338 1
377 1951 1
2603 6279 1
4886 6977 1
206 2069 1
6658 8883 1
1133 8121 1
1706 5539 1
3536 9867 1
2154 9836 1
2326 6910 1
4974 6043 1
3965 9226 1
82 1252 1
3674 4324 1
4763 9206 1
5324 7553 1
991 3692 1
6199 8719 1
7343 9336 1
523 2126 1
6144 6568 1
824 5272 1
6799 6994 1
3067 9015 1
7265 9453 1
5565 7615 1
4940 7563 1
6091 6907 1
1457 8568 1
1660 2511 1
1584 5899 1
2406 6273 1
3639 9591 1
5549 5577 1
237 5862 1
3003 7660 1
2781 8779 1
6222 9992 1
5496 9134 1
3283 9929 1
2060 6767 1
5888 8426 1
4928 6398 1
2985 8020 1
7252 8817 1
4349 8411 1
2262 5181 1
3730 4232 1
259 9004 1
1868 3564 1
240 6510 1
6613 6615 1
1479 1537 1
5572 6877 1
597 2583 1
2204 8394 1
5693 9089 1
3907 5033 1
2630 6516 1
617 3235 1
1131 9872 1
4216 5788 1
4744 8159 1
136 8789 1
425 6448 1
657 1321 1
2386 4843 1
2262 3087 1
2692 9087 1
5787 8909 1
9470 9655 1
2995 9273 1
4433 8647 1
5496 7390 1
952 6315 1
1907 7999 1
2227 4971 1
1488 8015 1
860 4282 1
189 4077 1
4903 7815 1
834 3061 1
4282 9417 1
6573 7724 1
1103 9867 1
5076 5491 1
6719 7549 1
4680 9463 1
671 4760 1
855 905 1
2190 2810 1
5541 6759 1
1157 2933 1
603 4067 1
1002 3584 1
5790 8217 1
3956 6399 1
5836 6118 1
6777 7904 1
1421 4699 1
3764 5640 1
686 9205 1
8134 9568 1
672 9307 1
4724 7668 1
3084 9853 1
3266 7615 1
6012 7283 1
40 1860 1
2029 4555 1
103 5592 1
3885 4654 1
803 9201 1
1237 3077 1
7549 7602 1
998 6444 1
5683 9444 1
2316 2518 1
4112 4818 1
4304 4988 1
3588 9736 1
7686 9004 1
281 9277 1
4496 5158 1
4749 7324 1
1863 2923 1
8158 8999 1
2599 2991 1
2447 5603 1
821 1270 1
5896 8397 1
3413 6887 1
2803 9587 1
6858 8219 1
6391 9507 1
6298 9316 1
6310 8387 1
3032 8858 1
2058 2236 1
5153 9228 1
6225 7525 1
1385 7620 1
2607 3232 1
6529 8690 1
6262 8346 1
732 3268 1
1501 2318 1
2638 8180 1
6526 7638 1
1844 8319 1
1448 8319 1
7460 9199 1
1560 9314 1
1250 8334 1
4039 4666 1
3244 4957 1
8402 9867 1
2187 8658 1
1184 3550 1
1581 2432 1
7534 8367 1
4336 4660 1
542 4083 1
2774 2941 1
4188 7391 1
3665 9336 1
3453 5481 1
2291 7668 1
5708 8295 1
6157 7367 1
200 6948 1
1865 6513 1
5022 7967 1
2519 2607 1
4676 7330 1
2011 6338 1
5655 6190 1
813 8868 1
5228 7843 1
622 5890 1
1907 7678 1
1028 4326 1
1601 8160 1
7638 8316 1
2882 9048 1
2493 7775 1
5571 8182 1
4043 6636 1
3717 9095 1
3182 5553 1
4228 9799 1
7941 9256 1
0 70 1
1870 2319 1
655 5434 1
3678 6888 1
3786 5667 1
1902 5240 1
2523 7802 1
8526 9128 1
5878 9995 1
6507 7722 1
5507 8547 1
190 4516 1
1280 5836 1
376 7123 1
737 8068 1
279 7190 1
5121 5478 1
7089 7296 1
1657 9731 1
8751 9596 1
7 86 1
3326 3588 1
2577 4224 1
1164 9044 1
2005 9660 1
63 3401 1
3120 9347 1
7205 8410 1
35 5517 1
5057 7156 1
2445 5236 1
6777 8872 1
5764 9492 1
4246 8634 1
7338 8939 1
550 8592 1
6930 7424 1
1128 3910 1
2592 7915 1
9417 9807 1
916 4219 1
5766 8784 1
62 6559 1
750 8653 1
4511 6838 1
2222 6103 1
5510 8040 1
3748 8542 1
1544 4727 1
4696 5837 1
5124 6284 1
5905 6849 1
5122 9621 1
6493 7019 1
1407 3675 1
6044 9667 1
5558 6741 1
2504 3722 1
250 4516 1
4737 6777 1
6294 6809 1
485 2878 1
2714 4471 1
1838 7052 1
3095 7546 1
2457 6535 1
1316 2217 1
2575 6756 1
5008 8179 1
3535 8784 1
61 5933 1
52 8099 1
9 3299 1
6431 7430 1
4108 9585 1
1491 9573 1
4822 8928 1
361 2438 1
7446 9919 1
6718 8426 1
4309 5145 1
1677 6545 1
3237 6848 1
5979 9026 1
4514 5550 1
2365 4852 1
5066 8507 1
2917 6119 1
3304 4313 1
9048 9320 1
5366 5766 1
2050 9163 1
75 2956 1
7265 8945 1
2504 9333 1
2504 2917 1
2282 4036 1
2445 9692 1
1307 9055 1
852 9414 1
6943 9833 1
705 7674 1
6068 9606 1
2379 8291 1
3957 5982 1
3227 3662 1
6603 8452 1
144 467 1
5904 8451 1
1967 5314 1
4570 7148 1
6101 8965 1
1523 1890 1
7665 7724 1
2820 7475 1
698 9886 1
2281 8887 1
741 8270 1
8986 9731 1
3031 3723 1
4643 9878 1
629 5585 1
548 7875 1
3417 8862 1
6001 8734 1
3840 6521 1
1818 8604 1
1171 4067 1
2294 7779 1
2461 4509 1
367 6524 1
3870 8615 1
1803 8481 1
762 9497 1
922 6746 1
280 7279 1
5693 9520 1
1969 4986 1
1976 3713 1
5974 8227 1
7756 9131 1
2718 6767 1
5655 6003 1
2630 7886 1
7412 7786 1
2020 4924 1
917 4308 1
3692 7912 1
5218 6379 1
397 6524 1
2272 5145 1
3853 4073 1
592 3959 1
4778 5326 1
447 5298 1
7265 9429 1
426 1977 1
7979 8772 1
4027 8575 1
1616 6911 1
5766 6369 1
8187 9475 1
386 2578 1
3672 6132 1
6738 8222 1
468 9558 1
375 6361 1
1519 6978 1
8095 9886 1
2613 9760 1
579 5602 1
732 6598 1
3822 6830 1
2872 9462 1
224 7885 1
2872 3046 1
6583 7530 1
1588 3550 1
5714 8838 1
5614 7668 1
1397 6988 1
144 951 1
6606 8453 1
2480 7137 1
395 4734 1
3497 5727 1
1327 4714 1
676 9857 1
2319 9663 1
1543 3026 1
1123 2440 1
3306 6132 1
7275 8962 1
252 3113 1
6716 8998 1
3760 9520 1
164 4986 1
8211 8906 1
1024 5844 1
2054 9365 1
5172 5229 1
4571 5763 1
2857 7245 1
4913 8910 1
4187 4834 1
1668 9329 1
4319 8171 1
7017 9865 1
2925 9823 1
7758 8557 1
4492 8099 1
473 3462 1
4636 9541 1
1164 6763 1
4094 8992 1
1726 4022 1
6127 7263 1
4380 8797 1
4786 7795 1
2038 4294 1
1584 2626 1
6119 8311 1
2447 9417 1
4794 5404 1
680 3159 1
1860 7405 1
237 9005 1
4447 4542 1
378 4514 1
7134 7767 1
2765 8945 1
577 3411 1
2421 9135 1
2054 5177 1
5693 8849 1
2133 6224 1
634 9580 1
3122 6738 1
2464 6738 1
2502 7030 1
7569 8634 1
776 1527 1
7699 7926 1
1068 2867 1
3131 5511 1
2554 4187 1
4644 7688 1
1892 7451 1
3043 6795 1
319 8606 1
5610 8972 1
9004 9585 1
4696 4845 1
3240 4865 1
4267 8115 1
3243 8546 1
2037 7051 1
3694 9007 1
4972 9624 1
7871 8568 1
7446 7638 1
2787 3607 1
3117 7683 1
1212 6379 1
5453 7453 1
4109 4496 1
1323 2985 1
7699 9215 1
2212 8745 1
2012 9623 1
35 6753 1
7294 8937 1
537 7903 1
761 4413 1
757 7677 1
7207 9692 1
4189 9336 1
423 8555 1
3231 4937 1
526 2826 1
6546 7731 1
5911 9435 1
586 625 1
4727 7699 1
1227 9289 1
5890 6114 1
5979 7095 1
5611 6699 1
4429 5790 1
3648 5225 1
131 984 1
1497 4454 1
1519 4213 1
4795 7079 1
3081 5343 1
2207 2335 1
2281 2284 1
7270 7947 1
5890 9497 1
3662 4342 1
7438 9975 1
2591 6647 1
974 3366 1
526 7148 1
4922 6073 1
4 2313 1
4353 7084 1
6259 8024 1
5237 8336 1
4399 4985 1
4927 7356 1
3915 6858 1
3359 8855 1
1434 7673 1
3842 9763 1
2681 3315 1
4310 5667 1
3546 4517 1
4926 7885 1
4016 5220 1
1343 5276 1
2734 9742 1
879 1385 1
476 6630 1
5937 9851 1
8967 9278 1
4782 9045 1
2649 8880 1
2676 9737 1
1840 7021 1
3507 9665 1
2934 5831 1
2765 8274 1
1960 4871 1
1127 4870 1
1029 1329 1
4862 8250 1
3952 5585 1
2527 7170 1
4903 8059 1
1099 4542 1
4851 5617 1
472 6107 1
3373 3434 1
179 5296 1
898 1785 1
1228 5861 1
1216 4538 1
5383 6417 1
2876 6011 1
990 4757 1
1399 9880 1
102 6015 1
4226 6504 1
1609 4240 1
5022 9821 1
1488 6165 1
4492 6623 1
3886 7567 1
5381 6721 1
402 3274 1
8703 9740 1
2335 8289 1
186 1175 1
2890 8511 1
323 5610 1
8788 9289 1
3698 8455 1
1936 4985 1
5396 6248 1
1276 6632 1
488 4896 1
6979 9386 1
377 9229 1
1676 7505 1
533 9742 1
7587 8488 1
1238 7279 1
2458 8480 1
3342 7480 1
3531 3969 1
1803 9717 1
5633 5787 1
7054 9156 1
5464 6732 1
7193 7810 1
2368 2521 1
1368 7510 1
6342 8169 1
1977 8557 1
4955 7794 1
3425 7865 1
7437 9833 1
4263 6520 1
7528 9197 1
1633 9656 1
1265 9260 1
3273 5781 1
193 7957 1
6793 7287 1
439 816 1
5953 9525 1
7307 7508 1
122 9245 1
4265 4314 1
4603 9971 1
1489 3491 1
3156 5381 1
6241 7713 1
5377 9365 1
1616 4764 1
6235 9396 1
1237 5899 1
3878 6305 1
1376 6997 1
5166 8364 1
8263 9767 1
6233 7071 1
2391 4760 1
1365 4364 1
4527 6162 1
2304 3825 1
5934 7189 1
1878 9086 1
3590 6777 1
2991 8138 1
2862 5284 1
1885 3841 1
553 3173 1
2488 9015 1
839 9394 1
4650 9386 1
7539 7642 1
378 6555 1
2580 5571 1
5121 6527 1
2602 3640 1
4556 9724 1
3254 5515 1
294 8547 1
8179 9665 1
2453 7681 1
4251 6644 1
7148 8925 1
3022 7609 1
1477 6648 1
4739 5644 1
1575 3019 1
3003 7367 1
33 5739 1
2767 6336 1
1433 1623 1
223 9246 1
5763 8596 1
5197 9905 1
1845 7983 1
785 8003 1
1986 9154 1
3961 9699 1
62 7608 1
1146 5730 1
8494 8895 1
1488 8877 1
2236 7050 1
910 3918 1
1977 2625 1
4130 9858 1
4495 8293 1
1434 6547 1
3330 6799 1
5322 6759 1
7101 9644 1
215 6510 1
3210 9134 1
4944 6584 1
1131 9929 1
3421 9546 1
176 5801 1
8617 9086 1
2526 5469 1
4623 7697 1
1712 3266 1
4411 7252 1
6995 7124 1
4743 5547 1
101 1685 1
4278 7662 1
723 5381 1
864 4862 1
8028 9630 1
3372 5870 1
3086 7728 1
1912 8400 1
2698 6865 1
7300 8110 1
5585 8458 1
3792 5675 1
2942 7225 1
260 402 1
1281 2117 1
3989 7909 1
7750 8346 1
126 9447 1
4494 8576 1
3830 9350 1
1241 2718 1
5299 7283 1
4487 5153 1
1080 9940 1
6039 7847 1
3360 4705 1
1448 7892 1
2337 7990 1
4188 6025 1
52 4021 1
1927 9812 1
8016 9404 1
5655 7857 1
4905 6605 1
2281 5614 1
4428 8895 1
2857 8965 1
4863 8823 1
1386 1537 1
3896 5624 1
1267 4289 1
3564 4885 1
2447 4371 1
3670 5281 1
7431 9882 1
1082 4509 1
3773 4470 1
318 3359 1
2623 7980 1
151 2687 1
3886 8319 1
6625 9260 1
3356 5121 1
436 5300 1
988 5813 1
8319 9563 1
4322 4685 1
2071 8406 1
879 6809 1
5182 5543 1
1577 9591 1
1599 2934 1
1188 1902 1
2629 8175 1
7212 9178 1
3198 4131 1
4096 5281 1
1472 4290 1
4244 5933 1
38 8795 1
446 7866 1
346 6696 1
809 2256 1
8417 8758 1
2331 9649 1
1627 9304 1
2521 8992 1
723 3421 1
5124 6662 1
1927 9007 1
881 4761 1
5075 6211 1
371 2969 1
2678 8417 1
16 526 1
2071 4218 1
5479 9455 1
6019 8645 1
1771 2236 1
4121 8320 1
506 1292 1
220 7122 1
2379 5502 1
885 1096 1
413 3730 1
3298 4496 1
7773 8440 1
4 2744 1
4656 9768 1
3603 8515 1
449 5080 1
2625 6847 1
2150 4110 1
2239 5091 1
5542 8814 1
1759 6174 1
3524 5189 1
723 2616 1
576 9736 1
1101 6174 1
461 7534 1
3109 6667 1
1302 8150 1
1087 1580 1
1231 3022 1
2332 6975 1
479 943 1
1418 9264 1
3028 4204 1
573 4742 1
1608 8607 1
999 6836 1
4242 5590 1
2623 3926 1
861 2176 1
5735 8081 1
1229 7298 1
2440 2721 1
745 4445 1
4764 7392 1
1168 2858 1
8645 8877 1
2480 9475 1
3301 4743 1
1332 7396 1
1580 5246 1
5281 5632 1
1776 6878 1
413 2925 1
931 4608 1
2909 8834 1
505 3453 1
4563 5766 1
1380 7817 1
3037 9019 1
2560 7899 1
3750 6417 1
624 8248 1
1389 5836 1
16 8365 1
7500 8385 1
5067 8682 1
4816 4899 1
8348 8482 1
4327 8680 1
3604 8285 1
3427 4451 1
6997 7764 1
2441 5174 1
987 3577 1
3228 8937 1
2151 3126 1
778 2649 1
2378 4071 1
2901 6098 1
1374 9850 1
2665 5067 1
5003 7916 1
288 6959 1
3453 6022 1
5614 9201 1
4487 7999 1
1027 7298 1
3162 9256 1
4968 5828 1
7354 8159 1
1406 7294 1
3252 4985 1
3417 5052 1
3494 4518 1
5826 9996 1
2454 8388 1
2218 9609 1
4068 4790 1
618 2525 1
3956 6269 1
6082 9427 1
473 8028 1
2857 8778 1
3580 6921 1
1637 5133 1
7036 7476 1
2168 4769 1
914 2294 1
4284 7239 1
1359 7074 1
6842 7610 1
7084 9587 1
4842 8698 1
9004 9479 1
6738 8950 1
2851 5930 1
1297 7135 1
5393 9740 1
5912 7861 1
4845 7656 1
4759 5438 1
3 6170 1
8019 8525 1
3203 8260 1
7699 9109 1
1878 9517 1
3340 6279 1
4818 6018 1
6521 8319 1
3921 7722 1
2634 5299 1
3945 6618 1
2775 4780 1
945 6279 1
7935 9736 1
3971 4806 1
6027 6471 1
8038 8925 1
1529 5549 1
799 7393 1
6520 9787 1
2523 4155 1
1485 2244 1
9043 9383 1
356 6823 1
3039 8394 1
2829 4612 1
852 3994 1
7283 9931 1
5375 8164 1
4024 8200 1
483 3373 1
9269 9322 1
7877 9357 1
5215 7882 1
2493 6356 1
1813 5843 1
6015 6245 1
822 6222 1
1087 3487 1
4521 9945 1
9414 9676 1
1088 6341 1
1224 3758 1
4317 7671 1
6438 9731 1
10 1059 1
4626 8426 1
6575 7750 1
2715 8805 1
2610 7291 1
5802 9520 1
8083 9583 1
2009 5381 1
2797 4673 1
3266 9847 1
2053 7373 1
143 4971 1
578 4899 1
392 1511 1
1127 1731 1
8745 8921 1
5101 9823 1
5343 9356 1
40 7475 1
66 2280 1
3054 3925 1
6739 7750 1
1613 7451 1
2912 8945 1
5033 5343 1
3672 6189 1
5752 8248 1
2364 9113 1
2775 8647 1
2123 3766 1
55 4750 1
7766 8721 1
1037 7291 1
118 9236 1
3232 5890 1
859 8682 1
3598 9623 1
2192 9006 1
6636 7221 1
6128 7946 1
1448 5290 1
6178 7309 1
237 3451 1
5763 7067 1
4502 5865 1
510 577 1
4101 4767 1
1645 9776 1
6719 8387 1
6449 8526 1
5026 8494 1
1803 8672 1
545 4735 1
6128 8885 1
4679 7632 1
584 2219 1
8612 9307 1
315 7656 1
917 9976 1
5487 6610 1
3126 8473 1
86 1188 1
2071 2421 1
65 4283 1
1880 3607 1
6341 6899 1
2007 2436 1
3921 7401 1
6915 7171 1
8957 9692 1
6018 9629 1
1068 7112 1
5175 5934 1
2214 6112 1
4237 7637 1
3281 9700 1
2992 5625 1
392 5028 1
2338 7087 1
6663 7300 1
746 1584 1
1327 9443 1
823 1050 1
6645 7660 1
420 4043 1
7560 8979 1
4771 5477 1
2560 6907 1
2245 5583 1
5921 7602 1
5995 7551 1
1396 9987 1
2048 8452 1
1029 2057 1
4475 7586 1
1968 7934 1
4072 6415 1
4767 5708 1
543 3103 1
4096 7001 1
4313 8921 1
3346 7442 1
658 4746 1
4221 6888 1
3877 7078 1
8431 9595 1
3804 9983 1
2140 4604 1
9588 9693 1
404 665 1
5751 8480 1
7800 8974 1
4390 7074 1
2091 3961 1
3536 3752 1
9743 9981 1
1091 2534 1
1297 4854 1
4672 9389 1
3709 5400 1
6880 9004 1
3392 9665 1
2165 7293 1
2744 7909 1
2207 8458 1
8614 9837 1
3361 7319 1
479 1374 1
358 3299 1
2421 5943 1
3577 5631 1
4616 8706 1
2190 6010 1
7795 9919 1
7165 9523 1
6580 6618 1
1332 4444 1
1129 6559 1
392 9484 1
332 3017 1
4062 8305 1
688 1898 1
7561 8934 1
5677 8507 1
7272 8831 1
6021 8317 1
1766 4901 1
3947 7012 1
1891 3095 1
5523 5596 1
4108 9589 1
7012 8877 1
5632 7983 1
386 6636 1
5759 9256 1
2801 7453 1
1127 3638 1
1725 4496 1
1105 8952 1
4322 4795 1
7739 8832 1
1402 8946 1
2625 7412 1
5063 5961 1
2451 6293 1
126 5369 1
3567 6582 1
2149 6894 1
1280 4230 1
3057 9486 1
7276 8549 1
1835 9178 1
417 9490 1
2179 2572 1
8729 9921 1
3870 9774 1
785 7442 1
1539 3932 1
7318 9714 1
7595 8302 1
926 2951 1
610 1025 1
1526 2192 1
1694 8192 1
8230 9981 1
2442 6365 1
102 2689 1
1533 2582 1
681 9721 1
3360 4949 1
1966 5847 1
6221 6819 1
2484 7530 1
1073 9013 1
8645 9442 1
4779 7491 1
5911 6593 1
785 7792 1
1633 7135 1
420 4661 1
1944 7027 1
6998 7615 1
2081 5046 1
3748 6936 1
1172 1263 1
3955 6448 1
5278 8528 1
2434 6073 1
4182 7393 1
1472 4184 1
5700 7470 1
4638 6855 1
438 5590 1
1892 4743 1
1856 9250 1
3229 6721 1
2743 7767 1
186 7998 1
1055 4246 1
1504 6324 1
2599 9708 1
667 4137 1
3874 7398 1
4987 5696 1
4818 8893 1
3108 9585 1
4278 5007 1
9448 9742 1
5656 7548 1
2314 6314 1
4514 9421 1
7176 8452 1
2236 6623 1
665 4441 1
5088 7441 1
3085 8820 1
2834 5037 1
4802 6855 1
4613 4704 1
280 5539 1
5003 8831 1
6262 7708 1
3648 4961 1
7273 8735 1
2729 6906 1
6108 7241 1
8675 9418 1
951 4431 1
426 2331 1
5906 9012 1
1269 7746 1
3662 4078 1
4746 8616 1
2170 6161 1
6426 6769 1
655 2568 1
256 7023 1
3081 6018 1
3 2413 1
2387 8081 1
682 9117 1
1162 4092 1
4556 5459 1
3929 8744 1
22 3594 1
2504 5633 1
1683 4703 1
4775 5008 1
4441 9858 1
3978 7882 1
1075 8230 1
4549 9391 1
394 2419 1
2892 7435 1
3537 3975 1
1164 6767 1
3638 8945 1
118 1023 1
5651 9782 1
5728 9248 1
6696 9639 1
7410 8228 1
3771 5310 1
4896 9849 1
4810 8385 1
8592 9891 1
1883 7393 1
785 7121 1
4555 7112 1
949 4334 1
35 207 1
1702 2851 1
3052 9760 1
7123 8171 1
6904 7309 1
440 5396 1
1205 2984 1
1523 1573 1
2923 3873 1
524 3000 1
3270 5674 1
7781 8521 1
1859 2461 1
86 9190 1
1251 4268 1
2708 7102 1
3405 7030 1
3568 7960 1
6065 7678 1
4779 8109 1
7225 9737 1
5983 6333 1
7132 7294 1
5840 8499 1
3462 6783 1
2027 5428 1
2923 8195 1
7553 9044 1
3998 8483 1
4696 7293 1
16 2193 1
3603 4921 1
6569 9059 1
7018 8885 1
2656 4818 1
8862 8947 1
6314 8540 1
2389 5228 1
44 7624 1
696 5335 1
2408 3026 1
1640 6830 1
808 4987 1
2740 7148 1
635 4278 1
6294 9204 1
4475 9172 1
4487 8243 1
4894 6123 1
2346 5716 1
5114 5897 1
955 4633 1
1447 5095 1
7052 9004 1
5890 9501 1
8548 9322 1
4582 9419 1
771 3011 1
5482 7232 1
3699 7611 1
4733 9588 1
588 4058 1
4762 8074 1
1004 7908 1
6341 8619 1
4257 9070 1
2347 9674 1
1256 8129 1
2342 2914 1
7025 9251 1
3274 9310 1
1813 8986 1
5700 6344 1
700 7682 1
820 6286 1
925 1384 1
7740 9004 1
4629 5451 1
4078 8546 1
5683 9558 1
3047 7052 1
3536 3833 1
265 3031 1
1169 1717 1
1709 7323 1
1492 8786 1
4122 9003 1
1832 7134 1
1548 8129 1
6510 9717 1
1536 1888 1
1711 6615 1
5255 7017 1
4685 9116 1
796 9433 1
4678 5693 1
610 6799 1
5217 7664 1
4279 9367 1
6180 9209 1
1531 5866 1
2272 2868 1
1871 2524 1
78 7877 1
4351 7900 1
366 7755 1
4057 7453 1
1183 5533 1
2893 8813 1
5809 7926 1
6062 9338 1
2705 9516 1
4713 6037 1
4634 4990 1
8852 9278 1
148 887 1
3427 4024 1
3370 3490 1
63 3031 1
1880 6400 1
5759 6304 1
5721 6012 1
353 7708 1
2373 3300 1
984 4542 1
2381 7325 1
2620 5621 1
820 9803 1
3992 9845 1
1478 5050 1
4284 7967 1
8143 8939 1
5084 5576 1
904 5717 1
1979 3531 1
2707 2772 1
5308 8475 1
1246 2448 1
3880 4127 1
1646 8017 1
750 8633 1
6378 7830 1
5530 6043 1
4454 5530 1
970 7653 1
2771 7079 1
1238 5189 1
780 3557 1
4267 6643 1
5784 6310 1
1221 8403 1
3045 7089 1
858 1935 1
7654 9313 1
2903 3973 1
126 3706 1
3792 9733 1
4214 4538 1
694 780 1
4659 9318 1
669 2413 1
3217 6792 1
546 9927 1
2712 5344 1
518 6189 1
1846 8613 1
325 8238 1
8243 9304 1
224 1770 1
4430 6233 1
4977 8846 1
2214 5067 1
3081 6904 1
3747 4513 1
1052 3090 1
1320 6288 1
5014 9667 1
2447 5046 1
1480 6011 1
415 5687 1
2166 8968 1
549 2469 1
7367 8852 1
153 6441 1
9394 9587 1
137 3464 1
4803 6222 1
3497 6967 1
1883 6401 1
737 5149 1
6112 6152 1
4785 9026 1
8197 9309 1
3794 9405 1
957 4923 1
468 4732 1
1571 2342 1
255 1241 1
1314 7412 1
101 4938 1
818 9460 1
1551 2629 1
262 5795 1
7187 8103 1
7266 9150 1
1910 5191 1
5038 8159 1
2901 9538 1
4475 8985 1
6244 7210 1
5946 7553 1
1094 2161 1
1106 1232 1
3227 3292 1
376 6082 1
4452 5591 1
3657 9292 1
2408 7161 1
2843 6335 1
906 2110 1
8761 9243 1
2844 3527 1
1061 9568 1
1770 7813 1
2272 8963 1
6823 9519 1
5663 8369 1
3280 4057 1
2805 6982 1
7106 9053 1
8288 9962 1
1934 3491 1
2121 9733 1
1737 8804 1
4965 6526 1
2114 6310 1
1947 3918 1
3471 7974 1
1489 7012 1
3216 5735 1
3629 5150 1
2405 6459 1
2624 3379 1
3771 9929 1
5918 7548 1
1744 4498 1
1331 9055 1
250 8952 1
2982 8722 1
2705 3718 1
2166 5130 1
3 2844 1
101 4133 1
3401 3421 1
7074 8175 1
2659 6756 1
2545 2682 1
8959 9204 1
4833 7888 1
5492 7332 1
5289 8693 1
3578 8194 1
2062 8163 1
211 514 1
2632 8693 1
5175 6312 1
2876 4889 1
7943 8745 1
2081 2928 1
4734 8821 1
3318 3544 1
2922 3544 1
2094 4853 1
43 5252 1
7391 8417 1
1472 8482 1
2926 7635 1
1061 3286 1
1052 1480 1
3896 4689 1
1841 3626 1
3895 4464 1
2665 6547 1
426 5929 1
3536 9257 1
3687 5454 1
5065 7241 1
1810 3000 1
3938 6793 1
569 4894 1
7124 9177 1
7969 8249 1
1035 6387 1
796 1675 1
3156 8447 1
975 6336 1
5687 6995 1
1292 8672 1
1650 4970 1
1464 5746 1
1237 6521 1
2340 3165 1
1897 9011 1
2752 5361 1
4187 4464 1
3426 6995 1
2650 5084 1
2740 9673 1
5235 5558 1
3351 5131 1
6592 7222 1
2037 7486 1
750 5063 1
6819 7386 1
8615 9686 1
5523 7129 1
2751 3042 1
3243 3504 1
2933 8940 1
2876 8406 1
4218 7318 1
7031 8208 1
6 7948 1
3017 3915 1
1639 5346 1
7014 8793 1
486 2923 1
288 1218 1
3564 4084 1
2734 7010 1
2142 9350 1
4613 7847 1
2507 7785 1
4427 4459 1
6309 8977 1
3487 9499 1
543 5120 1
240 2867 1
3663 6692 1
1139 7625 1
6839 8388 1
4750 8495 1
2527 4438 1
2181 7965 1
2124 4987 1
3638 4383 1
1544 6398 1
1236 2081 1
4460 4757 1
3142 7185 1
7856 8671 1
6603 9050 1
524 6948 1
3800 5650 1
1073 3780 1
2573 9694 1
4254 5820 1
3049 9623 1
2678 3294 1
2779 3346 1
3197 3859 1
2925 9587 1
3353 4372 1
2496 7195 1
61 6665 1
999 2518 1
5379 7134 1
3641 8222 1
4155 8443 1
4246 8561 1
2558 9012 1
2687 4696 1
7091 8208 1
2299 7031 1
6987 9548 1
3126 9469 1
3346 5271 1
3061 9983 1
6106 8752 1
9215 9226 1
1457 2965 1
3748 5436 1
2313 7087 1
979 5784 1
284 7245 1
6777 7644 1
1870 5763 1
2460 9766 1
6524 7198 1
6211 8953 1
6995 9035 1
3977 6427 1
3961 9866 1
6633 9585 1
736 7719 1
6400 8825 1
4320 4322 1
6162 7721 1
6180 9990 1
3701 5970 1
880 2930 1
5207 6222 1
4 6265 1
5076 7459 1
4613 6237 1
907 5507 1
5100 5601 1
6820 9569 1
2954 5174 1
3664 7027 1
4818 5888 1
3429 7884 1
1170 2884 1
247 5619 1
2468 9603 1
6016 6741 1
8017 8507 1
2332 6524 1
1286 8694 1
5730 6155 1
3211 7432 1
1028 1488 1
4011 7485 1
1499 9741 1
788 8417 1
2091 7401 1
1629 9033 1
4155 6483 1
1085 1241 1
716 9480 1
1358 2531 1
382 7914 1
3291 5102 1
1560 5671 1
1802 7648 1
6636 9990 1
1221 2418 1
1661 9106 1
5930 6566 1
3067 7279 1
8832 9191 1
7767 8867 1
625 8022 1
4639 6653 1
2497 2962 1
5062 6756 1
6118 9246 1
965 3926 1
2844 4763 1
3840 6448 1
430 1138 1
2470 6242 1
3564 5052 1
4109 6838 1
4310 8814 1
126 5076 1
2985 9317 1
1629 4845 1
4784 9636 1
506 8680 1
4783 9411 1
442 6975 1
6679 9663 1
5137 8219 1
2809 6058 1
2349 6073 1
4611 5894 1
1970 9460 1
8023 9587 1
1256 3701 1
3360 7100 1
473 811 1
2632 9579 1
4230 6202 1
1410 7551 1
8287 9633 1
3099 9954 1
6611 7435 1
2382 2988 1
4699 6680 1
7095 8945 1
6613 9201 1
2406 2793 1
1728 7833 1
4267 9652 1
3792 9359 1
1693 8778 1
2839 3614 1
1871 9050 1
2697 8634 1
111 1519 1
2621 5606 1
3837 5345 1
5540 7646 1
812 1566 1
4683 8025 1
2583 6253 1
1077 4466 1
1490 3881 1
1132 4173 1
4175 8723 1
242 4604 1
2151 2809 1
2263 3050 1
4460 8892 1
7987 9125 1
4640 9991 1
4286 9493 1
2820 8825 1
6908 7405 1
526 1330 1
1885 7793 1
3287 6756 1
7602 8725 1
3049 7342 1
5501 9007 1
2373 6793 1
5862 8986 1
3161 8337 1
1915 9133 1
25 7171 1
1114 4883 1
4775 5870 1
8102 9987 1
7040 9372 1
3687 4596 1
220 2162 1
526 5652 1
1663 2846 1
5061 9647 1
2401 8999 1
3084 6023 1
1840 4236 1
1771 4631 1
5114 8719 1
2030 9995 1
4590 9473 1
5922 6943 1
2448 8256 1
5108 8904 1
2969 4730 1
6524 7011 1
6262 7765 1
2087 7496 1
1729 7788 1
2870 6444 1
4007 5890 1
1374 5345 1
77 1480 1
4736 6265 1
3139 6080 1
799 8820 1
2962 3000 1
6019 8946 1
5009 5111 1
7997 9008 1
1022 4139 1
1598 5992 1
1670 5114 1
685 8691 1
7877 9845 1
2844 5381 1
2923 5674 1
963 2219 1
2525 2595 1
4607 5481 1
1448 3200 1
7285 9152 1
819 6412 1
1042 5895 1
3686 9982 1
8934 9712 1
2162 3482 1
2017 7265 1
103 7373 1
700 2933 1
189 731 1
438 3687 1
2387 3011 1
5420 8371 1
64 5166 1
1815 6003 1
610 1700 1
242 6377 1
4051 5542 1
887 7081 1
7784 8095 1
3526 5162 1
6650 6668 1
6868 8059 1
2434 6398 1
3903 4331 1
2277 5660 1
2621 6224 1
2418 3421 1
8104 8450 1
2457 6759 1
3692 9746 1
4086 6667 1
106 5176 1
7332 7412 1
2008 8626 1
5752 6642 1
1132 4791 1
6899 7530 1
65 3832 1
2988 8088 1
2752 2893 1
2041 7985 1
207 2195 1
2387 6178 1
4195 9993 1
1767 6470 1
5296 7530 1
6839 7664 1
2104 2857 1
1102 9463 1
1023 2754 1
2296 9443 1
7073 8999 1
1798 2750 1
1842 6994 1
3688 4685 1
3335 9485 1
3956 5631 1
1506 2349 1
4382 7725 1
192 7148 1
7960 9209 1
1599 8175 1
1613 1657 1
2631 3663 1
2918 7103 1
1977 9289 1
1906 6605 1
6567 9019 1
6448 6853 1
206 7985 1
61 9324 1
6640 7023 1
1544 2991 1
7187 9636 1
8314 8394 1
1110 6671 1
6158 7279 1
8392 9216 1
6036 8979 1
2796 9742 1
6872 9251 1
4424 6796 1
473 6235 1
1596 9947 1
6016 9266 1
1587 3977 1
1663 8725 1
4570 5278 1
1452 7724 1
1412 6605 1
1068 6795 1
225 5352 1
2888 9681 1
6274 8743 1
4985 5493 1
6499 8861 1
5757 8224 1
6170 7639 1
5774 7639 1
930 3828 1
4894 6314 1
4054 9306 1
5611 9338 1
2440 5734 1
1437 2878 1
1657 5096 1
2278 7658 1
389 1969 1
1237 7920 1
3021 4733 1
1637 4629 1
2414 7704 1
2560 9973 1
193 5440 1
1185 2253 1
2623 4845 1
3347 9040 1
928 5071 1
4159 8726 1
926 4244 1
2342 3105 1
1428 5394 1
2754 9465 1
975 4136 1
7784 8713 1
4938 9595 1
5012 9544 1
189 9054 1
4764 5278 1
2451 8875 1
1295 2771 1
149 5491 1
364 7365 1
116 3099 1
350 1051 1
3665 9507 1
3947 8439 1
7679 8138 1
1132 4470 1
795 3387 1
9760 9833 1
2974 9589 1
732 8700 1
2015 3999 1
8479 9884 1
1168 5066 1
4614 6623 1
7415 9196 1
3148 5955 1
6708 8580 1
2093 8793 1
3082 7587 1
998 1622 1
2832 7412 1
1180 7520 1
5693 7784 1
4695 8682 1
1667 7638 1
7031 8452 1
3117 5329 1
285 1191 1
1601 2854 1
4221 8799 1
1012 8875 1
6645 8416 1
1712 8320 1
4014 7008 1
3076 4739 1
4798 7090 1
4015 9862 1
364 5621 1
1945 6047 1
8452 8596 1
5890 6793 1
1846 5287 1
2028 4769 1
2408 4990 1
85 7145 1
2464 9995 1
3469 7824 1
5656 5808 1
6002 6445 1
3059 8892 1
1815 7105 1
6842 7590 1
2535 9646 1
7122 7415 1
1774 4071 1
4833 8400 1
1870 3779 1
3608 6074 1
3498 4216 1
1798 5596 1
2949 4940 1
5977 9956 1
1684 6248 1
256 1900 1
3339 3405 1
1654 9789 1
701 6488 1
7225 8452 1
1621 5145 1
3701 7958 1
2274 6464 1
3953 8179 1
302 3184 1
1496 3918 1
2592 2609 1
9391 9696 1
4928 9549 1
3481 9123 1
55 4246 1
2876 5751 1
2346 2553 1
4259 8636 1
1478 3497 1
358 1022 1
1128 5370 1
3934 8287 1
607 1726 1
4144 9817 1
350 2824 1
2075 2440 1
2161 7876 1
1182 5606 1
7775 7929 1
1364 5088 1
1298 9164 1
1319 3625 1
2038 2558 1
3676 8436 1
1642 4278 1
3240 7317 1
2349 4894 1
3414 8436 1
23 3368 1
5764 8858 1
2579 5356 1
1688 2933 1
3434 5870 1
1323 2054 1
2740 6213 1
2988 8035 1
6876 9937 1
2711 3031 1
3464 7210 1
6021 6979 1
2961 8841 1
444 1331 1
2870 4781 1
3 6284 1
1617 7604 1
1345 5196 1
3468 5639 1
2523 3919 1
423 8563 1
3389 8729 1
1906 2230 1
2773 4067 1
1169 8353 1
918 4570 1
3237 4925 1
5362 8447 1
887 6223 1
7067 9131 1
697 2127 1
5032 7000 1
5371 7220 1
8172 9039 1
3490 9720 1
137 4944 1
2005 8810 1
135 1865 1
4062 7667 1
4781 7354 1
1295 4678 1
2262 5433 1
5715 5717 1
1613 4987 1
756 3646 1
7466 8998 1
186 3493 1
3028 5875 1
4845 9998 1
6316 8566 1
65 2974 1
7114 8546 1
510 3590 1
3994 9603 1
3903 7795 1
3294 4304 1
8488 9625 1
248 6064 1
1082 7953 1
4344 8669 1
810 849 1
531 1434 1
7773 8367 1
3015 8272 1
3741 5932 1
2299 6604 1
5597 9229 1
2577 8046 1
7582 8018 1
3969 4069 1
161 1342 1
336 8513 1
6774 9013 1
4451 4752 1
564 8148 1
2687 8591 1
930 3775 1
4517 6503 1
7719 9420 1
3433 5937 1
4818 9649 1
5004 6621 1
1464 7092 1
5017 8546 1
795 1106 1
146 2912 1
6085 8387 1
2007 5799 1
7709 7951 1
541 5131 1
367 7984 1
1265 9134 1
1774 9011 1
1185 8616 1
1694 8493 1
5255 8310 1
898 8559 1
3692 5989 1
5306 6555 1
540 6599 1
2623 8175 1
3980 9839 1
565 1933 1
6977 7628 1
6213 6478 1
3341 8391 1
4695 9784 1
6678 7746 1
7468 7865 1
2748 4090 1
3450 4362 1
7028 9256 1
1022 1805 1
2205 6322 1
1818 5876 1
1231 2144 1
2282 3536 1
6265 7018 1
1105 2971 1
2440 4876 1
1767 6096 1
540 1472 1
5531 7962 1
4987 9030 1
1434 5132 1
2421 8017 1
8438 9241 1
7254 7505 1
5807 7079 1
7142 8230 1
3145 5604 1
614 640 1
1684 9444 1
848 5008 1
1132 2323 1
5691 6904 1
1376 2683 1
3146 6206 1
6128 6905 1
2633 9593 1
3846 5651 1
4699 9502 1
2937 3588 1
1448 7632 1
376 475 1
1845 4824 1
5281 5693 1
1447 5717 1
3662 7412 1
613 5491 1
2077 9496 1
4635 5703 1
2381 3491 1
545 4044 1
1431 6123 1
2725 3301 1
2033 8443 1
6207 9241 1
5023 7505 1
1434 7360 1
1566 3315 1
3792 7643 1
6459 7018 1
1342 8525 1
7415 8338 1
4841 6710 1
5727 8789 1
5484 9031 1
4290 6607 1
6941 7701 1
2963 3065 1
5189 7393 1
2312 8208 1
7522 7646 1
2319 6935 1
6749 6942 1
1605 8346 1
5717 9764 1
777 5491 1
569 6508 1
906 7591 1
4970 8029 1
6668 7542 1
6432 7265 1
1712 9906 1
6280 9123 1
2827 3177 1
1798 2510 1
3 7036 1
906 8530 1
4247 8573 1
6284 9996 1
1007 9336 1
1224 1457 1
3242 6802 1
6046 8892 1
1082 6477 1
1130 5205 1
1297 1935 1
1663 9640 1
4906 8394 1
1052 5322 1
892 1657 1
3512 7602 1
2779 5765 1
3281 6915 1
5614 7168 1
4850 6772 1
3626 8081 1
3910 5396 1
3842 8645 1
7412 9514 1
7443 8827 1
2223 9455 1
2474 6068 1
5240 7866 1
794 7134 1
1377 9404 1
1126 5621 1
3903 7608 1
5809 8548 1
1898 8352 1
1509 7079 1
5091 5299 1
2629 7110 1
3417 6402 1
4444 9652 1
1804 8690 1
1883 8983 1
2002 3979 1
264 5067 1
4846 7188 1
5047 9164 1
6072 8369 1
7803 9520 1
946 4872 1
4795 5156 1
5032 9041 1
5166 5823 1
4371 9524 1
2451 9440 1
3017 9851 1
696 2253 1
2041 4846 1
3897 7389 1
530 2715 1
6469 8190 1
2799 5427 1
1061 2351 1
1897 6787 1
1671 2280 1
2101 8280 1
2333 9569 1
7123 7667 1
3460 8327 1
1376 8778 1
6515 7784 1
7750 7765 1
1647 9241 1
723 6678 1
6213 8385 1
3467 4021 1
4891 6907 1
2482 7598 1
97 4903 1
6174 6178 1
2313 4379 1
5934 5937 1
2044 7372 1
3699 4529 1
8912 9900 1
6161 6882 1
4763 8600 1
2041 7074 1
1793 6972 1
1043 1556 1
6673 9659 1
2184 8291 1
4844 8939 1
3237 7100 1
179 9789 1
852 1961 1
2739 6069 1
1785 9713 1
1429 3662 1
7294 7498 1
62 9389 1
126 8650 1
1103 2711 1
4446 6799 1
3754 5525 1
1474 4344 1
4115 8914 1
5161 8996 1
3182 4545 1
4438 6157 1
4818 5624 1
1512 1603 1
5679 7646 1
278 8640 1
4638 7908 1
1236 6623 1
7392 8191 1
2440 9011 1
7087 7555 1
1834 9201 1
2185 7738 1
1598 4760 1
3096 7595 1
4197 7384 1
178 1993 1
4 4846 1
5344 9238 1
4664 9479 1
3639 3858 1
2474 8780 1
9251 9692 1
2857 8518 1
9008 9742 1
4161 8858 1
5348 7667 1
3605 8411 1
1523 5525 1
1418 4011 1
3830 6809 1
4492 6928 1
1285 3667 1
4650 8268 1
2816 3232 1
600 3564 1
2236 4643 1
5866 8761 1
4914 8314 1
2171 3467 1
3912 6060 1
2639 8416 1
8293 8834 1
7935 9126 1
4757 6795 1
3554 8981 1
4705 8325 1
7415 9090 1
271 2692 1
2623 2995 1
4878 8253 1
8784 9825 1
666 9637 1
6621 9229 1
3042 4110 1
72 8898 1
1457 8446 1
7866 8208 1
122 1845 1
3905 5239 1
6412 6611 1
5037 8505 1
183 7948 1
1885 4951 1
3325 4398 1
1878 6224 1
1501 4022 1
4486 8402 1
2884 6907 1
4833 5477 1
493 3451 1
402 1835 1
313 8179 1
6361 8716 1
3797 7776 1
3064 8945 1
4285 6584 1
7184 9692 1
3326 5158 1
4446 5189 1
189 5110 1
3413 7786 1
5536 6509 1
1606 6825 1
541 6501 1
1112 9700 1
7392 9614 1
2222 4879 1
346 8477 1
6845 7001 1
907 4572 1
97 5521 1
1547 7184 1
843 2867 1
573 3006 1
180 8939 1
2156 4259 1
5639 6637 1
1482 6008 1
1681 4905 1
3587 5091 1
1187 1364 1
2033 2324 1
8734 9842 1
2672 7909 1
5067 6596 1
581 7189 1
3064 4757 1
2281 7529 1
271 6209 1
1577 3212 1
2647 7852 1
5028 9085 1
3910 7437 1
1238 1302 1
1604 7287 1
437 2714 1
1144 7302 1
822 7251 1
6018 6791 1
3692 5265 1
1543 4567 1
8081 9435 1
3294 8602 1
5381 5416 1
2552 7211 1
6012 6222 1
8861 9775 1
5795 8439 1
1002 9289 1
1312 5573 1
1501 2062 1
2529 8920 1
1646 6358 1
1486 1939 1
2742 3551 1
3442 6406 1
995 9249 1
4713 9050 1
2048 8058 1
4190 4579 1
993 2006 1
1891 3156 1
7887 9919 1
5177 7464 1
3571 8479 1
1164 2827 1
4498 8115 1
4457 5862 1
6989 9708 1
1707 8704 1
683 8381 1
1022 7847 1
2725 3732 1
588 5111 1
569 9033 1
3199 7560 1
4133 8367 1
869 4572 1
979 4178 1
2224 9573 1
376 8611 1
8428 9869 1
183 4244 1
5004 8825 1
1346 2659 1
7003 9764 1
9372 9674 1
3489 9204 1
5239 7187 1
474 3669 1
2626 8048 1
6719 6972 1
1531 9013 1
1034 2545 1
4695 5222 1
2675 3214 1
3344 7510 1
4447 7372 1
2752 3434 1
7621 8995 1
658 3197 1
4980 6145 1
4257 4996 1
3498 4944 1
9289 9797 1
27 8992 1
5366 7120 1
844 5050 1
6243 7393 1
5081 9580 1
4880 5160 1
4112 9718 1
5989 9728 1
6020 9041 1
1130 6575 1
5727 7476 1
8208 9879 1
171 7401 1
436 4666 1
4629 4760 1
5322 9642 1
1845 2356 1
353 467 1
1652 1961 1
4933 5925 1
487 1221 1
2004 6550 1
679 7807 1
206 5143 1
1501 5929 1
8483 9525 1
3828 7865 1
1880 9897 1
1097 8505 1
1878 9070 1
3483 3666 1
153 6421 1
8171 8657 1
3723 7290 1
4509 8199 1
7365 9725 1
2566 9821 1
2212 5159 1
3626 7357 1
7423 7451 1
1241 8634 1
1533 8254 1
3531 4087 1
2123 9251 1
4372 4703 1
2740 4497 1
6821 8514 1
1403 5929 1
1019 5000 1
8407 9284 1
4142 7624 1
2858 6438 1
1614 3897 1
187 713 1
3469 9975 1
4097 7100 1
1265 2962 1
7268 8452 1
1416 5575 1
4069 9216 1
588 6884 1
1448 5298 1
1744 4128 1
2903 4087 1
1258 9338 1
4728 9037 1
569 5329 1
3330 6783 1
5128 5746 1
7476 8751 1
3971 6587 1
9041 9398 1
9115 9347 1
51 4585 1
5362 7081 1
216 6904 1
1081 1690 1
625 5611 1
2354 9133 1
5191 7199 1
2371 8548 1
3620 4263 1
6595 7955 1
8727 9238 1
3723 9868 1
1865 3492 1
3372 8887 1
796 8876 1
2732 3077 1
2272 7788 1
3786 7184 1
739 5898 1
1515 6119 1
1584 1752 1
4696 8159 1
5482 8314 1
2163 8784 1
971 7187 1
3966 5839 1
3603 5787 1
2560 5976 1
1894 6115 1
4691 4782 1
1169 2449 1
2906 9996 1
4986 5639 1
2312 9257 1
5218 6928 1
8012 8330 1
37 314 1
7189 9983 1
1222 8876 1
1898 7173 1
2349 3662 1
5611 6630 1
4513 6358 1
7016 9274 1
2301 7563 1
1241 6085 1
943 6428 1
3789 4048 1
2956 7265 1
41 1372 1
3145 3754 1
3459 9017 1
4710 6121 1
5876 6497 1
1963 6228 1
1168 9929 1
4647 5018 1
906 9929 1
6699 7473 1
1402 1465 1
1835 4730 1
1317 7019 1
319 8671 1
3830 4207 1
5700 7210 1
3993 7611 1
741 2887 1
901 4108 1
5142 6128 1
873 9230 1
6864 8479 1
350 787 1
5934 7791 1
2259 2964 1
342 5807 1
2185 3981 1
311 4242 1
1479 9417 1
1276 7368 1
2451 7106 1
699 6044 1
1568 2292 1
8880 9964 1
4052 9130 1
855 6557 1
4157 4228 1
1859 4161 1
6951 9013 1
896 7497 1
3981 7385 1
4958 8828 1
8664 9558 1
517 4468 1
5637 7396 1
7294 9352 1
983 3709 1
1700 8985 1
6081 6124 1
6693 9886 1
5143 7827 1
1021 4001 1
867 9950 1
6717 8028 1
3876 4336 1
5452 9336 1
3444 6399 1
476 1434 1
5721 8972 1
3429 7030 1
7040 7900 1
2807 8407 1
4230 8247 1
5735 9809 1
2969 9674 1
5820 7638 1
7778 8768 1
1510 3761 1
5276 7016 1
4393 4454 1
243 2744 1
896 9725 1
4920 9044 1
414 1845 1
684 9842 1
3667 9423 1
7621 8003 1
216 1106 1
4708 6909 1
5408 8983 1
3342 4378 1
558 1974 1
2772 6477 1
100 4314 1
1870 7837 1
4353 5405 1
3730 6180 1
8038 9230 1
5808 7412 1
1866 4685 1
8208 8887 1
5133 7997 1
21 988 1
616 8745 1
1452 9017 1
5211 6375 1
2537 9993 1
211 2051 1
873 7620 1
2387 7016 1
647 4833 1
6951 9497 1
2063 3694 1
5585 6027 1
3907 7920 1
1935 2196 1
5888 9219 1
4078 8741 1
62 2867 1
707 6015 1
619 7888 1
1314 3017 1
2585 8879 1
4870 8152 1
216 301 1
4782 8305 1
2507 2772 1
2558 8187 1
5101 5806 1
1209 1688 1
8939 9873 1
1255 6759 1
2277 9665 1
3665 6478 1
4374 5477 1
2918 5497 1
15 5091 1
784 4141 1
3081 4737 1
2738 7781 1
4792 8619 1
2970 9070 1
5184 7911 1
1285 5066 1
352 9587 1
1059 3033 1
9350 9565 1
4510 8906 1
236 5440 1
9272 9874 1
2071 6914 1
3764 8527 1
1037 6657 1
4459 7628 1
1115 9731 1
2135 9558 1
136 2011 1
552 8305 1
812 7478 1
1393 8921 1
7697 9421 1
7728 8734 1
9333 9746 1
1097 3675 1
1431 9213 1
7432 9904 1
1527 3259 1
1657 8967 1
2053 2551 1
98 5102 1
1237 9347 1
1870 2844 1
1486 5887 1
1737 3254 1
5040 6977 1
3055 9127 1
5288 5766 1
8918 9130 1
7082 9683 1
3672 7783 1
7099 9098 1
3 6154 1
3100 7557 1
4955 7054 1
1335 4378 1
1472 8059 1
1155 9106 1
6776 7132 1
4434 5073 1
9416 9757 1
2503 6520 1
2441 5642 1
4449 5381 1
7224 8985 1
1587 7982 1
2578 2907 1
2657 7926 1
5322 8918 1
1421 3748 1
2844 3588 1
7697 8616 1
4225 5838 1
3265 7028 1
4567 8985 1
6821 8945 1
6571 8016 1
4644 6761 1
3493 5165 1
907 4466 1
3845 9000 1
4635 4955 1
1670 7643 1
3829 6777 1
1243 6078 1
8583 9382 1
4739 6998 1
2421 9497 1
577 3773 1
3885 7086 1
354 9363 1
6125 7148 1
5084 7410 1
6627 8298 1
2086 8460 1
4278 6788 1
95 4938 1
852 4917 1
1774 6653 1
274 739 1
1810 6310 1
7704 8632 1
653 7151 1
524 4297 1
6888 9012 1
2829 8918 1
7201 7257 1
7323 8940 1
2213 4256 1
2094 7008 1
231 288 1
6091 6224 1
2634 8450 1
4636 9098 1
1845 9687 1
5890 7631 1
1551 2824 1
4696 5207 1
986 5267 1
4967 5670 1
6682 9294 1
2484 6412 1
7678 9289 1
1458 6016 1
7154 9289 1
2493 7629 1
2851 4893 1
6739 6795 1
4189 6315 1
1577 4395 1
1556 7490 1
7693 9008 1
3589 7451 1
5066 9971 1
2268 9389 1
2163 7121 1
4604 6907 1
3451 4484 1
3339 8215 1
7415 7724 1
2434 5894 1
8719 9562 1
1372 9251 1
319 4780 1
8851 9681 1
453 4780 1
1399 3692 1
513 5585 1
2436 2934 1
6575 6929 1
5951 9731 1
480 6576 1
65 3328 1
476 9086 1
4865 6840 1
1021 2204 1
1310 6279 1
2103 5915 1
119 3564 1
1640 3939 1
4965 7421 1
287 3148 1
1591 5740 1
5548 7247 1
6250 7519 1
684 6756 1
6188 6641 1
3925 8847 1
4159 6799 1
3572 7231 1
6667 7807 1
2694 8985 1
7639 8906 1
7697 8884 1
2296 9878 1
1379 6234 1
2406 6074 1
625 6526 1
1931 2775 1
1022 2964 1
1584 9083 1
2057 8549 1
832 7004 1
1692 7862 1
319 3975 1
1382 2718 1
484 5540 1
5477 6441 1
5674 7709 1
3126 7302 1
1488 3144 1
1431 2610 1
2196 6614 1
8111 9251 1
4508 9962 1
1995 8021 1
2277 8673 1
5642 9110 1
3309 6605 1
1117 1861 1
179 3564 1
7319 7746 1
122 3996 1
8179 8604 1
1973 9201 1
2133 7204 1
319 5264 1
635 9442 1
1559 9561 1
6719 9444 1
4016 8160 1
3580 8007 1
3773 5958 1
9667 9970 1
3547 6369 1
6033 9116 1
1455 2041 1
952 6116 1
5806 5919 1
2473 4239 1
4508 4835 1
6648 7699 1
3205 9823 1
1019 1861 1
38 9344 1
5296 7510 1
2376 3525 1
103 5043 1
1837 9663 1
1761 5881 1
283 6142 1
4374 9157 1
441 5038 1
35 4350 1
1418 3263 1
2851 5511 1
1288 7354 1
674 3519 1
545 665 1
3032 9464 1
3877 9290 1
1736 9207 1
5026 7807 1
2142 3479 1
4903 8905 1
4638 9388 1
7241 9502 1
2406 9941 1
1276 9222 1
3903 7478 1
3629 8407 1
8985 9360 1
2204 5296 1
2942 5225 1
376 1768 1
4818 5010 1
1478 4603 1
2894 3464 1
8774 9298 1
2864 8725 1
6907 8286 1
3547 6503 1
1236 6009 1
6313 7547 1
4720 5606 1
4207 8239 1
922 7539 1
8157 9329 1
280 1656 1
3461 7668 1
4345 6668 1
6265 7506 1
7801 9667 1
2772 6103 1
7870 9272 1
2460 2606 1
7475 9682 1
3800 4101 1
2528 4430 1
8460 9488 1
5189 8686 1
5518 7464 1
1447 1883 1
2128 4496 1
584 9587 1
1004 7729 1
4006 5108 1
4222 8870 1
542 2945 1
7857 7882 1
6026 8779 1
6126 9949 1
1622 3577 1
2053 6015 1
3281 7269 1
809 4228 1
2405 9850 1
7209 8600 1
7047 9770 1
3294 9948 1
4359 7074 1
4975 9292 1
44 3607 1
5331 8927 1
1981 3106 1
5396 9322 1
126 7581 1
5026 8291 1
1317 3880 1
1029 2659 1
3666 6329 1
1673 6144 1
2772 5298 1
5358 9969 1
2230 7001 1
7 7108 1
702 1483 1
35 2740 1
697 7555 1
39 9275 1
361 2910 1
2698 6288 1
1963 4378 1
709 1149 1
1097 9367 1
8208 8647 1
4512 9359 1
3183 6710 1
261 6062 1
2962 5021 1
684 4475 1
551 7329 1
3579 5929 1
907 3958 1
8059 9463 1
1011 8253 1
2568 8285 1
1281 5862 1
7788 8411 1
1845 7890 1
5565 6074 1
8947 9336 1
1146 3193 1
404 8972 1
4504 6623 1
223 7648 1
4746 8600 1
3017 5078 1
6976 7220 1
4973 5381 1
2901 4903 1
695 3671 1
31 4445 1
6931 9140 1
288 5764 1
3397 5484 1
2812 6551 1
7082 9309 1
4612 9724 1
1895 8542 1
2464 8470 1
5795 7825 1
3298 8107 1
4418 8138 1
4795 5644 1
8838 9177 1
2778 8071 1
987 3671 1
2542 9292 1
756 5236 1
6642 6943 1
3025 7948 1
6499 9109 1
105 1519 1
423 5026 1
2274 3061 1
2386 3302 1
8159 9993 1
3727 9159 1
2421 5740 1
2316 4226 1
2968 8353 1
506 3748 1
1385 7100 1
1480 1510 1
655 4780 1
8814 8941 1
617 8460 1
2448 8317 1
1256 4246 1
7941 9541 1
2628 6972 1
7939 8714 1
4422 4473 1
1316 2018 1
1302 6284 1
5775 8647 1
3953 9098 1
913 1813 1
1071 9569 1
1007 1448 1
556 5713 1
1241 3564 1
2729 7963 1
8429 9480 1
8127 8361 1
1553 4590 1
3748 6599 1
2141 4760 1
4379 8159 1
1934 4467 1
2300 8954 1
1323 5067 1
2687 7148 1
285 9010 1
254 3281 1
1921 5925 1
1131 3554 1
4727 6398 1
6399 7134 1
389 473 1
51 8025 1
2876 4576 1
949 3513 1
5231 9314 1
5026 5876 1
1499 3199 1
1720 8271 1
5801 8124 1
1150 5674 1
1167 5843 1
2142 8903 1
4269 6836 1
1774 8507 1
859 1526 1
5540 7036 1
9862 9984 1
1670 9847 1
2790 9878 1
796 6839 1
3905 9565 1
4168 6003 1
3841 5608 1
4467 8514 1
1807 7866 1
1772 8811 1
2782 6984 1
3434 4695 1
717 7485 1
5956 7853 1
1374 5540 1
2253 6640 1
2692 8030 1
1188 7070 1
3631 9181 1
1162 3405 1
2027 4607 1
2440 4022 1
7221 9736 1
2374 8098 1
2923 4930 1
1331 1871 1
6876 9701 1
6286 6452 1
3832 8124 1
81 5931 1
1535 5084 1
23 99 1
5958 8084 1
1803 1866 1
3 8492 1
2210 7882 1
4825 7067 1
3030 7621 1
5253 8268 1
4869 4895 1
479 9360 1
4569 4603 1
4686 5188 1
7265 8880 1
4955 9742 1
953 3766 1
6796 7089 1
177 8271 1
2071 9386 1
161 7738 1
2811 3534 1
844 7014 1
2907 3242 1
5610 9444 1
4340 5682 1
288 7321 1
1284 9006 1
5637 7103 1
2772 3017 1
1361 9226 1
8460 9435 1
4033 8945 1
3885 6041 1
6314 9008 1
7782 8059 1
5766 6170 1
5991 6288 1
5585 5600 1
1200 8719 1
417 7327 1
995 9253 1
1265 2698 1
2860 3022 1
6425 6745 1
535 7548 1
2705 6117 1
1982 9694 1
2075 5721 1
215 5880 1
1607 3401 1
6524 7690 1
1338 7148 1
4906 9634 1
3032 3479 1
38 1265 1
392 9899 1
2321 6127 1
6600 8439 1
3704 9012 1
94 8744 1
6743 9656 1
4274 9542 1
530 5110 1
907 9032 1
2440 4506 1
705 3421 1
2960 8679 1
479 9494 1
420 5881 1
709 9956 1
5451 7074 1
2839 8160 1
4389 9465 1
4685 8295 1
2393 5599 1
1927 2416 1
2214 5856 1
2413 7005 1
1945 4685 1
2953 4475 1
785 3535 1
7908 9056 1
2440 8828 1
1642 2432 1
914 3945 1
850 6404 1
1380 3186 1
3604 9131 1
6401 7044 1
4259 8079 1
2468 3679 1
5979 9795 1
2044 9767 1
3878 8387 1
3780 5600 1
9289 9801 1
7711 8892 1
3346 9280 1
866 9731 1
1138 7221 1
5759 8516 1
926 3366 1
6079 8686 1
8140 8251 1
1844 7612 1
794 6630 1
5703 6894 1
1871 6025 1
5037 7033 1
5124 7187 1
2347 3510 1
3274 5590 1
2653 4748 1
2897 3388 1
361 2052 1
2740 5656 1
8218 8292 1
44 655 1
4164 6098 1
1786 8546 1
5511 7074 1
1433 6738 1
3150 8937 1
110 1652 1
941 4024 1
6789 7691 1
10 4454 1
655 3438 1
505 6877 1
5056 7433 1
1938 5153 1
5577 8825 1
4320 4359 1
3017 9347 1
5575 7998 1
5008 5699 1
8539 9057 1
953 6478 1
4783 6520 1
3554 5765 1
7188 9093 1
123 1298 1
2184 3115 1
1518 3254 1
1228 7622 1
5120 5324 1
1192 5713 1
2484 9234 1
3320 9506 1
4220 5067 1
763 7293 1
6 898 1
2743 8182 1
1621 5072 1
289 5158 1
158 4675 1
2854 8952 1
283 9285 1
4824 5181 1
314 9352 1
2451 7781 1
4137 4251 1
1678 4825 1
1700 5338 1
315 9762 1
6526 7065 1
1537 7037 1
231 7782 1
7294 9088 1
1210 6642 1
4429 8974 1
1043 7468 1
898 4835 1
1127 2443 1
4074 4087 1
1737 2372 1
3084 9764 1
2005 3126 1
5396 8948 1
110 4230 1
4597 9497 1
4196 9153 1
3779 5078 1
2807 5699 1
7041 8800 1
4 3053 1
3479 9512 1
3486 8239 1
6459 7132 1
8511 9587 1
4659 7342 1
853 9414 1
443 9516 1
2781 3697 1
2893 3938 1
2561 3199 1
207 2069 1
2578 2614 1
3161 7890 1
3985 6085 1
3768 8302 1
1256 3388 1
707 4112 1
5637 9360 1
1192 9230 1
6168 6552 1
1115 8983 1
1165 8346 1
284 6611 1
1237 7660 1
2378 8568 1
2347 2839 1
387 5046 1
5084 7117 1
4800 8112 1
3287 7598 1
104 8895 1
4180 8404 1
1885 2219 1
25 8602 1
2817 8615 1
2053 8219 1
606 3629 1
3679 3692 1
3228 7957 1
1743 7239 1
2020 5827 1
380 7258 1
924 3938 1
2880 4241 1
6673 9289 1
6026 9478 1
7399 7703 1
2318 4703 1
2784 9606 1
2280 8383 1
2344 3672 1
780 1715 1
5527 5593 1
3744 5972 1
427 6515 1
688 2126 1
3 8439 1
2006 4616 1
822 2880 1
395 7731 1
7074 7354 1
2124 4837 1
2716 6469 1
1310 1880 1
4121 9113 1
7082 8935 1
4570 8185 1
358 1433 1
6330 7610 1
5296 6599 1
855 2239 1
5655 8195 1
206 5765 1
3316 7373 1
1931 5381 1
790 4473 1
3343 9196 1
6206 8483 1
7383 9048 1
2434 3723 1
823 3640 1
3660 5870 1
2388 8451 1
3257 4699 1
1447 4221 1
9700 9707 1
3272 7451 1
550 5925 1
5691 9730 1
4124 7667 1
7833 9634 1
3881 6219 1
7549 9875 1
8282 9460 1
5429 6697 1
2912 5603 1
5276 8175 1
3679 6270 1
3471 7287 1
4751 5321 1
1407 7424 1
426 2075 1
2833 8693 1
763 4878 1
126 9919 1
6459 8905 1
962 3775 1
5700 8853 1
6658 7802 1
2654 7415 1
3676 4659 1
919 8774 1
1778 4334 1
2318 8220 1
4300 6738 1
3388 3438 1
2599 8647 1
5672 9464 1
2143 6152 1
8302 9681 1
4825 6559 1
3959 9828 1
3675 4407 1
3704 9309 1
2319 9761 1
1130 1265 1
6121 7755 1
38 8917 1
5120 9109 1
1477 6449 1
1238 1737 1
7299 8895 1
3675 8729 1
8207 8481 1
2942 6892 1
4831 8417 1
7964 8531 1
3934 7677 1
7411 8547 1
4142 4408 1
1883 4104 1
212 3970 1
1130 2554 1
2318 7415 1
4876 7786 1
86 2518 1
471 7055 1
1770 8549 1
6515 8382 1
932 5198 1
880 5008 1
383 8928 1
5056 6441 1
4567 9660 1
283 588 1
6819 8793 1
5774 5903 1
5120 7365 1
6178 9928 1
1187 7410 1
464 2851 1
435 6085 1
5686 7776 1
5983 9460 1
7898 9954 1
8242 9764 1
5551 7551 1
1186 3775 1
136 8647 1
7468 7926 1
7089 7341 1
1012 3622 1
7547 8219 1
8902 9056 1
7097 8922 1
4884 7273 1
785 6060 1
6575 8059 1
907 5491 1
3725 9731 1
5070 9880 1
3375 9352 1
5523 9825 1
2610 4567 1
5881 7089 1
7806 8271 1
1297 4895 1
832 6256 1
200 7477 1
367 4207 1
3419 9809 1
4171 9444 1
3976 5004 1
4351 8099 1
4736 8664 1
3401 8479 1
1232 6348 1
2139 7052 1
2638 4521 1
1655 8925 1
879 2288 1
292 4972 1
4005 4429 1
3979 9624 1
3070 9813 1
1592 7822 1
5164 5354 1
422 1820 1
1356 9043 1
4682 8054 1
2075 2314 1
717 7595 1
166 7492 1
7151 8353 1
5196 5242 1
4700 7290 1
7969 8985 1
8741 9996 1
1437 4659 1
1374 3556 1
2218 7853 1
193 9665 1
2860 4876 1
1929 7750 1
1246 2058 1
243 3366 1
2818 7848 1
2372 5287 1
1369 6595 1
6754 6788 1
4496 9338 1
76 3603 1
1909 5004 1
808 2771 1
3853 3984 1
1616 3439 1
6456 8070 1
117 6795 1
2629 9265 1
6426 9359 1
2319 8285 1
8005 9904 1
9516 9591 1
464 2180 1
1878 4378 1
1907 9280 1
7184 9940 1
6747 9939 1
3481 9481 1
594 9608 1
5752 8102 1
2801 9722 1
996 8834 1
2054 7987 1
1023 7247 1
569 4825 1
4127 6623 1
1224 2807 1
3254 7223 1
8658 9156 1
790 7453 1
1810 6314 1
375 7211 1
7885 9206 1
2634 7515 1
7212 8174 1
6121 6629 1
8616 9684 1
1200 9768 1
1472 7258 1
6112 8795 1
1447 9645 1
2223 9866 1
1189 4691 1
4365 6387 1
6018 9133 1
619 4538 1
906 3814 1
5429 8738 1
524 1268 1
1028 7217 1
8187 8231 1
1898 6319 1
1211 7833 1
5621 6464 1
2453 7295 1
1075 2310 1
591 9845 1
85 7987 1
1482 6606 1
2077 7947 1
1220 6606 1
3911 6567 1
1881 3871 1
2767 5950 1
3486 5637 1
3918 5294 1
2381 8358 1
590 3958 1
3227 9318 1
1023 9475 1
6245 7984 1
121 4419 1
694 6001 1
5601 7882 1
4825 5217 1
4993 7245 1
8539 9972 1
5270 5833 1
3002 3723 1
1034 2659 1
294 6067 1
1548 9296 1
743 4173 1
7210 7323 1
1174 6611 1
2282 4565 1
1332 7197 1
1655 8604 1
2094 2824 1
1123 4579 1
2246 8291 1
2272 3096 1
3440 8271 1
668 4938 1
814 7207 1
1894 7205 1
6705 9258 1
4207 4242 1
5012 9365 1
3150 8697 1
1255 5637 1
6561 7035 1
1537 4569 1
2989 7059 1
2419 6906 1
3814 8862 1
5032 5264 1
1617 3774 1
113 5066 1
2283 3635 1
6546 9386 1
3719 5592 1
5166 6018 1
7316 7318 1
7935 9053 1
2393 8876 1
5249 7184 1
5667 7697 1
6207 6887 1
1861 3353 1
1955 8650 1
4056 5362 1
3438 4037 1
3085 4673 1
5676 9880 1
270 7120 1
7971 9649 1
2880 5961 1
6316 6830 1
2393 5843 1
7575 9649 1
3594 6994 1
3394 6182 1
2731 5838 1
1200 4775 1
2748 5253 1
4470 5352 1
339 3692 1
6691 9336 1
4743 6450 1
1090 7798 1
610 745 1
9276 9810 1
1320 8260 1
5091 7133 1
1163 8276 1
4072 5464 1
9237 9855 1
3554 7753 1
5763 6250 1
4278 9504 1
9405 9439 1
8371 8428 1
3978 9212 1
1313 8220 1
7216 8376 1
148 6726 1
2574 3760 1
51 6793 1
7724 8028 1
3359 8416 1
2432 6336 1
3400 5973 1
788 7059 1
991 2692 1
1805 3205 1
7269 8387 1
1477 8035 1
3638 4798 1
7998 8038 1
4870 5070 1
931 8276 1
6079 6836 1
399 8415 1
669 3580 1
106 5160 1
350 3800 1
1028 6896 1
7199 9496 1
3832 8986 1
3608 9278 1
2486 6922 1
5371 5968 1
5376 8032 1
2475 4289 1
732 9005 1
1907 4771 1
2210 8744 1
1198 6526 1
757 6783 1
345 7778 1
7284 9984 1
1685 9273 1
3650 7410 1
2029 3421 1
1681 6121 1
4043 7112 1
1448 4607 1
7790 9563 1
2692 7148 1
1487 8507 1
2793 4756 1
6759 8823 1
4601 9325 1
4938 5712 1
4256 5126 1
1374 5597 1
3557 9289 1
4901 5830 1
2974 4767 1
4228 4798 1
7052 9984 1
4569 6754 1
8285 9892 1
3368 7323 1
582 8256 1
62 5746 1
5600 8433 1
7095 7587 1
3184 8145 1
7421 8511 1
1246 8421 1
1256 9109 1
1533 7697 1
279 5222 1
7985 8095 1
289 3658 1
3482 7021 1
2082 2277 1
619 5290 1
4476 6189 1
2676 6399 1
3588 7447 1
4109 4675 1
6779 7731 1
951 9412 1
239 9206 1
2819 7616 1
1871 4659 1
5596 9603 1
4144 8833 1
3433 9007 1
696 8893 1
2705 8268 1
16 274 1
4284 6369 1
3864 9193 1
5722 9153 1
1625 8575 1
216 2025 1
8187 9333 1
5661 8685 1
4787 5677 1
4728 8480 1
5010 7412 1
1192 3997 1
741 1846 1
3022 8325 1
2318 7980 1
3397 5004 1
2772 7396 1
7163 9949 1
698 6845 1
1376 3525 1
6551 8604 1
4 8908 1
7951 8460 1
1123 2298 1
1921 2278 1
987 3191 1
2888 3033 1
6306 8958 1
6196 7100 1
2261 9516 1
1652 5271 1
1994 9172 1
1813 6128 1
7639 7784 1
266 2088 1
6312 8214 1
5813 6581 1
735 7262 1
257 4254 1
7323 9241 1
4269 6222 1
456 9567 1
5724 8983 1
803 7396 1
1230 2545 1
3 173 1
3738 5805 1
737 2612 1
8405 9919 1
1937 6544 1
2553 8762 1
3902 5647 1
1765 7026 1
1001 6630 1
199 5188 1
7430 9488 1
1050 1796 1
4737 6448 1
4193 9768 1
2698 4198 1
2078 8654 1
7405 8677 1
3516 7274 1
2749 4917 1
1890 2941 1
6174 9569 1
3477 5067 1
4043 7730 1
89 7652 1
4331 8362 1
1931 3881 1
2182 5220 1
220 9798 1
1042 7920 1
443 2673 1
7311 9365 1
52 4737 1
4140 9733 1
5852 7424 1
4441 8907 1
5306 7665 1
6942 8744 1
120 7123 1
2011 2305 1
2281 3886 1
4106 7870 1
8287 8893 1
7335 8446 1
2799 4980 1
8029 9766 1
8385 8647 1
7456 9904 1
439 5533 1
6117 7291 1
4073 8861 1
3672 5319 1
4640 7962 1
2047 6284 1
1550 3034 1
1080 3085 1
6821 8575 1
3817 3953 1
4563 4709 1
2615 6741 1
4760 9949 1
173 1068 1
4429 5648 1
506 7135 1
492 7237 1
2345 6099 1
640 7135 1
311 8357 1
6727 9098 1
2484 7197 1
1192 3676 1
4555 7450 1
2468 4220 1
118 2300 1
7750 9196 1
4902 9251 1
6058 8939 1
4007 5366 1
705 5251 1
2966 3184 1
6233 7250 1
5396 9005 1
2621 6155 1
6086 7200 1
544 1361 1
8243 9479 1
1543 8979 1
2262 6222 1
2468 8542 1
1883 3193 1
4088 6644 1
2405 7439 1
2597 5165 1
3330 4750 1
709 9692 1
8407 8540 1
1824 2963 1
0 9003 1
370 7782 1
1970 9204 1
2923 6089 1
1787 9497 1
6233 8539 1
1947 2804 1
761 6849 1
7624 9033 1
2833 8266 1
3884 8692 1
971 7598 1
1372 1526 1
4121 7881 1
3388 6044 1
5516 5865 1
3978 9293 1
354 2711 1
187 319 1
3798 7605 1
999 4169 1
1556 7470 1
3421 5403 1
685 3979 1
50 5683 1
8814 9429 1
4473 6239 1
3802 6034 1
5982 6045 1
1598 2219 1
3270 9179 1
257 6161 1
4314 5428 1
1165 8753 1
3457 9005 1
6440 8586 1
4515 5152 1
1228 3625 1
49 7151 1
2946 6988 1
1805 6080 1
4728 9582 1
6085 7082 1
247 8075 1
1630 8708 1
6102 8217 1
3450 8184 1
189 9790 1
2520 9216 1
2071 2974 1
7420 9926 1
689 3697 1
4443 9571 1
4438 9227 1
2941 6994 1
3028 7148 1
3936 5044 1
849 6049 1
5393 7878 1
257 1973 1
1303 2055 1
2753 7882 1
196 4703 1
8155 9742 1
932 4771 1
97 8107 1
3328 5346 1
2072 2236 1
313 2255 1
4554 8247 1
2912 9043 1
5314 5491 1
6 2512 1
102 2974 1
1319 6321 1
956 6269 1
1092 7096 1
3483 9017 1
1374 6028 1
135 8749 1
2795 2981 1
5188 9701 1
2945 5958 1
606 1726 1
1106 6213 1
4337 7616 1
6391 8454 1
6673 7386 1
4746 6323 1
3290 6343 1
907 6003 1
3723 9608 1
1034 8030 1
2319 3402 1
1938 5962 1
1241 4536 1
1024 5999 1
2027 9417 1
3546 4993 1
1206 1317 1
848 1609 1
829 5531 1
3802 4424 1
440 4258 1
3466 4475 1
2962 7416 1
6668 7392 1
6031 9989 1
2027 6384 1
2015 4869 1
392 8159 1
1693 4818 1
1510 5111 1
7258 7608 1
1389 7036 1
3483 4829 1
7216 8136 1
6046 6298 1
2400 5619 1
2484 7010 1
4853 9172 1
1095 9972 1
2007 6856 1
8985 8990 1
2667 9346 1
386 2867 1
7044 8029 1
597 5531 1
1805 5409 1
237 2744 1
4549 5004 1
1931 7211 1
1012 9156 1
1989 4937 1
5464 8952 1
691 3853 1
3060 6015 1
4288 4825 1
1358 4316 1
5802 8947 1
7591 8548 1
5392 6043 1
7121 9565 1
6436 7018 1
3719 5836 1
3139 7247 1
2581 9171 1
3001 3341 1
855 9330 1
624 8643 1
712 5080 1
6080 7356 1
1979 7036 1
3061 6775 1
6449 6664 1
6074 6787 1
3704 9850 1
2440 5933 1
7150 8963 1
7176 7932 1
908 2925 1
1332 6636 1
2399 5343 1
3228 6888 1
1602 8217 1
3529 3618 1
5046 6695 1
4504 9152 1
3165 5785 1
1584 9331 1
6434 9924 1
2568 7781 1
5949 6499 1
2708 9481 1
8418 9242 1
999 7365 1
4930 9903 1
2069 4835 1
3445 8993 1
2793 4866 1
5847 7885 1
1712 2319 1
1168 9803 1
1345 7221 1
497 5434 1
3281 7838 1
3117 9127 1
5008 8281 1
3433 6889 1
1976 5775 1
2530 2951 1
4448 9378 1
153 9007 1
7009 7014 1
2272 3824 1
6802 9919 1
4347 5539 1
2793 9188 1
718 5029 1
5434 7342 1
126 5117 1
4618 6756 1
7 3705 1
5693 7044 1
8368 8724 1
2301 9665 1
2824 9440 1
3058 7392 1
6788 8708 1
1244 7704 1
243 3423 1
105 7431 1
387 4111 1
3119 4635 1
784 7719 1
6131 9118 1
1694 3968 1
6792 7137 1
639 5086 1
2210 2572 1
1027 6888 1
7054 9766 1
731 5614 1
4213 6828 1
6327 7717 1
1112 5683 1
3672 9133 1
2142 9204 1
3720 4451 1
931 949 1
4611 6874 1
6042 8487 1
439 3870 1
2204 4605 1
9685 9834 1
3694 4169 1
292 8546 1
7888 9561 1
624 4589 1
3294 6679 1
999 4466 1
1083 5103 1
183 3126 1
6045 6691 1
2764 3481 1
1654 1694 1
873 1883 1
5284 9976 1
119 5585 1
3663 7485 1
6320 8616 1
2037 9568 1
6545 8734 1
6216 9956 1
8220 8987 1
823 2705 1
6341 6460 1
2719 2957 1
6547 8780 1
2464 4128 1
1402 8239 1
1987 4728 1
2319 7187 1
5228 6819 1
5052 6593 1
2440 8645 1
7290 9992 1
3596 4169 1
4465 4581 1
7403 9869 1
7100 7616 1
739 2418 1
4744 9631 1
1805 7316 1
3606 9960 1
3544 9082 1
4686 8872 1
3769 5228 1
1479 3359 1
4715 8112 1
5362 5479 1
4665 6305 1
5328 9278 1
3938 5976 1
6587 8155 1
212 7223 1
3617 8779 1
2480 2917 1
2925 5253 1
1636 8419 1
91 6704 1
4748 8410 1
235 5894 1
746 2434 1
7220 9007 1
1291 4220 1
5072 5501 1
2679 2753 1
92 7279 1
1052 9307 1
6262 8745 1
5377 9520 1
4635 8883 1
676 9959 1
564 7274 1
3131 5479 1
4297 9827 1
2888 3277 1
3977 8159 1
358 1921 1
7 7356 1
6015 6774 1
619 8112 1
5770 6189 1
8972 9106 1
1845 6849 1
1086 6043 1
1384 3256 1
5518 9351 1
2583 4334 1
4057 9027 1
4002 6876 1
6316 6887 1
2683 4915 1
1652 3421 1
1483 6618 1
533 6998 1
376 9266 1
4397 5870 1
4204 8673 1
2363 8882 1
436 7065 1
6561 9320 1
5453 8360 1
2146 3929 1
3696 9206 1
1853 8780 1
726 1162 1
6114 7288 1
1510 2964 1
4018 6224 1
35 7660 1
4952 7785 1
5067 5291 1
523 4216 1
1901 2785 1
8181 8361 1
1061 7275 1
2754 8888 1
3662 4310 1
6341 9172 1
3629 8334 1
4343 7677 1
2481 6255 1
6254 9927 1
2106 2436 1
4265 5542 1
1906 4068 1
7415 8269 1
479 8990 1
902 9847 1
1551 1625 1
5888 9577 1
284 2106 1
3830 4833 1
6727 7114 1
3250 3992 1
1660 7984 1
7184 8521 1
713 1465 1
7232 9501 1
843 7173 1
1307 5587 1
5522 9604 1
5453 7555 1
5327 9136 1
1614 3263 1
664 5895 1
907 3401 1
1158 7184 1
6080 7653 1
1900 7040 1
6112 7376 1
4398 5640 1
2189 2447 1
1719 6470 1
7787 8383 1
953 4685 1
2106 4664 1
1211 3031 1
4554 7873 1
4053 9577 1
2711 5003 1
164 3478 1
6017 7489 1
2323 6584 1
2901 4346 1
485 6310 1
3964 5563 1
1162 3519 1
1891 3140 1
2739 8899 1
1452 6476 1
714 6547 1
7252 9163 1
3126 7847 1
6906 8526 1
237 3175 1
4328 5436 1
682 5511 1
984 7539 1
5318 9558 1
6777 9055 1
4129 7478 1
2300 2786 1
1849 7051 1
1851 4680 1
2685 7323 1
7915 9857 1
2808 9608 1
743 3693 1
705 3401 1
6723 6725 1
1582 7646 1
5145 5816 1
284 9006 1
6323 9989 1
910 5496 1
4002 6555 1
1793 5614 1
5404 5518 1
1216 6734 1
1295 3617 1
2551 4475 1
6930 7957 1
489 8657 1
1019 5439 1
100 7384 1
1519 9926 1
1130 2237 1
2406 2781 1
3538 6047 1
126 9736 1
81 8273 1
5590 6058 1
813 9885 1
3721 4219 1
968 1128 1
887 3418 1
2358 2740 1
257 3022 1
5317 5899 1
5523 8219 1
8317 8867 1
8692 8744 1
3191 4404 1
4920 7926 1
2953 3300 1
3283 4932 1
8539 8687 1
3926 8007 1
444 3787 1
7575 9169 1
2484 5481 1
8387 9047 1
5780 9723 1
2184 5189 1
3237 3998 1
2010 5790 1
1602 9937 1
348 7462 1
4515 8779 1
1614 2592 1
220 4244 1
757 6169 1
855 2540 1
9383 9951 1
4615 9168 1
23 697 1
7575 9519 1
1192 2310 1
1011 3992 1
918 7965 1
4177 5000 1
1019 8017 1
1835 2941 1
4567 5155 1
506 6708 1
4967 6028 1
471 5933 1
4757 8470 1
6679 7691 1
3661 7335 1
949 4245 1
780 6688 1
2480 2864 1
353 9095 1
7316 8477 1
6736 9888 1
3467 7469 1
1285 2659 1
2434 8346 1
2172 8346 1
3072 3907 1
4089 6469 1
2072 8896 1
5606 6136 1
3001 5195 1
6848 7096 1
3773 7926 1
1942 8823 1
6 9172 1
6224 8400 1
5009 5099 1
554 8977 1
5650 6593 1
7028 9134 1
2687 3692 1
629 6118 1
6174 7532 1
4534 4991 1
1860 8609 1
5160 8651 1
3713 4061 1
392 7114 1
5583 6310 1
4566 7912 1
220 4378 1
3924 8445 1
5904 9334 1
6021 9919 1
1561 9481 1
8314 9053 1
288 348 1
3890 5828 1
1361 2253 1
853 9394 1
5944 7420 1
5920 6080 1
1684 9322 1
3043 7649 1
701 5590 1
1229 9681 1
8651 8823 1
2908 4980 1
7293 7688 1
2448 7439 1
674 8870 1
2623 9692 1
89 3521 1
7967 9884 1
1945 8316 1
1334 8162 1
1320 1848 1
4981 5279 1
4124 8102 1
5055 5228 1
9449 9742 1
4955 8030 1
3747 5900 1
5978 8128 1
2387 3938 1
3061 7824 1
2510 8475 1
1963 5862 1
3788 9092 1
1591 4004 1
6878 9324 1
4032 9452 1
6119 6266 1
6745 9926 1
162 5847 1
771 9338 1
692 2629 1
4687 5182 1
2572 6320 1
4024 8810 1
8044 8387 1
2705 6849 1
1774 9723 1
7044 9212 1
91 4102 1
7236 9382 1
5328 7615 1
48 1022 1
1238 6710 1
5436 7148 1
3992 6239 1
3099 9405 1
3061 9113 1
1712 3368 1
201 7653 1
5808 5973 1
2069 2851 1
2196 4878 1
5004 6178 1
1932 2553 1
1011 3671 1
5572 8325 1
2286 4771 1
5006 6224 1
5197 9202 1
40 7146 1
3500 4437 1
2923 9529 1
1433 1859 1
1106 1464 1
2988 5982 1
5722 6579 1
971 1239 1
5024 9432 1
957 3061 1
521 8358 1
2057 5069 1
3162 4068 1
3299 6783 1
2826 4119 1
6015 8494 1
280 6202 1
344 5463 1
6500 9475 1
3807 6435 1
4595 5727 1
1312 5854 1
407 3533 1
1090 2809 1
3956 9941 1
2318 8789 1
4121 8288 1
4377 9971 1
5012 6015 1
4062 8647 1
638 6849 1
2893 9663 1
6520 7848 1
61 6279 1
2909 3191 1
545 5345 1
2126 2553 1
6451 9182 1
164 1681 1
1573 5787 1
3833 8945 1
3315 5572 1
5400 7975 1
5271 9285 1
6074 9609 1
2724 8514 1
4668 9746 1
2906 3832 1
4069 8663 1
2646 4659 1
3064 5172 1
4246 6081 1
7241 8705 1
6112 6868 1
2440 5722 1
153 4124 1
1457 5962 1
7833 9748 1
739 3467 1
775 7096 1
8058 9866 1
6432 7977 1
5019 8633 1
7 5238 1
1385 7779 1
1844 7539 1
4031 6277 1
7279 9347 1
901 2482 1
101 177 1
3798 4763 1
2260 2529 1
126 7589 1
3747 9901 1
392 3544 1
3979 7026 1
550 4884 1
7198 9358 1
7611 8773 1
4352 5322 1
2750 5547 1
184 6978 1
4871 8361 1
700 4828 1
1402 5100 1
6274 7926 1
7667 9055 1
697 4530 1
4439 4917 1
7018 8609 1
3427 8391 1
552 3617 1
1574 3113 1
4798 5789 1
7967 8758 1
1785 3525 1
6265 7059 1
723 2718 1
4635 9932 1
4396 5220 1
4513 5805 1
6901 8963 1
7415 9184 1
2236 6615 1
1797 9951 1
2041 8591 1
4496 9773 1
3058 4737 1
5583 7412 1
1123 6974 1
514 3483 1
6830 7218 1
1288 7041 1
1300 6112 1
2504 6780 1
6747 9435 1
501 4187 1
7770 8779 1
5786 7182 1
5461 7422 1
361 7590 1
2933 6139 1
7210 7624 1
2714 7529 1
1606 6569 1
5396 7936 1
2461 7083 1
1843 8202 1
1110 9371 1
432 7241 1
136 8411 1
4117 7094 1
6951 9615 1
1292 1683 1
5526 8948 1
7718 8030 1
4249 4769 1
902 3191 1
4685 7551 1
6638 8337 1
454 2277 1
449 1933 1
684 2739 1
3175 3578 1
3396 9404 1
6314 8398 1
1737 4177 1
7421 9133 1
2956 8351 1
776 2678 1
3501 7885 1
48 1185 1
5887 7018 1
796 3330 1
5600 9405 1
1230 9449 1
182 2878 1
4791 9266 1
1024 4096 1
7648 7984 1
6920 9497 1
3510 7597 1
1431 8392 1
3315 9573 1
7878 8446 1
4187 9502 1
259 5727 1
4068 7336 1
3406 8937 1
7258 8738 1
6112 7486 1
637 9285 1
3958 9450 1
6265 8482 1
5592 9702 1
2999 3860 1
103 8597 1
3183 4169 1
206 7786 1
586 7253 1
2742 6678 1
5066 7377 1
4211 4611 1
4763 5124 1
2304 6452 1
6314 7593 1
8370 9258 1
1640 9855 1
3696 7356 1
1313 9460 1
5310 8676 1
6726 7537 1
1237 6432 1
8389 8719 1
523 1427 1
6849 8102 1
1106 3505 1
7996 9956 1
97 6688 1
155 1940 1
8159 9196 1
4222 4369 1
705 6544 1
6603 9766 1
1004 9055 1
2248 8398 1
2447 5575 1
3280 6330 1
126 2141 1
6165 7096 1
7290 7471 1
707 1140 1
6114 9760 1
1610 3388 1
6503 9535 1
6355 6439 1
6623 9637 1
541 1602 1
1568 5606 1
1007 3095 1
4577 6408 1
1867 3953 1
4178 4447 1
5107 9606 1
1237 7721 1
5511 5525 1
40 7443 1
391 5980 1
2710 6335 1
3538 6746 1
1841 3671 1
1712 7987 1
2906 7967 1
4970 9493 1
3198 9307 1
3320 7018 1
2764 6571 1
634 2705 1
2724 9616 1
1241 3117 1
3978 9647 1
2584 8855 1
7074 7415 1
4844 5597 1
5317 9981 1
4520 8883 1
1297 9815 1
77 5416 1
1209 4518 1
75 5343 1
5209 7415 1
3903 4750 1
2711 3153 1
1193 2295 1
7063 9885 1
7135 9007 1
4375 7189 1
1008 6679 1
6672 7785 1
4826 7650 1
2042 4492 1
3291 6623 1
1930 5971 1
4818 8698 1
207 5647 1
907 9256 1
891 6279 1
514 6329 1
2663 4021 1
2964 3195 1
6417 9895 1
8294 9905 1
3650 6906 1
288 6740 1
1300 8958 1
4227 9950 1
97 4728 1
7870 9577 1
4480 6609 1
1163 1490 1
6128 6759 1
610 3758 1
8650 9917 1
2260 7953 1
1169 5442 1
6759 8319 1
8369 9675 1
3073 6521 1
5053 7410 1
848 5801 1
6298 6389 1
4753 7148 1
1220 4626 1
606 791 1
848 9184 1
2603 2815 1
4170 4289 1
5479 6471 1
61 8804 1
2427 5033 1
2149 6028 1
397 1556 1
3264 9098 1
5091 8991 1
2899 8411 1
426 9841 1
2687 7774 1
4521 7148 1
4125 7148 1
6907 8725 1
1898 9011 1
3023 9386 1
6719 9428 1
5888 7056 1
1478 2009 1
907 2974 1
413 1685 1
1246 2440 1
81 946 1
4227 6112 1
7052 8325 1
4646 9479 1
1900 6613 1
869 8317 1
2189 4464 1
2901 9396 1
5100 6451 1
2925 7538 1
1774 1778 1
2216 9293 1
4251 9889 1
1766 9996 1
2007 5921 1
5976 9505 1
3808 9319 1
7977 9019 1
4078 6928 1
2092 3750 1
3957 8853 1
265 3857 1
688 3960 1
2386 9889 1
4965 5445 1
7804 8310 1
1761 3421 1
6888 7520 1
2180 9232 1
6899 9372 1
1963 2589 1
2816 6440 1
7709 8423 1
1021 6994 1
715 7476 1
4438 7621 1
6444 9731 1
5933 6775 1
162 2574 1
5189 7031 1
2219 5403 1
288 9102 1
4598 5809 1
4228 4778 1
2941 6327 1
153 8877 1
4026 5583 1
2560 4915 1
6080 6421 1
7220 9548 1
3662 5306 1
5033 6868 1
798 8800 1
908 8406 1
48 1132 1
3433 4665 1
4376 8032 1
701 2451 1
47 1661 1
294 1538 1
1951 3494 1
311 953 1
6009 8059 1
2052 3546 1
469 6265 1
2468 3232 1
723 9565 1
861 4803 1
8271 9600 1
4656 4824 1
2985 7134 1
4451 5358 1
4817 9845 1
4189 6112 1
7561 8686 1
1288 4089 1
1522 2041 1
1231 3555 1
3263 4634 1
1640 7924 1
5128 8202 1
4104 8633 1
6516 9179 1
3467 7258 1
2405 6451 1
3773 4332 1
1359 7123 1
1720 6348 1
237 6265 1
963 4679 1
1434 3510 1
6375 8947 1
3959 6185 1
2440 4193 1
122 6692 1
6567 9117 1
2897 3880 1
1921 5291 1
4636 5646 1
3638 5046 1
799 6153 1
85 7564 1
3240 4219 1
7101 9990 1
8116 8507 1
332 7441 1
654 1076 1
4652 5590 1
3031 8017 1
5464 9440 1
476 2467 1
237 4171 1
5166 5811 1
4605 5020 1
2676 9546 1
2528 6642 1
2261 7052 1
1982 7637 1
4131 5329 1
1211 5316 1
4270 6427 1
7052 8004 1
2319 4024 1
2995 6293 1
2112 4485 1
4720 9107 1
2991 5585 1
2168 9490 1
535 6430 1
3085 4466 1
1464 6893 1
6777 7018 1
4294 7952 1
4521 4733 1
350 8370 1
1602 7766 1
4054 6021 1
3713 5728 1
5755 7495 1
493 9587 1
4865 7926 1
779 1313 1
5008 7480 1
383 1313 1
431 4013 1
3392 3835 1
7134 8194 1
2483 4024 1
2837 9440 1
5416 8968 1
5763 6043 1
1133 6914 1
2239 7047 1
8947 9320 1
3436 5046 1
3269 5872 1
3088 7746 1
4509 6951 1
6673 9647 1
4615 4903 1
7223 7835 1
1457 3978 1
1132 4218 1
1464 2705 1
4590 4846 1
531 4752 1
1307 4973 1
5722 8112 1
4818 8645 1
1434 1550 1
788 7791 1
3191 8783 1
5939 9278 1
7045 9411 1
7009 7502 1
2711 3450 1
1767 9280 1
6208 7224 1
743 9711 1
5874 8102 1
592 682 1
7357 8185 1
5463 6316 1
1892 8228 1
4314 7018 1
4512 9477 1
5993 8733 1
1633 3049 1
2417 7295 1
2740 4538 1
8301 8929 1
2050 3337 1
2332 7187 1
5969 9278 1
7015 9360 1
148 9686 1
4188 9538 1
4327 6664 1
3372 6700 1
426 5466 1
5887 7933 1
3578 6576 1
1214 4758 1
6728 9303 1
7189 7446 1
5716 8051 1
1657 8711 1
914 2022 1
2882 3840 1
6789 9956 1
361 7700 1
3792 4061 1
473 8695 1
392 2849 1
5001 6793 1
4242 6741 1
4825 6567 1
8350 8417 1
743 5523 1
1935 8840 1
3081 3676 1
5396 8985 1
2253 4985 1
2605 9574 1
7 3388 1
2457 4226 1
1605 8147 1
7560 7739 1
1479 8974 1
63 6703 1
8273 9109 1
3925 4940 1
3980 4647 1
6170 7066 1
86 4620 1
2553 8071 1
1526 4067 1
2259 3460 1
507 8814 1
8841 9566 1
730 4133 1
4601 4930 1
298 6196 1
2519 9426 1
5344 8421 1
2362 7722 1
4344 6994 1
1300 9389 1
3294 6012 1
732 5899 1
2248 5930 1
3061 4498 1
6849 9956 1
4031 5716 1
719 4913 1
2451 7952 1
2955 3513 1
2287 9241 1
5582 8185 1
907 7593 1
4246 4365 1
1634 8861 1
6284 8642 1
348 2876 1
1588 7173 1
5929 6199 1
6085 6712 1
6582 7518 1
1902 6582 1
90 7721 1
6134 9048 1
3061 5787 1
2746 4463 1
2436 9899 1
3923 5028 1
1433 3071 1
2295 2312 1
2319 6870 1
392 889 1
7671 9367 1
5276 9956 1
4856 8616 1
4985 5054 1
957 4273 1
4685 8734 1
6987 9674 1
2613 8256 1
4583 8457 1
3881 8939 1
49 1654 1
7984 8551 1
835 5781 1
284 8876 1
3512 6598 1
3011 8302 1
1977 4073 1
822 7239 1
8463 9717 1
3193 7784 1
619 2184 1
5696 6728 1
1527 2332 1
3954 7882 1
5389 6985 1
1712 7747 1
2813 7728 1
3692 8636 1
3126 9945 1
3969 4972 1
853 1075 1
4151 6706 1
276 2003 1
4515 7360 1
6521 9470 1
265 4288 1
559 2291 1
750 3579 1
183 9359 1
1546 6896 1
1083 4920 1
1365 3852 1
3886 5095 1
2784 7333 1
1875 4304 1
4492 7534 1
3752 7724 1
8783 8917 1
2057 3032 1
48 7040 1
2450 2734 1
526 1188 1
3986 6615 1
319 5813 1
5423 5764 1
540 8441 1
2575 2621 1
5637 9665 1
1967 4428 1
4596 9927 1
2426 8914 1
4429 5091 1
1922 4685 1
2066 6127 1
8839 9549 1
105 4699 1
3935 8905 1
743 1014 1
5137 9500 1
6293 9188 1
610 7840 1
1861 1938 1
4710 5491 1
2473 9110 1
914 8251 1
5864 8516 1
6406 6621 1
1965 6425 1
3754 9998 1
1129 3709 1
2646 9038 1
339 1338 1
5693 8634 1
1030 5393 1
5827 8634 1
4989 7535 1
2599 4496 1
5228 5831 1
2711 5491 1
4862 6262 1
324 8385 1
3949 4989 1
1676 9705 1
1325 7970 1
4370 9183 1
4024 8546 1
1064 5162 1
1002 4284 1
97 6127 1
1172 4695 1
2531 3022 1
8219 8686 1
3210 8972 1
122 707 1
7612 9405 1
7746 9405 1
3462 7503 1
6263 9322 1
8482 8507 1
693 7851 1
2243 2740 1
4917 7258 1
6262 9851 1
3065 7278 1
8271 9226 1
126 8935 1
5102 6257 1
5977 9867 1
5717 7284 1
8609 9221 1
1904 4213 1
1312 4301 1
4565 7715 1
795 3782 1
1865 7668 1
5655 9789 1
1075 3607 1
155 3607 1
568 3776 1
487 6820 1
4041 7156 1
6749 8784 1
2702 8515 1
5510 9061 1
1713 2551 1
5054 6566 1
2901 7412 1
322 1276 1
3293 9922 1
1820 4111 1
2668 5898 1
3697 8285 1
1844 2253 1
2721 9696 1
6573 9497 1
647 8391 1
1743 8028 1
5946 8810 1
2362 9763 1
3466 6817 1
3748 7469 1
3638 5611 1
680 1334 1
174 9110 1
2127 3480 1
7025 9971 1
4991 5621 1
6749 7629 1
4755 5344 1
200 7298 1
2003 5107 1
635 810 1
593 3028 1
1331 6929 1
2893 7305 1
6119 8364 1
2318 3398 1
2750 3055 1
6750 9924 1
3434 7659 1
2587 4754 1
9273 9520 1
2231 3429 1
419 4568 1
2941 7726 1
3161 5780 1
6502 9041 1
243 4342 1
2037 8259 1
2059 8018 1
2665 9548 1
7381 7697 1
1622 9737 1
3432 3799 1
2482 4179 1
3921 5653 1
1261 5005 1
2440 3953 1
3043 5909 1
684 8407 1
5799 6265 1
1288 5138 1
2131 6581 1
1501 2213 1
2956 4220 1
4623 6864 1
468 646 1
3024 9050 1
2630 6679 1
1616 5354 1
1647 4667 1
1241 3979 1
3357 7947 1
396 1709 1
8367 9017 1
1983 3835 1
5126 9555 1
3359 9713 1
2373 6464 1
5366 9015 1
3330 8194 1
4524 8174 1
1967 4241 1
2917 6335 1
4121 7003 1
4496 6126 1
7777 9336 1
279 5446 1
3749 5145 1
411 8783 1
879 4687 1
6450 9766 1
550 9881 1
3272 4991 1
5937 6737 1
3725 7942 1
1927 6535 1
91 6334 1
3212 4159 1
5089 8333 1
161 5575 1
2912 5587 1
6062 8314 1
1778 6412 1
7153 7415 1
7546 9561 1
5335 7985 1
261 3712 1
1021 7372 1
2117 2845 1
3550 7537 1
49 3829 1
2172 2552 1
1394 6422 1
1199 7644 1
5571 5983 1
8083 8453 1
4034 6603 1
1768 2876 1
1308 5335 1
2545 5951 1
5812 6045 1
3284 8734 1
5278 5357 1
2585 8733 1
479 3009 1
2406 4826 1
822 9764 1
1878 5838 1
2552 9724 1
7795 9110 1
3070 4991 1
577 5237 1
654 4703 1
2913 5007 1
5299 6584 1
750 5165 1
2527 9667 1
810 5216 1
5831 8165 1
7489 9003 1
4846 7770 1
1102 6556 1
6907 9587 1
2451 4195 1
2413 3903 1
3263 4073 1
3547 3832 1
5131 7939 1
4570 9592 1
4888 8935 1
5872 7385 1
6448 8484 1
7795 9460 1
1677 1768 1
696 9251 1
2497 5479 1
2583 5253 1
4852 5491 1
5960 8171 1
248 1921 1
2372 9914 1
3126 3960 1
3762 5110 1
7886 9763 1
162 5530 1
2347 3441 1
1123 4750 1
5572 6719 1
4829 7200 1
5768 8351 1
391 6521 1
59 8034 1
4620 7026 1
2130 8287 1
485 3712 1
996 3662 1
9585 9851 1
9206 9266 1
357 2214 1
135 3333 1
6657 7668 1
3032 7866 1
7187 7668 1
3987 5578 1
9417 9486 1
4351 9238 1
587 9092 1
1748 2708 1
2680 2688 1
684 5992 1
1279 7333 1
3266 9201 1
3827 5296 1
742 2964 1
5197 8885 1
5295 9982 1
207 9221 1
1798 2421 1
2462 5619 1
3881 8915 1
4734 8602 1
3168 9982 1
2812 4685 1
1394 5751 1
8054 8542 1
4052 9736 1
588 6819 1
4268 6328 1
378 1347 1
930 4304 1
999 3909 1
2480 3165 1
2323 3181 1
2744 8873 1
5600 7181 1
3121 3161 1
8038 9702 1
3203 9387 1
5865 8418 1
6044 6663 1
3401 5430 1
6075 8228 1
3535 5430 1
3000 9058 1
163 9272 1
23 6259 1
3512 8452 1
389 5828 1
2121 6615 1
4972 8551 1
3394 7642 1
3981 4958 1
8788 8887 1
1431 6168 1
6489 8218 1
4803 5332 1
3970 8741 1
1921 5803 1
1964 4187 1
4733 7222 1
5278 9008 1
8602 9636 1
391 4561 1
8443 8825 1
6001 9568 1
3897 7889 1
550 8755 1
8146 9770 1
4607 5770 1
6148 9995 1
1542 4844 1
5614 9307 1
5079 5765 1
1529 8554 1
1448 4428 1
207 6322 1
2960 3751 1
506 9587 1
2199 6282 1
1657 4767 1
2027 3546 1
442 7882 1
1187 5784 1
3687 5019 1
963 6830 1
1276 5075 1
92 9755 1
1835 6759 1
2571 5107 1
248 8016 1
922 5486 1
827 8632 1
161 6327 1
1427 7873 1
2833 6046 1
3316 9398 1
2988 3705 1
1902 2504 1
3481 9465 1
288 1938 1
1024 2006 1
392 3227 1
4922 9322 1
961 6353 1
285 5050 1
510 3448 1
3445 6021 1
4312 5606 1
5050 9507 1
2278 6174 1
4127 9990 1
2625 9665 1
6417 9415 1
745 9357 1
1318 6775 1
1373 7236 1
8182 9561 1
918 7595 1
1577 6477 1
935 7010 1
1448 3623 1
8729 9730 1
5592 7962 1
881 3741 1
2438 3773 1
3200 5816 1
426 4100 1
5524 6515 1
1606 8346 1
3564 9476 1
2141 3028 1
5802 6459 1
6421 8194 1
442 1600 1
4075 8645 1
1131 8238 1
257 5230 1
5427 9965 1
100 7498 1
1511 6015 1
766 5107 1
3587 6612 1
1364 6719 1
2214 6889 1
2632 6648 1
4096 6489 1
9505 9520 1
307 8730 1
7502 8647 1
3825 9409 1
126 3434 1
6750 7322 1
1373 5492 1
165 918 1
2742 3783 1
54 1087 1
2827 8028 1
348 3254 1
1939 9286 1
1285 3578 1
834 7843 1
9153 9253 1
5982 6403 1
4277 7439 1
189 2443 1
4929 5150 1
8960 9612 1
672 3351 1
5479 7280 1
2348 4795 1
7817 7877 1
5933 7450 1
4202 7265 1
5370 8276 1
315 4245 1
3701 9723 1
243 2679 1
3 2438 1
6763 7153 1
5381 7876 1
3032 4646 1
1437 1878 1
5265 7701 1
2054 9394 1
898 6673 1
4334 7542 1
5091 6767 1
5862 6644 1
5096 9585 1
543 8202 1
2890 4189 1
6830 7035 1
4101 6028 1
1231 6324 1
793 6098 1
984 6632 1
2651 9276 1
4848 8702 1
2219 7367 1
7926 9109 1
1558 3686 1
3351 6469 1
2525 4441 1
3557 8789 1
6743 8729 1
2075 5144 1
3257 6053 1
1774 5970 1
4043 6962 1
8456 9274 1
1216 4888 1
3642 4174 1
794 9891 1
376 3716 1
1012 2614 1
5597 8416 1
676 2665 1
4826 9293 1
3847 7989 1
6606 8616 1
780 2264 1
4446 6039 1
126 1474 1
1788 3774 1
4922 9940 1
3507 8271 1
7500 9243 1
7 3445 1
86 3738 1
3661 5705 1
6111 6543 1
1577 3712 1
1040 1787 1
4429 4530 1
2082 2127 1
392 4195 1
2935 8230 1
3033 9519 1
426 1335 1
5102 8945 1
923 8557 1
183 1577 1
1609 9262 1
5067 7446 1
4714 8082 1
4750 7739 1
3482 5366 1
1448 7624 1
1276 4888 1
667 1397 1
1606 2548 1
4780 9833 1
4228 6876 1
265 7244 1
1206 9030 1
2075 5278 1
597 5539 1
5239 7903 1
7492 9890 1
4761 6558 1
3916 8452 1
7431 9614 1
1087 6305 1
4170 7810 1
2690 7244 1
441 5376 1
7781 8680 1
790 7250 1
1571 7815 1
745 5787 1
5067 8735 1
5063 5583 1
350 6951 1
1690 8446 1
4202 4500 1
673 1188 1
2857 9986 1
2632 5172 1
619 1891 1
5123 9017 1
6425 8530 1
1502 6116 1
6595 8187 1
2391 9432 1
1737 4478 1
3564 9289 1
3289 4920 1
5405 6636 1
95 6028 1
7156 9917 1
3961 5727 1
934 9981 1
1120 6953 1
1194 2738 1
7245 9208 1
5877 9075 1
6135 7421 1
23 7845 1
6017 6611 1
5850 8191 1
4007 7765 1
5918 6605 1
5477 6108 1
809 9693 1
5890 6277 1
3092 7385 1
3379 7415 1
2548 5043 1
1622 3565 1
3851 5158 1
4670 6015 1
1256 4905 1
709 2292 1
3011 3232 1
9062 9702 1
6352 7247 1
3233 3833 1
2979 8612 1
2253 7754 1
131 7913 1
5735 6524 1
3928 8007 1
2595 5239 1
289 393 1
1221 6789 1
569 2662 1
3781 6267 1
217 6906 1
413 7784 1
2632 8689 1
1565 4320 1
4438 6015 1
866 6039 1
3276 8202 1
5468 7284 1
1643 9114 1
2403 8802 1
1973 6774 1
1722 2991 1
288 9940 1
3662 9177 1
5765 6524 1
271 3355 1
1785 7477 1
3211 7026 1
4817 9983 1
5666 8208 1
3085 7853 1
4477 6128 1
4019 6970 1
6825 9133 1
737 9951 1
6098 9558 1
8305 8918 1
5583 7392 1
2066 9567 1
4540 7581 1
4199 9008 1
4851 6719 1
2400 5656 1
4005 7422 1
428 7102 1
5748 8398 1
2172 9212 1
2248 3572 1
3304 6062 1
2562 5425 1
280 9833 1
3212 8725 1
3243 8038 1
6338 8614 1
4932 7997 1
729 799 1
6907 8542 1
4458 8306 1
5795 6874 1
1022 4993 1
179 4304 1
3986 9250 1
5808 8799 1
1376 7965 1
5789 6305 1
2518 7755 1
778 5764 1
331 5075 1
4317 8074 1
4174 9486 1
4566 8778 1
2389 9038 1
1976 4173 1
1795 1883 1
5482 5781 1
3792 8603 1
8059 8646 1
7658 8302 1
215 1867 1
925 5410 1
2300 4270 1
1061 2827 1
5596 6822 1
6315 9919 1
219 1986 1
2621 4850 1
4353 5637 1
215 5250 1
3697 4020 1
5114 5735 1
563 9905 1
8037 9237 1
819 1200 1
7560 9837 1
6032 8291 1
2571 9055 1
2309 9809 1
5249 6310 1
2909 9050 1
3350 7480 1
1015 6400 1
4172 7854 1
4638 7095 1
278 7827 1
3113 9230 1
1740 5343 1
2524 9589 1
454 5774 1
2873 7299 1
5343 5571 1
1251 3085 1
3356 9338 1
1785 7156 1
2799 9420 1
3095 4086 1
949 7823 1
2006 6751 1
5485 8256 1
2331 4067 1
4394 6711 1
3905 6520 1
3989 8877 1
4562 6295 1
952 8279 1
866 7007 1
1292 8347 1
5939 8611 1
674 3804 1
4218 5704 1
2953 7012 1
7965 8155 1
4088 9795 1
442 5898 1
2634 4226 1
2362 9954 1
1860 2388 1
5400 9996 1
4347 4771 1
1575 7854 1
3339 5735 1
5023 7794 1
5577 9134 1
6392 8529 1
6810 8288 1
3101 7260 1
348 4169 1
100 6319 1
852 5954 1
5640 9833 1
1782 5299 1
5189 5238 1
4314 6701 1
4125 4550 1
5923 7677 1
367 7602 1
940 5020 1
5857 9309 1
3429 5786 1
4492 8693 1
7876 9372 1
2520 3723 1
2771 7506 1
1200 5324 1
446 4862 1
3395 9585 1
3978 5439 1
5717 7959 1
1003 1023 1
3781 8308 1
1883 7983 1
3440 8015 1
1979 7691 1
4044 4746 1
5327 6461 1
3632 8185 1
644 1844 1
2942 7738 1
3694 7373 1
1550 7019 1
7145 9274 1
4712 8817 1
189 2203 1
765 9718 1
4605 6476 1
2941 5823 1
2734 7974 1
4090 4340 1
1495 4087 1
6966 7996 1
2219 8282 1
1625 9795 1
4743 4905 1
4422 8462 1
4083 8996 1
2531 6864 1
3305 5696 1
7398 8592 1
699 5284 1
498 864 1
3304 3781 1
809 1480 1
6309 7847 1
464 3697 1
3217 4536 1
1622 1768 1
2809 3021 1
2671 5531 1
2086 6598 1
1781 5962 1
2314 8677 1
126 2389 1
392 4760 1
4616 4921 1
1575 4445 1
3540 9134 1
257 8507 1
6112 6929 1
4529 5676 1
3749 8719 1
3126 9494 1
5022 8992 1
7615 8418 1
1357 2409 1
75 330 1
1066 8087 1
2005 5074 1
718 6623 1
3362 6738 1
2656 9730 1
3934 8657 1
4906 5784 1
2836 8385 1
934 1902 1
5361 6364 1
3697 8155 1
2857 6229 1
5331 8407 1
231 8575 1
119 5890 1
707 6060 1
6390 8162 1
371 6865 1
6161 8110 1
1090 9770 1
7778 8947 1
5983 9501 1
4230 5393 1
785 9134 1
5491 6595 1
1177 8426 1
2667 7236 1
3195 9607 1
6526 8208 1
7605 8238 1
6058 6642 1
215 7291 1
7300 7602 1
2892 7354 1
3814 9090 1
6904 9322 1
3301 3617 1
1778 2415 1
3949 6282 1
2987 7591 1
7185 8029 1
7054 9266 1
1538 3894 1
1448 7384 1
3578 5588 1
4345 9665 1
2387 2873 1
5869 8059 1
1810 7965 1
2175 2236 1
2293 2457 1
3993 9213 1
569 7415 1
4237 7853 1
543 2030 1
3 588 1
4825 8023 1
8309 9872 1
5950 8398 1
6411 7295 1
6314 9614 1
1365 9951 1
2912 9295 1
5331 7602 1
1310 7800 1
5281 5795 1
800 8452 1
2560 7123 1
2037 2652 1
8124 8779 1
6725 9333 1
3979 7221 1
887 3910 1
3798 8341 1
6728 9604 1
1599 8842 1
138 8518 1
4603 7048 1
1580 6348 1
95 7882 1
1041 1344 1
745 2514 1
2935 7185 1
8029 8892 1
1701 7806 1
3022 9813 1
3292 7422 1
2364 3397 1
2053 3535 1
6261 8825 1
1791 3535 1
3021 9588 1
1904 9828 1
638 1112 1
1472 7165 1
80 7200 1
4837 9322 1
231 6615 1
3108 5800 1
1287 9105 1
437 2519 1
702 2036 1
2572 7483 1
5748 6735 1
5899 9348 1
22 3997 1
2503 3182 1
1537 2837 1
351 4438 1
4757 8023 1
3662 9742 1
4988 9841 1
2773 7365 1
230 7302 1
3919 6365 1
6314 9748 1
2272 2653 1
1200 2104 1
725 5029 1
3455 4918 1
4575 4949 1
4308 4605 1
1111 6004 1
3117 5862 1
5730 6664 1
1551 4024 1
1241 9460 1
8665 9237 1
1621 6483 1
5872 8999 1
2753 5585 1
2963 8778 1
8804 9022 1
1106 6010 1
550 8007 1
6015 6274 1
5925 9764 1
137 6148 1
5531 7393 1
7442 8677 1
6401 8939 1
5976 8009 1
730 6662 1
3421 6623 1
678 8192 1
3687 9748 1
5521 8368 1
4554 9333 1
2603 6930 1
798 2632 1
658 8479 1
6754 9996 1
1513 8993 1
546 5040 1
1057 4024 1
2817 4415 1
2053 4019 1
5712 6623 1
7806 8580 1
633 1252 1
16 5979 1
1501 4445 1
7051 8647 1
2125 6524 1
4802 6587 1
4530 6653 1
4337 8702 1
4798 9851 1
4913 9801 1
3658 9353 1
3338 3713 1
8207 9274 1
6314 6849 1
4872 6767 1
1510 5847 1
128 154 1
6320 7795 1
3433 3758 1
5740 9206 1
8185 8734 1
220 3126 1
1238 2880 1
1712 8398 1
6079 6393 1
4833 7189 1
5356 9216 1
2004 9738 1
6388 7148 1
6037 6167 1
698 4629 1
4677 6649 1
2844 8439 1
3568 5464 1
822 3352 1
3036 8609 1
4187 7953 1
4746 9637 1
116 6344 1
5289 8344 1
437 6170 1
240 5067 1
3564 9667 1
4749 7841 1
346 3773 1
1846 9687 1
77 350 1
3893 7856 1
1298 7603 1
524 5765 1
2036 5088 1
3292 5946 1
2982 7218 1
4818 6665 1
2046 9748 1
6806 9135 1
3857 4412 1
5223 7882 1
4872 6901 1
696 6222 1
887 6756 1
3609 9036 1
4292 4340 1
2951 9036 1
4226 5972 1
2452 5151 1
3517 9447 1
877 7731 1
5096 7548 1
5056 6429 1
2728 4268 1
2179 7244 1
6723 8319 1
1967 2635 1
1556 1603 1
5869 9161 1
4582 9956 1
4358 7030 1
1951 8548 1
6477 6573 1
1838 3918 1
3099 5120 1
861 3441 1
3352 7286 1
4988 8365 1
6106 7569 1
1314 6392 1
3411 7866 1
3578 4596 1
3915 7399 1
2703 7779 1
5022 8134 1
3924 8616 1
7360 8731 1
1593 6746 1
2219 3236 1
2156 8549 1
2691 5675 1
1440 9133 1
2562 3575 1
4499 7046 1
6448 8622 1
555 3492 1
3232 4309 1
1028 7876 1
184 9214 1
220 8871 1
1433 4929 1
511 7357 1
1646 5976 1
1188 9262 1
4949 8945 1
6520 9629 1
1964 2313 1
1640 7851 1
3500 8446 1
1308 7112 1
8796 9348 1
4131 7000 1
1168 2379 1
1982 2892 1
3155 8411 1
4518 7446 1
715 9981 1
4767 8904 1
3867 6927 1
3139 5434 1
2097 8477 1
2969 8406 1
1271 8923 1
7668 8860 1
1795 9832 1
44 135 1
2117 3467 1
3131 8175 1
2109 8487 1
6975 8115 1
2126 8656 1
1465 8385 1
1314 6526 1
1216 2985 1
2649 7677 1
4275 6348 1
3837 6122 1
1228 3719 1
414 7932 1
6326 6888 1
273 3755 1
1722 2564 1
3845 7703 1
6749 6991 1
78 9703 1
1962 3714 1
1265 4540 1
3028 6892 1
5215 5630 1
6598 8515 1
2272 8077 1
7067 8993 1
6256 7997 1
1547 8575 1
5611 9013 1
487 2933 1
1744 9089 1
1431 4428 1
3272 8191 1
918 7815 1
4636 6862 1
4151 5881 1
4633 7345 1
4965 5640 1
9214 9241 1
4685 6754 1
5466 7319 1
5963 8125 1
3969 5086 1
3979 9746 1
3473 7134 1
2995 4126 1
3989 8182 1
1573 3730 1
3242 4757 1
573 8719 1
1813 2436 1
2651 3535 1
1871 6578 1
866 7251 1
2294 4429 1
3316 3925 1
2940 7021 1
2857 9238 1
4724 5554 1
5358 9075 1
2700 6810 1
5086 8387 1
143 625 1
2906 9130 1
2338 5640 1
193 6404 1
2554 3952 1
1021 8478 1
1733 6994 1
7727 9924 1
136 2837 1
2720 4429 1
4378 5267 1
4937 6951 1
5281 7515 1
6941 8234 1
828 5804 1
594 7852 1
671 7318 1
1292 9880 1
471 8950 1
5378 8387 1
1269 6486 1
1900 3320 1
5735 7870 1
5466 9897 1
8145 8343 1
3733 8885 1
402 8032 1
1164 1185 1
1673 7478 1
4455 9809 1
4720 7074 1
9823 9833 1
4940 5128 1
788 9007 1
869 3519 1
1340 9520 1
3191 7555 1
1482 7883 1
3779 7725 1
3395 6796 1
4567 7017 1
4226 6724 1
4933 5088 1
2901 7981 1
1526 2705 1
4967 7890 1
1837 7293 1
1052 9238 1
8054 9514 1
558 4007 1
2942 8921 1
3768 4533 1
5992 8034 1
1379 8320 1
3686 9604 1
2544 3398 1
6253 7809 1
1986 4568 1
6793 9251 1
1523 3346 1
6767 8030 1
5523 6243 1
7586 8887 1
2837 8346 1
6975 8733 1
9640 9725 1
569 6236 1
1436 1657 1
135 3500 1
169 2330 1
1762 8997 1
4876 9815 1
1376 4989 1
4158 6566 1
1701 8721 1
3607 9661 1
2888 3558 1
715 3028 1
1845 3747 1
1081 2597 1
3947 5565 1
2314 8921 1
1244 1837 1
392 5004 1
469 2972 1
696 6169 1
5479 5540 1
668 4121 1
231 1114 1
1406 8022 1
4518 7259 1
5397 9113 1
5858 9508 1
4509 6207 1
1059 9604 1
951 1211 1
6 8351 1
3032 9322 1
4670 8784 1
6600 7866 1
3124 3434 1
1086 8202 1
6671 6763 1
3049 3260 1
6404 7173 1
2393 8059 1
7 66 1
7286 7790 1
4268 7434 1
1682 6735 1
579 6119 1
1591 4927 1
242 872 1
1835 7731 1
4784 6038 1
5224 6310 1
2175 3635 1
2660 5370 1
9318 9808 1
3578 7926 1
5078 7424 1
7105 8159 1
8744 8755 1
7799 9479 1
2142 2182 1
27 1068 1
2831 9574 1
1441 5518 1
3629 9554 1
6112 6368 1
8918 9285 1
2082 5514 1
55 6499 1
4038 5817 1
571 3383 1
848 8387 1
1188 9209 1
3662 6469 1
5226 5228 1
5432 7548 1
3429 5709 1
6653 8385 1
5836 5911 1
4322 6515 1
1591 3183 1
6668 8693 1
4694 5340 1
2326 6032 1
1904 8783 1
2095 5345 1
7188 8170 1
2614 6664 1
4565 5869 1
7803 8443 1
3531 5612 1
3016 5166 1
285 8250 1
2852 8707 1
956 2793 1
395 4446 1
592 8932 1
1865 9205 1
5631 7734 1
7012 9792 1
1811 4246 1
2113 6274 1
2772 9128 1
50 1186 1
2907 8764 1
6338 9289 1
1689 5946 1
7969 9270 1
698 2161 1
5956 6743 1
3996 4786 1
2850 3534 1
3101 7317 1
1265 1454 1
2237 2553 1
4903 7153 1
6680 9403 1
1472 8348 1
4878 8786 1
1938 3425 1
3331 4746 1
511 6849 1
791 9118 1
4315 5670 1
4387 7236 1
1374 4780 1
937 2527 1
398 3939 1
2705 2779 1
5705 8945 1
4253 8175 1
4862 9222 1
7422 8700 1
7844 9332 1
1247 9519 1
3955 5485 1
519 6336 1
3397 8375 1
231 5115 1
6657 7298 1
1048 5145 1
4520 5671 1
3672 3884 1
2703 4022 1
7045 8346 1
4352 5306 1
2294 4726 1
1105 2646 1
217 6910 1
1822 5670 1
492 2419 1
103 392 1
7071 8254 1
1482 8985 1
426 4051 1
8409 9676 1
2406 4940 1
4 386 1
4650 9285 1
6448 8248 1
4068 9869 1
887 5577 1
3961 5276 1
7187 8587 1
957 2374 1
1132 5381 1
4934 9983 1
4862 8417 1
378 7393 1
3953 4634 1
6740 7309 1
7870 9748 1
1418 6906 1
4418 5902 1
6777 7376 1
887 9899 1
5381 5949 1
479 4412 1
5847 7442 1
4803 7406 1
261 3960 1
1785 8770 1
3641 7149 1
7505 9219 1
2204 4967 1
922 2888 1
3205 7750 1
3723 9433 1
4760 7709 1
2248 6959 1
6209 9147 1
5464 8993 1
4380 4455 1
1670 8416 1
2304 7241 1
7491 8947 1
2692 9043 1
3896 9711 1
395 6003 1
2531 7405 1
430 8441 1
5318 7074 1
1820 5327 1
454 6583 1
6887 6931 1
1004 6461 1
1888 7713 1
3376 3444 1
1509 2432 1
196 5012 1
514 3601 1
1228 2190 1
5648 6427 1
3277 3438 1
1967 4973 1
5162 6719 1
4563 5636 1
2276 6482 1
1519 4059 1
4884 8660 1
1216 1806 1
85 6312 1
7865 9888 1
1767 7544 1
5930 9681 1
3026 3977 1
66 3037 1
47 6959 1
2614 7416 1
5466 8234 1
5328 9990 1
3833 4420 1
3544 4317 1
7231 8969 1
154 8519 1
4667 8029 1
4115 5072 1
75 1810 1
1477 4937 1
7676 9585 1
5250 8609 1
1332 5522 1
1100 1981 1
8804 8945 1
5366 8003 1
3413 8937 1
3747 8059 1
5806 9241 1
7170 7912 1
479 6774 1
6821 7758 1
3617 4014 1
82 7303 1
1558 6215 1
2580 2705 1
6124 9523 1
695 2053 1
2104 6159 1
2735 3747 1
2802 8941 1
3578 9162 1
8855 9822 1
971 1170 1
1905 1977 1
5556 6972 1
7252 8102 1
7257 8446 1
1407 3952 1
220 2699 1
638 2458 1
3964 7885 1
3719 7300 1
288 7529 1
95 7134 1
971 2109 1
164 323 1
1583 5117 1
4620 6469 1
3482 9050 1
1660 3085 1
710 5717 1
696 9983 1
75 7421 1
206 1488 1
4175 5072 1
1487 8792 1
2268 2941 1
1863 5107 1
3002 8598 1
1314 5831 1
3747 7254 1
6350 7368 1
3671 6478 1
1023 4901 1
1286 7755 1
3903 7767 1
1609 8408 1
5934 6901 1
131 2253 1
2364 3588 1
4530 7865 1
3119 6904 1
1835 8162 1
7547 7996 1
4844 6520 1
4195 6074 1
2440 5303 1
4353 4970 1
7133 8918 1
4074 5555 1
4760 9266 1
4624 5433 1
1642 8706 1
5888 6906 1
7607 9740 1
1729 9614 1
4587 6305 1
3212 3281 1
717 9116 1
2434 7151 1
192 6262 1
2718 4466 1
1685 8753 1
1637 3609 1
4434 8692 1
1217 4743 1
2703 8507 1
2710 3070 1
8876 9490 1
2527 4117 1
1374 8110 1
4466 9169 1
395 3588 1
1420 6011 1
1227 8814 1
5162 6398 1
2042 5765 1
688 1366 1
1617 8999 1
2926 4765 1
7764 8761 1
7399 7882 1
3058 8856 1
2779 3025 1
1688 8650 1
8494 9546 1
2140 7239 1
1945 2799 1
2912 9970 1
85 6930 1
1148 6427 1
4379 7830 1
3832 5217 1
3037 8918 1
1865 6253 1
502 7218 1
3730 4940 1
951 2126 1
283 7854 1
5763 7153 1
6575 7031 1
350 3414 1
2318 9204 1
7206 7837 1
5253 5361 1
1192 8604 1
4834 5377 1
629 3768 1
1157 5385 1
6680 9484 1
5124 8334 1
6623 8950 1
4764 9519 1
5860 9156 1
6598 8893 1
758 9251 1
1405 6618 1
290 515 1
2652 8676 1
1938 2917 1
3512 9534 1
1573 6202 1
1483 9692 1
4742 6727 1
4205 4802 1
2995 9981 1
1011 4220 1
3480 5300 1
216 1505 1
1434 2071 1
6057 8165 1
2550 5366 1
468 2480 1
3207 3421 1
752 5457 1
8361 9151 1
5775 8452 1
3972 4981 1
3015 6634 1
1205 6156 1
4278 6219 1
1480 8081 1
1132 9061 1
4451 6147 1
707 5125 1
4397 9294 1
822 5637 1
674 3487 1
1347 2075 1
2346 9693 1
2188 2691 1
4937 8484 1
949 5412 1
3330 6645 1
5931 7652 1
6667 6754 1
4086 6399 1
101 7008 1
951 2260 1
423 643 1
371 453 1
484 5992 1
7324 8192 1
1118 8789 1
166 4370 1
1584 8030 1
495 3148 1
3662 5290 1
3251 4258 1
207 1927 1
7046 7689 1
4936 9171 1
2923 5890 1
1409 4242 1
213 3435 1
2888 6835 1
6024 7412 1
3161 4715 1
852 2604 1
710 7624 1
1107 4062 1
473 4678 1
120 5314 1
6362 8346 1
1923 2369 1
1169 2661 1
914 7804 1
5592 5661 1
2175 9006 1
8658 8717 1
136 4504 1
456 1476 1
7668 7978 1
1374 2312 1
813 3965 1
6019 8357 1
174 8179 1
3418 5845 1
5343 7027 1
6630 9450 1
7593 9497 1
1115 7686 1
2727 3453 1
100 2753 1
3833 7750 1
3017 8884 1
3368 7421 1
4372 9721 1
3161 7882 1
8942 9765 1
2985 9346 1
1091 8231 1
437 8939 1
1925 3704 1
3964 9926 1
2837 4752 1
6147 8700 1
3884 7688 1
3044 9926 1
3767 3905 1
389 762 1
4429 4778 1
4640 7442 1
2291 8376 1
1935 7051 1
1637 3422 1
8877 9528 1
322 2923 1
3692 5424 1
1828 8093 1
1238 4844 1
651 5084 1
3051 6559 1
1433 2087 1
3977 6724 1
439 3858 1
1511 2909 1
2540 4542 1
2913 3592 1
1682 6174 1
9017 9134 1
426 2872 1
5525 8895 1
358 7841 1
2997 7612 1
2106 5189 1
2381 7114 1
1527 3792 1
2793 5338 1
3911 6262 1
1187 8073 1
6288 6787 1
493 8416 1
723 8878 1
946 8361 1
5937 9189 1
3306 7027 1
3177 4173 1
3070 8248 1
1217 7134 1
7135 9288 1
2044 5600 1
1115 9109 1
1937 7231 1
2048 4029 1
6065 6341 1
1397 2756 1
6352 9589 1
1314 4973 1
1448 4973 1
997 9238 1
1819 7360 1
1523 8530 1
3173 5343 1
1139 1185 1
506 1272 1
16 7272 1
5038 6659 1
31 3608 1
3 7976 1
1471 7027 1
2035 9055 1
8430 8919 1
44 6287 1
3421 9205 1
4462 8943 1
1883 2807 1
50 625 1
2899 8342 1
1641 6657 1
3979 7254 1
4428 6326 1
586 8741 1
5321 7886 1
3146 8219 1
2112 3798 1
3266 9075 1
3557 7561 1
4818 8763 1
1779 7530 1
1027 6205 1
6037 6521 1
4767 7485 1
3607 6335 1
4438 6263 1
4553 6213 1
7462 9817 1
8291 9110 1
2706 4133 1
2775 4492 1
2372 8983 1
1004 9604 1
999 2844 1
6284 9781 1
1785 7725 1
7951 9981 1
2772 3440 1
4530 6202 1
5056 5494 1
5319 8348 1
3607 4241 1
1964 6155 1
1974 6843 1
5126 7953 1
4718 6438 1
1132 9008 1
3716 6628 1
2386 6787 1
4461 4530 1
4564 5971 1
319 991 1
3061 7865 1
2237 4220 1
3797 8687 1
6 2931 1
952 1843 1
6332 7354 1
2130 5262 1
1220 2597 1
3028 6412 1
6003 6132 1
1533 7258 1
3714 7871 1
2281 3179 1
717 1976 1
2599 5740 1
918 3952 1
8789 9336 1
4458 8554 1
1101 8732 1
3713 4236 1
614 6170 1
5494 7948 1
5674 9047 1
6161 8411 1
2272 4564 1
1064 2434 1
4516 9663 1
1888 7018 1
5181 9299 1
6449 9982 1
1433 7377 1
893 3491 1
4241 8677 1
633 4318 1
562 5606 1
510 5416 1
7475 9597 1
8001 8889 1
4331 4406 1
2287 5976 1
3629 4134 1
6265 8360 1
2443 5735 1
5340 8770 1
5780 8288 1
3184 6901 1
6 8542 1
3466 5833 1
4863 8616 1
3915 5659 1
1668 6870 1
4188 9201 1
2058 5335 1
1532 3599 1
1793 9790 1
1476 3667 1
4435 9078 1
1548 9959 1
6202 6476 1
462 2342 1
1756 3492 1
104 2634 1
2672 3693 1
857 2871 1
5299 8365 1
3797 5788 1
223 7429 1
5882 8191 1
2282 6167 1
15 7665 1
2773 5438 1
2408 8723 1
3359 8945 1
9530 9855 1
5072 7046 1
3198 7307 1
3850 5018 1
5713 9294 1
467 7947 1
1164 7121 1
1838 5345 1
4367 7230 1
5349 9017 1
488 8235 1
8876 9250 1
1765 3554 1
6114 6605 1
5018 5470 1
5831 8202 1
5507 7324 1
5366 6153 1
4691 8458 1
2609 4818 1
7184 9932 1
1029 4802 1
739 9924 1
3697 7785 1
820 2184 1
2955 7148 1
6821 6847 1
5088 8279 1
7 9251 1
4026 8226 1
812 7958 1
7078 7412 1
8656 9075 1
1200 3344 1
6870 7648 1
6378 9660 1
3405 4351 1
5067 5897 1
7013 7956 1
1904 2908 1
2525 5470 1
5543 5826 1
5264 6411 1
4242 7477 1
4211 5912 1
1098 2286 1
3644 5276 1
1059 8185 1
1684 5793 1
3294 7903 1
1551 8647 1
6425 8136 1
1363 2180 1
898 6547 1
5614 8860 1
2323 4962 1
2006 9227 1
1526 4803 1
2675 9736 1
164 6178 1
231 984 1
2973 8612 1
1621 9012 1
7096 7967 1
5862 6868 1
5022 9106 1
1374 1938 1
579 5639 1
864 9006 1
3519 9310 1
6456 8546 1
2166 7765 1
576 5341 1
4492 6847 1
5833 6288 1
781 1774 1
3236 9372 1
7023 8778 1
1197 4870 1
2835 6584 1
1300 4059 1
799 5763 1
680 4351 1
1530 4521 1
4570 4636 1
907 5296 1
1810 6790 1
313 393 1
6104 7690 1
2971 4378 1
926 8729 1
6526 8322 1
2127 3464 1
1141 4187 1
1605 9017 1
2520 5610 1
3108 5780 1
5067 9764 1
998 4818 1
6832 8779 1
5631 9348 1
3064 5481 1
2799 5964 1
3055 3675 1
4937 7439 1
943 8494 1
4269 6751 1
553 1169 1
174 584 1
5153 8757 1
4737 6627 1
2154 7889 1
750 8853 1
867 3022 1
7176 8030 1
1632 7026 1
268 1939 1
1437 9002 1
5587 8460 1
4825 5693 1
1241 2674 1
7161 7907 1
4673 8305 1
4743 6792 1
8645 9154 1
2451 4850 1
3631 9096 1
5360 6202 1
3713 9660 1
6294 7009 1
186 3977 1
2937 4743 1
4695 6751 1
1090 2663 1
6274 7296 1
2991 7423 1
3605 8814 1
5463 8020 1
8443 8646 1
2010 6046 1
1865 2659 1
2379 2880 1
770 4378 1
5816 6603 1
7591 8780 1
3983 9147 1
523 5440 1
4755 7906 1
2418 3747 1
3679 4949 1
2561 3301 1
1206 1683 1
5056 8019 1
3005 4446 1
7475 9544 1
1921 3880 1
7466 7738 1
5761 8774 1
1712 3706 1
1803 3070 1
5080 9544 1
727 867 1
732 9347 1
2860 5970 1
1285 8742 1
7393 9330 1
3669 5550 1
2590 9492 1
6626 7882 1
3523 6664 1
2425 7146 1
3748 9226 1
3411 3979 1
6222 7240 1
3481 9636 1
1106 2741 1
4024 5899 1
7876 8144 1
7148 7405 1
3557 7187 1
3944 5381 1
702 1345 1
1292 2342 1
280 4096 1
1727 2270 1
6110 8877 1
4780 9036 1
2144 6530 1
750 8182 1
5980 6552 1
1307 2623 1
4968 5300 1
5491 7327 1
7703 9505 1
2734 6746 1
960 1761 1
153 729 1
2995 6521 1
3480 8256 1
832 6679 1
434 5852 1
3909 5895 1
2004 8563 1
2195 9851 1
5290 5701 1
5264 8452 1
4543 8692 1
4992 8518 1
5305 6763 1
3978 8883 1
6905 7431 1
1588 9816 1
4475 7245 1
2653 7696 1
3193 5166 1
6775 7550 1
2816 2964 1
3270 5386 1
4803 4832 1
5740 9320 1
2347 3425 1
683 4462 1
7290 8935 1
2820 7809 1
5980 8780 1
2702 9251 1
796 1895 1
4968 7528 1
7948 8346 1
4199 6788 1
6392 8724 1
7135 8243 1
717 4985 1
653 1028 1
6346 7036 1
849 1906 1
8008 9336 1
2335 8676 1
6977 8596 1
8102 8971 1
1445 9107 1
77 8974 1
1989 5787 1
1127 4102 1
1880 6783 1
2017 7054 1
1200 4580 1
8634 9209 1
4269 9597 1
1220 3512 1
3978 4695 1
2039 2117 1
3191 6567 1
5024 5716 1
4014 6045 1
4683 9587 1
7776 9336 1
3925 5973 1
3018 6989 1
4269 7503 1
2844 9842 1
7 5360 1
7758 9696 1
848 5976 1
4786 7995 1
5670 6995 1
2048 7656 1
5004 7134 1
1083 2086 1
4802 7185 1
1008 9082 1
2310 6121 1
6348 9310 1
8256 8633 1
2416 8991 1
3032 7045 1
2581 4894 1
6987 8479 1
7689 9717 1
588 4709 1
7668 8840 1
2868 5890 1
31 1408 1
5684 7051 1
2530 9278 1
135 5895 1
2280 9103 1
544 8574 1
4520 6159 1
4135 6348 1
2574 4854 1
2080 9981 1
1340 7727 1
4005 8719 1
540 4668 1
937 4304 1
6451 8849 1
3917 4176 1
3294 4951 1
5128 6015 1
1086 2892 1
4928 5203 1
3665 6584 1
4990 6081 1
2486 3694 1
5008 6098 1
1334 4125 1
5587 7468 1
1322 2610 1
1447 1558 1
423 1989 1
952 7214 1
4374 5933 1
5590 5672 1
1622 3252 1
2742 3283 1
1931 6451 1
1695 8426 1
2884 8062 1
9324 9389 1
7882 9307 1
1915 3474 1
2923 7236 1
2154 5742 1
2581 4089 1
3942 6461 1
4031 9916 1
6887 8224 1
4218 8022 1
192 1460 1
209 875 1
826 6701 1
7266 8028 1
812 4551 1
2541 8073 1
3193 5784 1
280 526 1
8351 9004 1
1097 4720 1
3717 4249 1
6344 8921 1
6091 9229 1
119 3052 1
5727 8952 1
8256 9117 1
818 2272 1
773 7225 1
470 4972 1
1920 9833 1
2744 3864 1
731 1337 1
261 8770 1
7026 9857 1
2255 5393 1
5331 9891 1
2540 5754 1
1616 3191 1
341 6255 1
6127 6792 1
524 2175 1
4713 7977 1
1081 3032 1
2834 4696 1
5700 8418 1
2553 9372 1
2236 7221 1
1731 8217 1
5934 8999 1
2175 2781 1
1927 9849 1
4884 5765 1
5028 7207 1
732 784 1
2457 2844 1
1029 2468 1
492 1297 1
5223 8614 1
70 4048 1
6023 6977 1
3375 5400 1
1594 1688 1
658 4218 1
4137 5723 1
4269 5088 1
3682 8526 1
7123 8985 1
4069 6720 1
2443 3885 1
4695 7182 1
7408 9908 1
207 4696 1
6747 7947 1
1212 2525 1
2292 7853 1
85 1323 1
2242 6046 1
7097 8703 1
4757 7279 1
4554 9394 1
1206 4208 1
4404 5663 1
784 6959 1
5582 9836 1
4204 4851 1
615 1488 1
2175 7453 1
7168 8354 1
4611 9147 1
8073 8231 1
2706 7089 1
4513 5606 1
8664 8672 1
4288 8871 1
1265 8171 1
2972 5518 1
6575 8779 1
2109 3608 1
3936 8419 1
2599 9851 1
4230 6422 1
4937 8004 1
1647 2988 1
1239 7889 1
4128 6145 1
1968 9984 1
3697 7090 1
6126 9303 1
2691 7346 1
3969 8717 1
1670 7294 1
1414 3167 1
4628 5155 1
2117 6293 1
3903 3933 1
279 3767 1
2113 2387 1
626 7258 1
2278 8870 1
284 1667 1
2732 8286 1
301 1082 1
2651 7166 1
2741 3676 1
9533 9592 1
5479 9842 1
2971 4138 1
796 5225 1
4371 8882 1
2909 3260 1
785 9008 1
475 8782 1
4463 9410 1
1123 2587 1
42 8900 1
3774 5401 1
1845 9927 1
1103 9290 1
4441 6618 1
7930 8811 1
894 8362 1
3081 7100 1
631 3064 1
3762 9713 1
625 9665 1
4656 7711 1
236 1976 1
9031 9731 1
1077 2592 1
473 3609 1
6261 6471 1
1080 6273 1
5335 7245 1
4435 5268 1
1376 5103 1
4187 5920 1
6442 8734 1
1963 8054 1
2390 7367 1
6756 9833 1
7508 9468 1
7551 7852 1
6573 8436 1
6029 9504 1
6399 9037 1
2541 4503 1
667 4764 1
77 4733 1
1472 9133 1
1269 7084 1
2590 6085 1
785 1787 1
1406 5103 1
4582 6045 1
5394 8175 1
6435 7913 1
2481 2917 1
3047 3328 1
2152 6613 1
1474 6735 1
82 9214 1
1271 2434 1
9285 9624 1
7793 9987 1
3041 9929 1
3137 9637 1
5876 7168 1
1657 9825 1
43 6253 1
3692 6449 1
5067 8719 1
1770 8948 1
6567 8971 1
1935 9015 1
7153 8314 1
1845 6089 1
3958 4124 1
921 7690 1
2347 7239 1
588 2562 1
2432 6788 1
1343 1906 1
7332 7498 1
4383 5993 1
4689 6265 1
1654 5740 1
6432 7241 1
5752 6728 1
2963 3980 1
3792 5525 1
979 1629 1
5335 9823 1
1090 7095 1
6305 6877 1
4781 6793 1
4438 9837 1
1965 9015 1
6478 8525 1
4353 5003 1
1602 1793 1
2870 4920 1
8352 9927 1
1380 7049 1
4685 6681 1
7185 9326 1
3126 3570 1
3014 6547 1
2078 9077 1
44 5673 1
6241 7242 1
1974 4001 1
3445 8985 1
1200 2917 1
2127 4997 1
4090 6471 1
5399 8653 1
5446 6779 1
556 5067 1
311 8646 1
6785 7113 1
2545 8139 1
1418 7691 1
3251 6840 1
1907 7101 1
2683 7322 1
1845 6223 1
3266 5428 1
2844 8179 1
1137 8580 1
5075 8155 1
7094 8218 1
2041 4822 1
3264 5732 1
8030 9660 1
867 7938 1
5117 8566 1
7505 7560 1
848 7696 1
1189 7989 1
122 4586 1
3673 8411 1
1737 7040 1
1097 8400 1
6632 7406 1
212 9175 1
8385 9070 1
1310 3031 1
2275 5403 1
1690 6470 1
4570 9336 1
2662 4351 1
1185 7466 1
4922 7509 1
3594 4331 1
3662 9161 1
3886 6425 1
207 9770 1
3481 8591 1
3298 8884 1
5781 6452 1
5209 9444 1
2454 7970 1
1265 5890 1
5640 7910 1
4090 6605 1
2744 8483 1
688 4566 1
545 6732 1
3341 4797 1
528 901 1
1892 3544 1
8416 9672 1
1150 6317 1
3870 7770 1
971 2410 1
3663 7477 1
4542 9331 1
15 4473 1
758 4746 1
2807 5240 1
389 8821 1
1630 8647 1
90 8030 1
1551 1938 1
933 9473 1
3161 4048 1
2213 6753 1
1657 3088 1
2734 5701 1
3876 5491 1
3033 8966 1
1687 4428 1
2050 8452 1
3578 4336 1
441 5978 1
3858 6605 1
3274 6554 1
5946 6273 1
2816 7396 1
4051 7185 1
2347 7857 1
5518 9209 1
143 5008 1
2510 7097 1
1734 4624 1
3031 6045 1
1150 8545 1
4247 5784 1
6223 6931 1
1265 8468 1
6795 7130 1
2406 2960 1
2757 5661 1
5482 6704 1
1965 3217 1
122 6009 1
961 8996 1
4230 4275 1
4818 6889 1
991 5640 1
4069 6801 1
15 7051 1
1343 3813 1
1883 5255 1
735 9592 1
1188 4464 1
2729 7935 1
391 922 1
6469 7495 1
4646 8475 1
5274 5600 1
1786 8705 1
4656 6719 1
2386 7946 1
2028 8238 1
2525 2628 1
1546 2078 1
6826 8671 1
6170 7054 1
1211 4983 1
1837 2227 1
1904 7421 1
808 1560 1
2661 4394 1
6353 9390 1
1095 2556 1
983 6287 1
4429 7844 1
3459 4374 1
3921 4405 1
3945 9717 1
1959 4095 1
3000 7997 1
2370 3629 1
1028 4717 1
1300 2961 1
6602 9313 1
1511 5625 1
164 6369 1
4243 5395 1
3692 8490 1
545 3028 1
4213 7438 1
1935 4640 1
1133 3198 1
4818 7023 1
2053 2417 1
2875 2983 1
5084 7142 1
5440 6777 1
2319 8952 1
3139 8691 1
6093 7342 1
3034 4733 1
631 4650 1
7410 9607 1
6204 8112 1
817 5594 1
4552 7254 1
2718 6190 1
924 1519 1
4758 4878 1
3421 6310 1
1561 6277 1
1609 5005 1
7135 8621 1
3940 4431 1
423 7360 1
2281 6566 1
3167 8645 1
5166 5612 1
3024 6647 1
572 1976 1
8507 9627 1
2913 4564 1
22 785 1
7585 8268 1
1843 7279 1
7101 7697 1
700 5544 1
471 8690 1
7279 7969 1
6787 9227 1
2413 6843 1
7920 7965 1
5050 7507 1
1187 9045 1
1319 5000 1
4564 8553 1
3337 6181 1
1133 9748 1
1713 1921 1
3710 8641 1
3877 5371 1
2194 6166 1
3940 9103 1
960 9039 1
1798 3722 1
6524 6723 1
5144 8081 1
4822 8030 1
3884 9733 1
453 4512 1
1652 4836 1
2629 3061 1
535 5076 1
5246 7045 1
1187 6951 1
5436 6388 1
2848 4862 1
5549 6265 1
602 9681 1
1241 7187 1
2378 6633 1
4903 9308 1
672 6478 1
319 2418 1
2496 7793 1
4220 4555 1
2057 3959 1
1654 9204 1
3459 7086 1
2562 9544 1
4682 6306 1
236 1602 1
1767 2665 1
1168 7998 1
1951 2974 1
545 8773 1
3938 4842 1
4160 7133 1
2298 4021 1
2166 9729 1
1805 4088 1
8840 9008 1
7658 8099 1
306 7444 1
3986 6953 1
218 5345 1
4378 9463 1
7635 8115 1
2249 8451 1
7017 7544 1
2051 6746 1
2364 4991 1
4458 6948 1
654 5683 1
8854 9845 1
3059 7502 1
688 4513 1
1419 9687 1
3272 8549 1
3000 8615 1
8419 9136 1
2925 8441 1
7023 7709 1
3704 8179 1
523 3887 1
6712 7847 1
729 6207 1
8007 8633 1
156 2373 1
3311 9416 1
4109 9396 1
6550 8428 1
5640 5763 1
3570 8364 1
1409 2933 1
3900 6778 1
2551 2723 1
2239 7332 1
5293 5655 1
6079 6564 1
5237 7975 1
2109 5007 1
2880 4884 1
2753 2857 1
1835 8410 1
3079 3781 1
4555 9109 1
2764 4709 1
45 6864 1
1518 6259 1
217 3938 1
2015 7065 1
8575 8686 1
4905 8175 1
3284 5876 1
4834 5491 1
4751 7708 1
78 3779 1
8689 8973 1
4300 4803 1
6906 6908 1
1684 6147 1
1699 4735 1
5983 7391 1
7621 9105 1
4818 9869 1
881 5042 1
3544 9371 1
1228 8533 1
1431 4920 1
1835 9699 1
7886 8999 1
1329 4643 1
4190 7267 1
5974 6524 1
1301 2595 1
3906 7508 1
881 8425 1
41 4247 1
4134 9587 1
1536 3401 1
6901 6914 1
2491 5839 1
10 238 1
348 9093 1
1317 6511 1
8199 8937 1
1521 5752 1
2820 4028 1
705 5166 1
6532 9676 1
785 5869 1
4570 4640 1
700 7451 1
6598 7263 1
550 8446 1
2933 4090 1
9667 9836 1
1477 8836 1
3001 8920 1
1532 4571 1
5785 8880 1
5550 9737 1
1340 7784 1
1345 1712 1
5469 6365 1
1164 6804 1
5359 8479 1
7265 8665 1
174 6065 1
5549 7822 1
3701 7052 1
382 6768 1
6906 9486 1
5808 9214 1
4258 7909 1
5679 7114 1
6281 9434 1
3017 9803 1
6016 9917 1
4048 8099 1
2029 9699 1
3557 4829 1
1039 8960 1
3181 5481 1
6727 8208 1
6338 6935 1
3492 7063 1
403 7995 1
6358 7587 1
1039 3483 1
5949 6601 1
5890 9404 1
6455 7870 1
762 5834 1
6641 8814 1
5101 8197 1
2365 3767 1
1386 1497 1
1993 8325 1
6043 8865 1
4233 8387 1
2690 4089 1
2029 4572 1
7018 7983 1
7453 7911 1
1326 4829 1
741 5896 1
23 3401 1
619 7596 1
3730 4733 1
3021 3290 1
2372 5096 1
852 8329 1
2511 3942 1
3359 9701 1
7784 9364 1
4336 7926 1
7316 7798 1
4608 5416 1
1101 9033 1
276 7415 1
1897 3490 1
1176 2976 1
8400 8549 1
1614 6585 1
6538 7881 1
2689 5153 1
4007 7643 1
2212 8197 1
6825 8877 1
9810 9847 1
2365 8439 1
183 1939 1
1993 4137 1
757 4685 1
2076 7555 1
2460 2822 1
39 3880 1
173 4634 1
4782 6858 1
383 2000 1
307 5388 1
673 9121 1
1313 1345 1
1588 9686 1
1447 8515 1
3572 5621 1
4499 7701 1
2381 2906 1
552 8602 1
6959 9981 1
808 6313 1
7690 8739 1
9347 9941 1
7012 8861 1
5121 7455 1
9386 9869 1
778 7602 1
6480 9754 1
764 8458 1
4792 6233 1
3529 4204 1
2366 7509 1
7658 9201 1
6994 9975 1
918 9864 1
801 2109 1
2666 7212 1
1446 9229 1
1028 3054 1
163 9931 1
4067 5950 1
356 4876 1
8136 8452 1
207 4753 1
4498 8388 1
1956 9681 1
6121 7727 1
5677 6747 1
6623 8877 1
1004 2818 1
3662 9055 1
331 1786 1
196 3813 1
5196 9857 1
4167 5026 1
1039 2812 1
35 3895 1
348 2140 1
2328 9445 1
1820 6006 1
9578 9823 1
1302 2633 1
3709 9251 1
2685 5518 1
2330 9491 1
4553 7132 1
3336 9420 1
5344 5941 1
5081 6470 1
6313 6742 1
917 8834 1
1579 7987 1
2799 6936 1
1419 3568 1
2988 3425 1
1639 3342 1
6931 9006 1
2844 7618 1
731 3167 1
3701 6515 1
1655 9702 1
2582 9338 1
2552 8907 1
2184 8511 1
1537 4728 1
2150 3265 1
524 622 1
2280 8973 1
2838 7049 1
157 9496 1
5950 7040 1
2815 2901 1
6125 7795 1
8484 9269 1
3379 5683 1
1376 7254 1
1338 4518 1
374 5000 1
8896 9213 1
2314 8742 1
2054 3153 1
8542 9624 1
5118 8580 1
739 9070 1
7110 8540 1
2822 8394 1
1117 3768 1
7945 8587 1
7159 8432 1
5255 7538 1
750 3193 1
6295 7051 1
3061 4596 1
193 4965 1
855 4118 1
4542 8770 1
4292 7841 1
2150 2460 1
5197 7718 1
1551 7793 1
663 915 1
6788 7334 1
1193 1669 1
85 709 1
8904 9050 1
5788 8159 1
7668 8844 1
9189 9973 1
2943 5479 1
1076 3713 1
5162 7882 1
8302 9921 1
2490 5911 1
3844 3894 1
62 8804 1
358 1218 1
5876 7225 1
3818 6645 1
7190 8253 1
1963 2984 1
8549 9798 1
6533 9444 1
5562 8755 1
3193 6593 1
1698 7439 1
1644 4170 1
8335 9280 1
2833 3806 1
2086 9241 1
4845 7616 1
1345 5042 1
6183 8284 1
4695 7857 1
7439 9896 1
3996 7856 1
5921 9038 1
4388 7148 1
663 6176 1
5635 6200 1
4530 5511 1
6168 6471 1
2133 7717 1
6727 8155 1
4760 5973 1
4125 7677 1
5787 9223 1
3411 5890 1
5396 7123 1
3966 6112 1
1846 6906 1
879 7871 1
2649 8950 1
3903 9735 1
1379 3498 1
4661 8596 1
3582 6122 1
4069 6240 1
6448 9090 1
4576 7734 1
3578 9386 1
4832 9417 1
778 7415 1
284 4436 1
1648 4827 1
3996 6112 1
154 8527 1
6286 9701 1
315 716 1
5189 6621 1
105 3158 1
8790 9055 1
2577 4509 1
4705 7740 1
2525 8483 1
3380 8997 1
7788 9245 1
2253 7795 1
2647 3750 1
4185 9956 1
6346 6719 1
5627 7786 1
157 2759 1
7553 9378 1
4795 5189 1
75 2168 1
326 3507 1
3028 7010 1
640 8770 1
6600 9460 1
5540 9480 1
3303 8935 1
1770 7045 1
1897 6820 1
2764 8657 1
2370 3068 1
6740 6996 1
1334 7646 1
4887 5128 1
1642 5547 1
2294 3258 1
9754 9862 1
2527 3991 1
6895 7284 1
7437 9553 1
7105 8814 1
6279 6786 1
169 3119 1
5086 9660 1
998 8636 1
685 3975 1
4563 5189 1
4546 5774 1
101 8842 1
3434 8078 1
2554 2781 1
4259 5717 1
3792 9449 1
2127 5188 1
2306 3433 1
3888 6713 1
5854 6206 1
274 9709 1
90 732 1
2493 6450 1
4256 8802 1
2219 5127 1
715 8139 1
6623 7885 1
1487 9150 1
7182 9569 1
723 1584 1
7216 9153 1
2440 7755 1
2844 8370 1
2687 7632 1
426 3283 1
9415 9591 1
389 3401 1
1820 5014 1
1297 7713 1
1548 5080 1
3986 6847 1
7516 9041 1
4020 5677 1
436 6630 1
3481 7843 1
4513 8993 1
270 676 1
5803 9435 1
1861 6708 1
2260 3973 1
4615 6237 1
6788 9241 1
4188 8644 1
628 7739 1
4022 6662 1
4163 8587 1
1164 1303 1
487 3535 1
807 6923 1
962 3828 1
1123 4685 1
3411 9891 1
3797 8614 1
1550 7381 1
2004 9803 1
2319 2459 1
8645 9134 1
6909 8605 1
5111 9450 1
2659 5533 1
1138 1960 1
5188 6664 1
253 9905 1
788 7031 1
750 4295 1
2150 6595 1
3989 9723 1
5107 8927 1
3663 8018 1
1519 8418 1
4124 6915 1
2386 8003 1
8002 8129 1
4743 8650 1
8179 9519 1
3685 3835 1
863 6801 1
446 1036 1
2796 7120 1
9058 9838 1
3031 8680 1
5385 9810 1
3924 9486 1
51 5610 1
2611 5088 1
4230 9004 1
3339 6581 1
1365 2474 1
1028 1391 1
2416 4620 1
8016 8185 1
5099 8635 1
2613 9106 1
5930 8563 1
7153 9473 1
240 5482 1
6441 8513 1
5264 7948 1
1671 9347 1
2604 7300 1
3939 9205 1
4374 9133 1
5521 6823 1
7288 8385 1
5717 8455 1
2214 4112 1
4521 5396 1
3817 7495 1
6678 9365 1
1551 3768 1
4249 4708 1
1892 9696 1
7921 9237 1
1052 5518 1
1164 5759 1
2642 5498 1
1759 7854 1
2991 4154 1
4059 7967 1
2713 7593 1
1132 6975 1
2057 5976 1
2668 3686 1
2219 2362 1
2697 5370 1
162 472 1
1688 6109 1
1464 8845 1
573 3978 1
2530 9579 1
257 709 1
2552 6894 1
6476 6763 1
7047 7518 1
490 3162 1
2007 8491 1
3215 4205 1
780 6119 1
4173 6352 1
4290 6937 1
7438 8837 1
3131 6951 1
3709 8877 1
794 5236 1
436 9692 1
1241 5955 1
432 3342 1
4944 8077 1
1845 4349 1
50 8875 1
4902 8605 1
7161 8155 1
4876 7384 1
5067 7918 1
6125 7071 1
7250 7446 1
2200 7731 1
3162 4170 1
2626 5853 1
5217 8616 1
3687 8687 1
3195 5781 1
4514 4709 1
5644 7148 1
320 8362 1
5496 9879 1
2786 7424 1
7029 7827 1
2347 4344 1
2827 5735 1
2968 6906 1
4613 9791 1
1431 9970 1
6438 6605 1
3115 9585 1
4271 9273 1
4940 7153 1
358 9004 1
1719 1742 1
2694 8774 1
5249 7908 1
1431 4493 1
863 1003 1
5496 7785 1
3079 4643 1
4801 6994 1
4362 6358 1
2844 9472 1
1130 2286 1
467 8358 1
4846 5424 1
5515 8966 1
5945 8550 1
50 9009 1
7825 8269 1
1211 9041 1
3737 7245 1
4117 6712 1
573 8784 1
351 1767 1
5080 6759 1
6441 9131 1
634 6027 1
384 5098 1
3379 4504 1
4917 8458 1
1214 1583 1
6907 7591 1
4780 4962 1
5471 9017 1
6348 9290 1
101 3662 1
2659 6285 1
5573 7981 1
4473 6882 1
3057 8775 1
5863 8494 1
5197 8633 1
2784 7862 1
2679 6348 1
1903 6127 1
1376 4920 1
1166 5110 1
1236 6603 1
5289 6128 1
6615 8479 1
6011 9496 1
1250 3468 1
1365 3226 1
1671 2744 1
427 9093 1
1478 9519 1
6010 6827 1
4052 6451 1
3425 8016 1
3833 7087 1
4989 6775 1
758 3945 1
2213 5952 1
6741 8968 1
406 2739 1
3031 7338 1
4894 6888 1
5809 8207 1
1979 4967 1
2953 3483 1
902 6326 1
16 4247 1
559 9370 1
8090 9990 1
1975 8231 1
122 6363 1
3308 9309 1
2943 8622 1
4371 5800 1
4784 5969 1
2048 8709 1
329 3431 1
962 1092 1
1168 9828 1
4418 7309 1
4526 6842 1
2048 5676 1
7703 8948 1
2942 9336 1
1509 4644 1
2393 5896 1
6276 8208 1
1722 5691 1
5166 6421 1
6599 8861 1
257 7877 1
625 9027 1
3266 9433 1
7495 9184 1
3326 7232 1
3792 8725 1
1272 3361 1
2280 7123 1
3462 8032 1
2964 7001 1
2596 6605 1
5095 8059 1
3299 3315 1
8954 9031 1
264 538 1
1010 4300 1
3221 3624 1
3673 9383 1
2071 7134 1
2878 6668 1
2021 5327 1
4884 8778 1
4935 5333 1
697 3022 1
236 6599 1
5571 8927 1
1968 7386 1
96 1112 1
5491 8409 1
2535 8931 1
686 2863 1
419 8935 1
288 8452 1
2844 7996 1
4358 7392 1
4012 6755 1
5240 5565 1
3022 6016 1
2210 3886 1
2743 6601 1
3311 3675 1
1499 8786 1
3577 3794 1
907 2458 1
3621 8038 1
911 5583 1
1551 8387 1
3748 7059 1
5484 9308 1
4137 6642 1
1289 8387 1
4524 4836 1
196 353 1
7800 9365 1
1052 7693 1
1838 8602 1
3263 7017 1
2421 8428 1
4133 6119 1
869 2324 1
4096 8681 1
4168 8557 1
1331 4075 1
1114 5538 1
6642 9981 1
1067 7412 1
778 893 1
2474 8439 1
1285 2387 1
2393 3347 1
4203 5545 1
2923 4101 1
14 497 1
3465 9753 1
4709 5124 1
5216 6618 1
3468 7018 1
7886 9674 1
4467 8974 1
5747 7974 1
2404 3886 1
1029 8998 1
2699 8907 1
1106 2802 1
1491 2613 1
3284 5396 1
2439 6324 1
4521 9210 1
3466 9574 1
288 5553 1
6744 9103 1
5443 8502 1
4331 9086 1
7497 9340 1
3481 4220 1
848 3675 1
528 2007 1
3831 4976 1
5491 6449 1
8282 8334 1
2841 8209 1
3980 4318 1
8549 9587 1
767 7658 1
1684 9050 1
2401 7910 1
5257 5464 1
1482 9855 1
5899 9657 1
2253 2562 1
2659 4004 1
2815 6207 1
9373 9475 1
2150 7510 1
4337 5494 1
2415 4775 1
2974 6459 1
1169 2161 1
1492 9230 1
5373 9961 1
907 3881 1
671 1130 1
1591 9209 1
3554 9929 1
1297 8762 1
211 7561 1
3062 5525 1
4732 7686 1
3375 7742 1
684 1365 1
616 2362 1
602 2464 1
4659 5895 1
8244 8550 1
3294 6033 1
1625 2562 1
3438 8441 1
1700 6119 1
5473 9791 1
7102 8945 1
1701 4277 1
1305 4277 1
2566 5479 1
7669 8992 1
7786 9577 1
40 5585 1
2436 9570 1
3432 7845 1
2527 5524 1
5899 8852 1
1487 9394 1
5004 8939 1
386 745 1
1117 5919 1
4757 9971 1
6084 7851 1
1280 6849 1
559 7089 1
7873 9172 1
5218 8868 1
4125 7250 1
1785 9990 1
1250 6448 1
367 3886 1
2729 9041 1
5306 7934 1
5020 7348 1
378 3486 1
3633 7727 1
2289 4016 1
7384 7668 1
1580 7491 1
1473 5150 1
4071 4920 1
3978 8139 1
2440 5905 1
910 5976 1
2484 6177 1
4220 8426 1
7377 9880 1
2869 3544 1
5849 7580 1
3663 6034 1
1476 9770 1
523 6469 1
4134 9591 1
376 565 1
5527 8468 1
4787 8658 1
436 4780 1
881 5396 1
5313 7950 1
857 2558 1
6127 8463 1
3938 9652 1
4031 9843 1
765 2969 1
7189 7735 1
286 2742 1
5874 7236 1
3298 7225 1
3028 3200 1
5693 9110 1
4184 9304 1
1935 5746 1
1343 1670 1
2144 5331 1
4451 6615 1
3028 6583 1
8804 8876 1
3773 5239 1
339 2753 1
5396 9274 1
723 5345 1
5439 7658 1
6206 8325 1
4458 8725 1
614 6341 1
285 423 1
4739 5742 1
4174 9905 1
5120 8817 1
526 5181 1
6071 9039 1
4607 6754 1
2967 4967 1
4878 9469 1
5521 6128 1
2907 9797 1
1 7430 1
4784 7555 1
3120 4428 1
7476 7926 1
2474 5219 1
2028 9828 1
4069 6297 1
1280 2795 1
7212 7853 1
3953 8566 1
15 131 1
3281 3972 1
392 9688 1
6662 9106 1
1402 7861 1
7847 9532 1
1376 6640 1
5079 7099 1
7223 7453 1
290 5439 1
7126 7520 1
6933 9569 1
5789 8952 1
770 6830 1
3294 4207 1
7380 8568 1
6404 9979 1
697 7291 1
3405 7421 1
4048 9742 1
473 6085 1
1075 4433 1
8411 8527 1
4834 8207 1
1584 4310 1
1241 7354 1
2798 3222 1
7672 9127 1
2581 5439 1
4739 4937 1
4888 8443 1
3571 9561 1
1238 7056 1
696 4787 1
6358 9230 1
235 1194 1
1334 4320 1
5186 7319 1
3283 5896 1
3161 4967 1
4024 7062 1
5467 6026 1
6623 9686 1
656 4607 1
2941 3880 1
3830 5476 1
7892 9251 1
2665 5702 1
2109 3535 1
2781 5096 1
3383 7416 1
2003 8966 1
1284 2863 1
6012 6499 1
2160 4254 1
1497 3910 1
2942 7673 1
3587 6657 1
2530 4696 1
2422 3473 1
7886 9621 1
4622 5826 1
4723 6632 1
5851 8244 1
2596 4003 1
6849 7346 1
4428 5960 1
4268 4547 1
1919 5481 1
201 6255 1
7558 8974 1
4685 4835 1
6087 7962 1
3250 3480 1
3513 8778 1
3464 9825 1
6726 7131 1
3746 7067 1
4016 4676 1
1024 2535 1
4955 5827 1
2773 5743 1
526 4510 1
2775 4126 1
6014 7834 1
933 6554 1
138 6091 1
5255 9502 1
4694 6991 1
2997 5636 1
4320 8470 1
688 3525 1
1720 7873 1
4313 7299 1
371 4572 1
6018 6263 1
1725 8217 1
510 4916 1
4130 8346 1
3022 7386 1
4264 8346 1
588 3294 1
5715 7393 1
469 6046 1
3960 6622 1
6471 7147 1
1457 2925 1
4177 8542 1
1938 7170 1
3781 5344 1
1979 4727 1
2421 5826 1
2865 7560 1
5991 6695 1
817 7668 1
770 3126 1
1085 2006 1
16 7390 1
5654 7275 1
4957 8101 1
7717 9919 1
5110 8343 1
6225 8030 1
3789 4646 1
721 4173 1
2653 8054 1
5953 7342 1
2782 4492 1
552 2674 1
4256 8993 1
2496 3906 1
3067 7105 1
2632 4733 1
8430 9037 1
1854 6883 1
1346 5164 1
5728 8163 1
1003 8208 1
845 1206 1
1870 3629 1
1983 9922 1
9168 9905 1
615 4127 1
392 7273 1
4883 7778 1
7665 9355 1
2954 5134 1
523 2094 1
1030 3588 1
5333 6294 1
4875 8826 1
8252 8334 1
7607 9350 1
3068 7865 1
2642 6710 1
4309 9354 1
51 5667 1
1243 8018 1
1780 9189 1
1606 5626 1
5890 8282 1
1998 4918 1
697 1843 1
2388 2629 1
6874 7671 1
2168 3794 1
7865 9766 1
917 5000 1
3200 9862 1
77 822 1
3156 4837 1
1188 3773 1
675 6406 1
1924 2121 1
1022 9897 1
7137 7492 1
6061 9453 1
1622 9892 1
1374 5626 1
1492 7567 1
2839 6823 1
5585 6491 1
1526 6397 1
4967 7610 1
1292 8445 1
1073 9835 1
6233 7466 1
2857 6648 1
4596 6162 1
3961 7866 1
2858 8004 1
4351 6331 1
1655 3774 1
3957 4714 1
4041 5351 1
2931 3564 1
4254 6398 1
4703 6224 1
2445 8774 1
3339 6772 1
5124 8883 1
3419 9919 1
1048 2958 1
351 1340 1
5521 6075 1
6543 8981 1
213 3850 1
361 3748 1
3714 9278 1
6603 7534 1
4710 7553 1
219 2352 1
1179 5134 1
90 252 1
5153 9062 1
7849 9367 1
289 5565 1
1968 7280 1
1931 9842 1
3755 3802 1
1334 5422 1
4395 7168 1
2454 5453 1
441 2172 1
651 1982 1
5647 6564 1
280 9394 1
4179 5069 1
2109 7670 1
901 5540 1
287 1705 1
9440 9922 1
474 7947 1
1343 4195 1
3421 5619 1
7354 9546 1
2450 4930 1
2758 2831 1
2520 8143 1
6336 8479 1
9116 9983 1
8314 8541 1
835 1695 1
2022 7866 1
3304 3529 1
353 4395 1
953 6080 1
454 5201 1
6729 8181 1
4771 7051 1
4268 4710 1
6603 9762 1
1066 9929 1
3375 5624 1
5028 8370 1
217 6951 1
6375 9346 1
1423 6002 1
4422 6116 1
7242 8931 1
5793 7678 1
110 5576 1
383 9872 1
2779 7441 1
4445 4787 1
253 7547 1
2237 2728 1
1340 5186 1
1677 7989 1
216 7665 1
1880 4376 1
2941 7210 1
5577 7272 1
3032 8826 1
203 9123 1
2768 6501 1
5939 7099 1
6847 9691 1
6157 8490 1
6618 9639 1
2459 8375 1
498 5284 1
45 4750 1
4670 5255 1
1736 5536 1
1097 9750 1
4127 9177 1
82 5571 1
3714 7318 1
8087 8511 1
7311 9044 1
528 4345 1
562 9591 1
476 8127 1
8719 8953 1
4063 4439 1
7423 8696 1
1823 2687 1
2540 4957 1
2946 6399 1
5869 9901 1
809 1362 1
1581 5783 1
1655 6486 1
1598 5952 1
988 2236 1
8928 9477 1
2841 5070 1
1091 7841 1
549 5572 1
795 9011 1
311 3714 1
1694 6599 1
6451 9475 1
1511 7646 1
2071 5768 1
3408 4336 1
170 3482 1
6945 9229 1
7242 9415 1
7806 8999 1
2632 9218 1
1259 5331 1
2181 7067 1
2047 3869 1
97 7518 1
4923 7525 1
2592 5655 1
1563 5742 1
3715 9367 1
3295 8781 1
7754 9748 1
2117 8745 1
3237 8776 1
2948 8673 1
4878 7001 1
1313 1780 1
6984 8783 1
62 5238 1
487 506 1
994 8416 1
7498 9004 1
6078 8681 1
1558 1584 1
5396 5651 1
7932 8707 1
5143 5205 1
1164 9012 1
5593 7885 1
9113 9391 1
426 3421 1
1124 8647 1
288 5931 1
732 4659 1
4451 9758 1
2925 9039 1
7842 9164 1
72 7996 1
4019 5405 1
875 5876 1
2298 3464 1
439 8729 1
5487 6119 1
4040 9665 1
3778 9665 1
10 8057 1
1904 9926 1
4920 9455 1
4989 9060 1
2386 2530 1
4641 7788 1
5460 8645 1
3643 9440 1
5539 9692 1
2160 2941 1
658 2616 1
950 6400 1
2294 2941 1
5929 7403 1
7096 7280 1
1426 3885 1
1186 8370 1
2132 8248 1
2166 7078 1
2469 4635 1
91 2919 1
634 8796 1
5291 9748 1
3061 7930 1
403 1693 1
8751 8759 1
1464 4527 1
3 1759 1
5890 9518 1
300 4197 1
3784 6046 1
2734 4502 1
666 5486 1
5511 6489 1
6118 9153 1
987 2094 1
9383 9386 1
3662 7746 1
5276 9066 1
1878 2073 1
3775 7623 1
1681 7386 1
248 2694 1
6285 9266 1
1127 3602 1
2720 3291 1
426 9382 1
209 8401 1
1900 5215 1
35 9002 1
811 8469 1
3254 4918 1
626 8689 1
750 4783 1
4676 6977 1
3762 9266 1
2236 8547 1
1587 7909 1
2464 8182 1
6633 7882 1
5074 7023 1
7044 7224 1
4241 8742 1
3045 5683 1
1002 8387 1
723 8972 1
3065 4615 1
2777 7366 1
523 5908 1
8704 9828 1
1973 3599 1
159 1467 1
3295 8460 1
2531 8064 1
6521 9519 1
5784 9226 1
2451 7546 1
3031 3691 1
1685 9733 1
2614 6786 1
479 1822 1
907 4743 1
1376 9917 1
4318 9497 1
89 7494 1
4127 9929 1
8394 9006 1
5477 6450 1
2161 8157 1
1577 8860 1
3087 4350 1
683 5385 1
292 9701 1
5746 7779 1
89 5400 1
1976 3092 1
501 2870 1
1657 7284 1
9358 9813 1
3482 4098 1
3957 5145 1
1708 5529 1
5963 7255 1
7483 9849 1
4835 8272 1
7977 8694 1
86 7731 1
6168 9350 1
3730 9303 1
2448 4780 1
6152 8093 1
4612 7476 1
1955 6345 1
723 3629 1
4890 5700 1
231 915 1
930 7305 1
7977 9044 1
2528 4894 1
1642 2815 1
1986 2625 1
2577 9482 1
5223 5536 1
5016 8441 1
4844 4951 1
1609 7778 1
91 6920 1
554 2480 1
4917 5429 1
8253 8346 1
1684 4919 1
252 9497 1
7798 8705 1
3207 7784 1
733 7326 1
3398 9072 1
2004 9970 1
2912 7112 1
2793 5700 1
5004 8996 1
78 2901 1
2906 9549 1
1024 2779 1
7374 7596 1
1488 7609 1
4351 6896 1
4750 6605 1
4430 7189 1
106 8332 1
4423 8462 1
1195 6044 1
937 8260 1
2845 2857 1
3672 7739 1
680 2188 1
3061 3421 1
1323 5263 1
3248 9663 1
153 3425 1
2374 6655 1
872 2358 1
9294 9373 1
7795 8757 1
3024 4293 1
6616 9085 1
7655 7996 1
5463 6662 1
628 7101 1
4310 7245 1
7333 7945 1
3919 9309 1
4430 5095 1
5436 8222 1
6260 9423 1
1217 4463 1
3238 9325 1
2958 4612 1
664 9949 1
4021 4109 1
526 6043 1
7866 9347 1
82 9035 1
6775 7802 1
2365 6727 1
4204 6445 1
1803 7189 1
6237 6406 1
1292 1789 1
3858 9191 1
5759 9033 1
938 2954 1
2060 7784 1
1425 9488 1
2316 5495 1
1280 3657 1
5206 6605 1
6043 9731 1
5637 9043 1
1053 6849 1
6209 8680 1
2236 8360 1
1560 3647 1
853 3031 1
6342 9963 1
4293 6271 1
4334 7026 1
676 860 1
1622 7908 1
2186 7492 1
4376 8191 1
1097 2610 1
2447 5547 1
5539 6606 1
864 8266 1
5738 7755 1
960 1558 1
1526 8385 1
2942 7246 1
2071 6199 1
8341 9589 1
183 8282 1
2480 8878 1
2117 8826 1
3550 7102 1
5668 9645 1
5126 7376 1
3782 8391 1
1223 7795 1
5189 5446 1
1906 3129 1
6157 9055 1
1477 7153 1
4987 7217 1
7251 7865 1
2378 5568 1
8300 9184 1
5734 8171 1
2948 9104 1
4837 7623 1
2488 4393 1
282 7887 1
4733 6519 1
1187 3792 1
421 8985 1
4318 6277 1
1221 2622 1
4320 4660 1
224 7882 1
2309 3869 1
6605 9568 1
4117 5240 1
3360 6015 1
3 5439 1
4915 5220 1
9722 9903 1
2822 7837 1
9620 9626 1
5088 6868 1
4241 4717 1
2484 5563 1
631 9330 1
2529 7965 1
3752 8875 1
3690 7997 1
5371 6375 1
4016 8921 1
2870 5225 1
2813 4691 1
2484 9885 1
2687 5518 1
3907 7473 1
1371 2165 1
4987 9795 1
768 8288 1
436 7549 1
315 3058 1
3885 3927 1
3895 4615 1
5438 9667 1
4571 7638 1
2890 5096 1
3624 7535 1
4202 9461 1
1630 4496 1
3061 8361 1
545 6903 1
6340 9246 1
2004 6400 1
896 5440 1
4798 7802 1
3036 4332 1
1238 2925 1
2110 9270 1
3032 6842 1
5329 7438 1
2974 5174 1
472 948 1
2057 3028 1
6167 8537 1
5533 6679 1
1710 9336 1
724 6087 1
198 4351 1
6510 8876 1
2632 4656 1
479 9474 1
2571 6632 1
4176 8398 1
2144 9039 1
62 6153 1
7667 8974 1
1464 9280 1
1376 4737 1
3401 7089 1
3010 4989 1
2844 5451 1
1051 4388 1
7785 7882 1
4137 9574 1
44 8206 1
1845 6878 1
1778 5656 1
107 5522 1
3792 5375 1
953 4230 1
4979 8348 1
3556 8316 1
3215 8023 1
2850 7336 1
1379 6324 1
5687 9374 1
3113 3774 1
592 4224 1
3544 6212 1
1985 9517 1
7650 7815 1
4133 9990 1
3844 9887 1
3202 6448 1
5327 9970 1
1376 9409 1
2415 6068 1
3979 7079 1
2950 6412 1
107 395 1
664 7668 1
626 7376 1
179 271 1
1075 4758 1
1319 3398 1
4316 6849 1
4937 9411 1
744 2901 1
2146 8280 1
852 4686 1
1963 6883 1
1310 8947 1
1878 6021 1
914 8947 1
23 6524 1
5637 5823 1
2552 3491 1
1580 4112 1
1810 7018 1
1170 1962 1
1992 8752 1
8804 9685 1
1622 7721 1
4268 8471 1
2844 5585 1
5479 7866 1
3411 4878 1
1654 5724 1
4486 5166 1
6053 6640 1
1865 3692 1
280 8028 1
6605 7153 1
3582 5699 1
1927 2880 1
4113 5335 1
2566 7711 1
348 8162 1
5344 8580 1
2 1109 1
1241 2552 1
5636 9920 1
6567 7800 1
3014 3148 1
2384 5196 1
634 5523 1
26 9050 1
5929 8452 1
6705 8673 1
444 2393 1
2529 5550 1
4794 9052 1
6769 7153 1
2106 8076 1
3952 6521 1
1128 8660 1
7171 8853 1
2274 7660 1
6756 7857 1
1901 2948 1
3614 9909 1
569 2280 1
4445 9837 1
6907 8026 1
400 5477 1
735 3481 1
7096 8679 1
7089 7508 1
8271 8417 1
1994 8774 1
1182 2480 1
6740 9017 1
5427 8591 1
4685 5510 1
2871 9986 1
4031 4720 1
1467 3780 1
5911 8411 1
3674 7866 1
2373 7265 1
6135 6584 1
1388 6870 1
5013 9890 1
5710 9818 1
698 8675 1
7618 8387 1
2660 9924 1
2779 4920 1
1705 9960 1
6290 9346 1
3640 9386 1
5610 9587 1
5207 7662 1
61 8239 1
3930 9899 1
274 2870 1
1012 2045 1
4351 7677 1
3482 8985 1
3964 4787 1
156 2060 1
6477 8391 1
1258 2451 1
643 9503 1
1624 6746 1
1298 9205 1
2867 8308 1
859 6125 1
3742 8508 1
234 6073 1
3561 7184 1
3626 6081 1
715 1650 1
5976 8001 1
8319 8942 1
4121 6060 1
155 1993 1
1791 9488 1
6660 8633 1
3265 5321 1
1577 6526 1
8220 9902 1
5978 9767 1
2181 3257 1
4351 9905 1
2149 3719 1
552 6732 1
49 8363 1
5271 6118 1
171 2876 1
4678 8987 1
4320 9279 1
5813 7606 1
2480 8370 1
1241 8647 1
1642 2575 1
174 1080 1
4984 9444 1
834 3570 1
4349 4732 1
6298 6308 1
462 1712 1
4003 4095 1
3860 6261 1
4565 5296 1
2870 5522 1
1316 5007 1
4353 9577 1
7286 7351 1
6164 6493 1
351 2820 1
1688 5552 1
7644 7998 1
975 3401 1
6222 7602 1
5448 5764 1
5255 8567 1
7958 9851 1
3011 6851 1
1805 9520 1
215 7096 1
750 4222 1
700 1661 1
7833 7870 1
4567 7412 1
1845 5886 1
3686 9649 1
4825 9922 1
8543 9723 1
3719 5625 1
8770 8948 1
1652 5491 1
7287 8865 1
2544 6826 1
1692 3577 1
551 3231 1
3880 7421 1
4624 5852 1
2812 4547 1
4207 8947 1
4078 6847 1
1241 2365 1
2142 5476 1
659 5393 1
1335 8416 1
3780 4938 1
1285 5855 1
2923 3597 1
4012 8479 1
2742 5471 1
1250 9998 1
3693 9665 1
2917 3782 1
1439 4043 1
91 9258 1
2607 2802 1
2961 3300 1
2424 3095 1
5844 7403 1
1759 4398 1
1361 3571 1
4291 5800 1
139 3263 1
1286 9813 1
794 6907 1
8034 9041 1
5126 8291 1
5752 8753 1
365 6235 1
3830 3870 1
2402 7658 1
5588 5878 1
1813 3099 1
3979 7376 1
6243 8024 1
435 3032 1
8337 9981 1
1475 2545 1
3701 6873 1
1314 9767 1
7212 8825 1
1923 6842 1
1448 9767 1
2071 2576 1
7439 9770 1
2771 6185 1
2781 4429 1
809 8319 1
5389 9051 1
215 1164 1
1123 3002 1
1448 6734 1
803 1334 1
4362 6740 1
1276 4937 1
138 1102 1
1452 8546 1
4850 6679 1
2146 7422 1
2356 8952 1
962 9850 1
5131 5386 1
198 3038 1
2106 8023 1
10 9403 1
7713 8595 1
2453 5852 1
3557 9322 1
4825 9251 1
5955 9970 1
1609 4184 1
4563 9251 1
6154 8867 1
2329 6725 1
4189 7320 1
7766 9360 1
796 4835 1
89 4973 1
2917 7649 1
1169 3885 1
1549 3352 1
367 6415 1
1518 5759 1
7001 8739 1
1373 3126 1
2286 7028 1
6663 9683 1
1403 4466 1
4975 6162 1
3576 7470 1
6941 7153 1
4878 8481 1
2421 4220 1
2577 4733 1
9435 9983 1
3315 8634 1
3468 8876 1
7724 9484 1
2108 2942 1
7452 8796 1
3438 3749 1
3560 5432 1
6767 8693 1
12 1878 1
7570 9017 1
4000 5704 1
5440 9123 1
2773 9748 1
8208 8550 1
2298 4005 1
2461 9661 1
4818 6336 1
5377 8020 1
2359 7664 1
2025 8542 1
879 4846 1
2976 6320 1
3361 4441 1
3638 7193 1
312 2520 1
5640 7841 1
3674 6069 1
2421 6448 1
0 4096 1
1860 8101 1
2278 8614 1
2434 9127 1
8029 8376 1
2279 5052 1
5188 6404 1
4061 5956 1
2440 7629 1
7856 9387 1
2837 7265 1
2362 3774 1
1639 9795 1
3535 9293 1
2332 5817 1
1602 3497 1
4625 4951 1
3300 5454 1
2253 8153 1
7074 8570 1
4154 8749 1
1935 3148 1
4634 9386 1
4596 6650 1
625 2993 1
215 7259 1
2314 5396 1
7068 8001 1
4659 4720 1
3697 6029 1
2675 6341 1
8358 8443 1
2006 2799 1
1933 5704 1
732 8717 1
3870 5957 1
7886 8633 1
6079 8426 1
6756 9577 1
3200 6162 1
4682 6774 1
2383 5351 1
7498 7935 1
3238 3421 1
3167 7153 1
4834 9797 1
1216 4750 1
4294 5911 1
7802 8346 1
3263 7615 1
1967 2440 1
7758 9737 1
1034 9405 1
654 2768 1
7708 7930 1
4327 7522 1
5562 7503 1
4516 8175 1
8810 9075 1
737 1490 1
1682 6593 1
7415 8058 1
2702 9426 1
164 7455 1
4395 4623 1
3061 5572 1
3910 6271 1
1298 6603 1
5026 8812 1
2290 5136 1
657 5294 1
3050 8796 1
1314 4103 1
682 9488 1
4796 9289 1
157 4190 1
4965 7755 1
6641 9953 1
605 8487 1
1364 2877 1
3339 3422 1
1601 2066 1
4634 7426 1
179 1670 1
4316 8248 1
4894 6010 1
3547 7508 1
3015 9899 1
3182 5875 1
974 8734 1
3921 8658 1
3806 6456 1
4633 4922 1
2057 8883 1
3346 6471 1
3578 3596 1
635 2071 1
346 1968 1
3035 7518 1
939 8898 1
1051 5921 1
3979 9767 1
5650 6703 1
6849 7781 1
588 1501 1
1283 4766 1
8270 8706 1
5236 7817 1
700 7569 1
4108 6390 1
6785 7207 1
3050 5547 1
1771 2985 1
926 4879 1
1206 7148 1
540 7287 1
614 3072 1
4908 8136 1
3411 8155 1
4379 8546 1
4446 7324 1
5798 8644 1
261 8811 1
1376 8498 1
8136 9241 1
1591 2236 1
3778 6636 1
1271 6984 1
3989 4604 1
2130 9869 1
3298 8628 1
1973 9885 1
6333 6709 1
472 5998 1
143 2524 1
1237 7750 1
1397 9725 1
2649 2705 1
4464 8253 1
3301 7586 1
3564 4024 1
4878 6550 1
8968 9929 1
155 814 1
2166 7432 1
9007 9857 1
573 5491 1
4086 5826 1
834 1102 1
999 1169 1
3266 7750 1
6375 8224 1
6595 7244 1
869 1096 1
4635 6041 1
1314 5876 1
6152 9118 1
8657 8697 1
2754 9295 1
4896 5816 1
794 922 1
4539 8962 1
7870 8317 1
3603 5076 1
5597 5863 1
2517 4629 1
5299 6206 1
2778 4404 1
4598 9542 1
2676 8823 1
5921 5960 1
8727 8877 1
6566 6664 1
5161 5683 1
6611 7346 1
2029 5979 1
1969 2730 1
2313 3294 1
1767 5979 1
4544 7212 1
60 3936 1
4220 4836 1
223 9592 1
2119 5872 1
4612 7346 1
2394 7797 1
169 6323 1
2461 6575 1
3061 4096 1
5499 6617 1
2799 9014 1
5774 8542 1
5841 9764 1
2365 9496 1
7105 8985 1
2528 4764 1
2053 8443 1
606 3853 1
3362 4209 1
1452 8977 1
6875 9462 1
6434 7245 1
548 7258 1
3368 9881 1
5095 8604 1
3017 4928 1
5809 7947 1
1938 4706 1
6335 7239 1
6464 6895 1
1744 7284 1
569 5102 1
8741 9468 1
2650 4353 1
358 1657 1
1708 2150 1
2291 4420 1
2272 4178 1
2117 7273 1
6273 9929 1
5220 5458 1
1345 7925 1
523 5107 1
2424 4949 1
394 2253 1
6006 8087 1
4320 5201 1
6904 9237 1
3551 3707 1
961 4552 1
2566 9728 1
2583 7453 1
1547 1643 1
1688 3568 1
6600 9765 1
4317 4903 1
683 3295 1
4337 7999 1
4375 8291 1
8404 9674 1
3017 7156 1
104 1898 1
8438 9258 1
3531 7377 1
313 7899 1
3558 5036 1
4903 7629 1
2854 8855 1
729 5333 1
2943 4174 1
99 4937 1
5496 8143 1
2447 6222 1
4197 4205 1
1182 7530 1
3135 8316 1
1361 3331 1
15 9373 1
3315 9415 1
376 9352 1
4170 9929 1
517 1663 1
3140 3183 1
922 2880 1
7200 8575 1
7561 9520 1
5400 6341 1
3896 5381 1
715 1089 1
7731 9931 1
2406 4127 1
7724 8760 1
1346 1895 1
2300 8804 1
7236 9171 1
5765 8159 1
4791 7953 1
2626 9728 1
4 9372 1
952 5913 1
2402 7768 1
2481 3897 1
2806 8383 1
1810 3692 1
6316 9201 1
8652 8971 1
7258 9869 1
2384 3964 1
3924 5335 1
5396 9201 1
1169 7833 1
3183 9272 1
4131 5813 1
2606 6228 1
3000 3903 1
422 9481 1
4818 5962 1
3161 4760 1
6838 7970 1
1934 5606 1
8181 9736 1
7063 8088 1
2278 3918 1
5022 5203 1
1168 2131 1
987 4005 1
1374 4451 1
818 6448 1
1510 5278 1
5176 6609 1
866 3486 1
654 5293 1
6354 6810 1
6476 7739 1
1194 6735 1
5108 8360 1
4251 7019 1
4492 9360 1
1140 3466 1
2198 6783 1
240 9625 1
3459 7985 1
1840 4631 1
2149 7830 1
126 3861 1
2326 2804 1
540 2912 1
1431 5335 1
1937 7947 1
5894 9454 1
264 4734 1
8185 8515 1
174 8224 1
8092 9290 1
1621 6398 1
8549 8977 1
1536 3816 1
1187 3662 1
1345 7254 1
4068 5218 1
6520 7637 1
7216 9592 1
3207 4889 1
3203 7399 1
5409 6379 1
5524 8581 1
3996 7035 1
2236 8364 1
5897 7631 1
4498 8185 1
1568 7676 1
3813 8082 1
2504 2702 1
1707 2358 1
1898 2892 1
1051 7157 1
796 5884 1
4371 7097 1
5310 9002 1
102 1531 1
2156 8785 1
3792 5700 1
1211 5345 1
3033 3396 1
4306 5921 1
627 6048 1
6064 7929 1
5028 9289 1
1575 2589 1
3896 7743 1
4161 5008 1
1475 3139 1
413 2332 1
5239 7257 1
7250 9711 1
1285 8677 1
2157 9360 1
3907 7343 1
1291 6213 1
6826 9383 1
1678 4407 1
5381 9592 1
3261 6414 1
9061 9101 1
4843 8196 1
320 828 1
1646 9595 1
1436 5813 1
4461 4896 1
374 9924 1
2942 4567 1
1483 4878 1
2558 7610 1
5479 6313 1
7647 8973 1
1028 2985 1
665 2933 1
7497 9214 1
377 8128 1
1101 8159 1
41 8179 1
3090 4438 1
2419 3479 1
1371 9740 1
6314 7114 1
315 834 1
2274 4818 1
7843 9070 1
696 1465 1
910 7810 1
184 7706 1
2624 3884 1
148 5043 1
3112 9300 1
2465 9489 1
2907 5670 1
6575 7828 1
119 9940 1
7987 9199 1
1192 5429 1
3642 9273 1
4500 7052 1
1316 4714 1
5839 9076 1
6085 8351 1
1660 2272 1
479 4217 1
665 1189 1
1014 1343 1
1668 3853 1
1088 1292 1
3254 9541 1
8610 8774 1
5067 7284 1
2851 8370 1
106 9304 1
2363 8781 1
9230 9421 1
1009 8354 1
7781 8168 1
3254 6508 1
237 9006 1
4683 7294 1
3265 7606 1
5524 7910 1
6668 8527 1
261 732 1
2575 7159 1
4068 7930 1
4512 7412 1
3903 3921 1
3748 6262 1
7074 7525 1
6848 7182 1
6645 8543 1
3274 8823 1
4059 4434 1
6448 9692 1
569 2016 1
679 4628 1
314 7913 1
5606 7161 1
3180 4465 1
577 4351 1
2729 7976 1
1581 5897 1
1457 4141 1
4937 6248 1
6253 7911 1
8997 9950 1
626 5152 1
5640 6930 1
2484 2668 1
5670 9024 1
1854 2272 1
2824 9152 1
1182 6538 1
184 1774 1
779 7087 1
3831 6273 1
1164 4454 1
3005 4999 1
2616 2972 1
4875 9692 1
3356 3536 1
5587 8208 1
143 8566 1
931 3694 1
472 9007 1
1379 9711 1
1904 1985 1
890 9520 1
6112 7275 1
1303 2519 1
2941 4425 1
3388 9086 1
2292 3787 1
544 4187 1
4184 8239 1
4213 7479 1
2522 4249 1
2408 7345 1
6663 8317 1
5797 9334 1
2837 6704 1
7028 8415 1
1216 1961 1
3774 7028 1
256 3905 1
7327 8482 1
4727 8639 1
5878 7983 1
508 4126 1
5642 9204 1
5606 7295 1
3830 3927 1
7089 7378 1
4171 4220 1
2075 5600 1
6135 8548 1
4683 7778 1
3375 8450 1
3077 8793 1
2583 3562 1
4418 7480 1
1433 7072 1
877 2653 1
1037 8792 1
2909 3732 1
2365 4800 1
1818 2941 1
3017 3265 1
5255 6664 1
2629 4846 1
696 5466 1
3607 9897 1
2917 9450 1
6931 7327 1
651 4003 1
8357 8596 1
6397 7393 1
7376 9663 1
848 2073 1
822 852 1
3746 7962 1
2844 9322 1
179 8330 1
3584 6880 1
4112 9251 1
750 9085 1
3231 5072 1
1642 3250 1
6929 8570 1
4921 6387 1
614 8443 1
4922 9241 1
77 1822 1
151 2525 1
2705 6130 1
1358 6874 1
7724 8252 1
430 3603 1
800 2382 1
1488 3722 1
557 6596 1
6526 7749 1
8448 9222 1
5050 6393 1
6262 9396 1
2635 4795 1
1785 3127 1
1693 9954 1
5220 6023 1
6101 7758 1
3694 5304 1
6624 7533 1
6028 8411 1
4686 5335 1
1985 2434 1
1649 2485 1
157 7012 1
651 4137 1
4508 8446 1
3493 4267 1
3916 4370 1
1409 4718 1
848 2207 1
4449 4833 1
923 8208 1
4569 5689 1
2924 6968 1
3275 6259 1
609 9738 1
2087 7033 1
1168 2562 1
3747 6254 1
784 1633 1
6157 8417 1
4889 6044 1
2229 5396 1
2017 7957 1
1592 4021 1
1022 3676 1
1018 2968 1
7138 9043 1
6009 9458 1
2289 2414 1
2860 9585 1
3457 8343 1
3880 8446 1
6313 9869 1
663 4497 1
3195 5899 1
5246 7220 1
5313 8442 1
600 3394 1
373 4169 1
2558 4524 1
288 8757 1
4473 9899 1
292 8876 1
1409 2974 1
7236 9736 1
161 3697 1
4944 7040 1
111 1890 1
2236 5412 1
7299 7806 1
6727 6826 1
3599 3858 1
8542 9368 1
2587 7332 1
4615 9201 1
1845 6695 1
2409 8723 1
3622 8945 1
2705 7553 1
926 2224 1
3359 3647 1
1251 5956 1
4752 7220 1
1505 7004 1
705 6951 1
2558 5813 1
4337 4726 1
404 1361 1
3690 4915 1
1066 3924 1
16 9358 1
3 3646 1
519 8666 1
1314 4965 1
6028 6451 1
2566 4361 1
1587 2091 1
5026 6641 1
8515 8834 1
901 8179 1
6123 6688 1
660 9810 1
1694 7815 1
2532 6470 1
4906 8976 1
2917 7035 1
4188 6481 1
5960 8387 1
829 9996 1
4115 7134 1
77 1501 1
3468 7323 1
2270 9853 1
1969 4263 1
2777 8903 1
2918 4412 1
3076 5752 1
7441 9336 1
3294 7143 1
3490 8021 1
1897 6080 1
4340 8191 1
5155 7586 1
3632 6384 1
3458 9237 1
4437 5091 1
6603 9368 1
2954 5008 1
6892 7027 1
6630 7027 1
3237 7548 1
6043 9711 1
4454 7889 1
8979 9476 1
4498 5717 1
5477 7987 1
3722 7216 1
2846 6579 1
5764 9737 1
2214 9520 1
1985 5496 1
4829 8705 1
5018 5194 1
2633 6471 1
410 5824 1
3663 9238 1
239 9914 1
2162 3853 1
2681 4418 1
1168 5624 1
7782 8824 1
2293 9971 1
4134 9762 1
6400 8793 1
1720 6137 1
8113 9338 1
1566 5670 1
7323 7721 1
1308 4880 1
673 6584 1
3792 9998 1
5034 6262 1
1892 4150 1
4923 8875 1
5637 8218 1
1551 1605 1
1241 7041 1
8825 8985 1
1712 8878 1
757 8914 1
7431 7439 1
5120 7699 1
89 1810 1
3117 6826 1
7102 9600 1
5674 6006 1
4344 6165 1
7086 7377 1
6199 9045 1
4616 7792 1
6548 9953 1
4067 4352 1
5111 7771 1
3072 9685 1
3748 7982 1
137 696 1
525 8914 1
5473 8352 1
1550 9085 1
731 4818 1
5306 9178 1
5132 8059 1
5161 6545 1
7241 8604 1
3227 3557 1
4734 8952 1
6556 8501 1
7067 9205 1
5169 8126 1
7010 8671 1
709 1272 1
2593 6425 1
3205 7181 1
934 1390 1
242 6532 1
5075 6212 1
8683 9817 1
2457 5975 1
2923 7468 1
3059 8295 1
853 7817 1
3483 5590 1
4505 9250 1
2473 9891 1
157 2637 1
2149 9013 1
1029 2566 1
843 6348 1
1909 7082 1
3631 9625 1
207 7827 1
3920 7284 1
4902 9825 1
1081 1975 1
2388 8248 1
6858 7122 1
4650 5817 1
2852 6662 1
1374 6923 1
3423 3445 1
1317 4137 1
2399 7848 1
1798 1966 1
7553 9606 1
5213 5930 1
3227 9168 1
1391 9721 1
2176 5332 1
4665 8542 1
3779 9681 1
4544 7269 1
3997 5410 1
389 1051 1
7653 7743 1
6065 6146 1
4757 8316 1
1237 4558 1
9359 9561 1
2312 3126 1
4879 7747 1
5925 7829 1
2554 5103 1
505 2165 1
6623 9857 1
811 9819 1
386 4917 1
7638 8374 1
2962 4928 1
3178 5492 1
657 9352 1
4263 8912 1
2312 6509 1
5230 9667 1
3690 9050 1
1250 4204 1
4875 7224 1
2143 5010 1
1890 2844 1
7901 8195 1
303 4101 1
1712 8207 1
8546 8899 1
4100 4195 1
4284 6756 1
299 6611 1
4187 6823 1
7466 9206 1
3352 6961 1
9589 9649 1
3176 9179 1
8546 9838 1
4351 8917 1
3799 5960 1
3816 5375 1
2551 9127 1
5139 8209 1
5175 7866 1
789 9629 1
8308 8734 1
1176 1407 1
1200 6719 1
1361 7576 1
745 6324 1
4757 6572 1
2054 9260 1
1942 9019 1
2362 7161 1
6894 9919 1
5491 6567 1
1238 3978 1
5565 7270 1
166 4927 1
2548 3352 1
569 9481 1
216 3701 1
5075 8574 1
6680 9586 1
3729 4036 1
3531 4051 1
809 2525 1
4298 8882 1
2658 6341 1
1285 1700 1
3774 8882 1
7962 9386 1
4089 5510 1
5059 8980 1
5540 6809 1
1419 5837 1
1973 7177 1
4972 7291 1
4968 5829 1
1023 3393 1
569 971 1
1532 9686 1
3359 7327 1
2474 8102 1
9654 9993 1
1497 4215 1
3219 9010 1
7486 9807 1
1376 6140 1
9440 9475 1
1057 3162 1
606 1011 1
102 3198 1
2405 3020 1
3126 7506 1
6906 8185 1
5428 8446 1
1386 7767 1
32 3368 1
1090 8937 1
128 3830 1
2681 8553 1
5420 9494 1
3264 8379 1
2892 6521 1
4516 6085 1
5443 8165 1
8302 9962 1
2738 3610 1
1220 9168 1
119 519 1
5469 6353 1
2069 2697 1
6493 9305 1
1927 2055 1
2529 4375 1
3535 6748 1
1083 6803 1
288 7094 1
6821 8612 1
5637 6876 1
1652 6731 1
6712 9608 1
4470 8719 1
2393 6177 1
6813 9660 1
191 7161 1
794 8363 1
541 7917 1
168 7177 1
63 1499 1
645 9960 1
2323 2405 1
110 6418 1
8876 9271 1
2954 3211 1
5667 5937 1
378 1510 1
3693 9966 1
7638 8992 1
5484 7950 1
68 530 1
5568 9341 1
3362 3945 1
1024 1096 1
6899 9592 1
1963 2809 1
4889 9992 1
1866 2876 1
4577 8185 1
1709 2892 1
1657 2702 1
1939 9770 1
4903 9109 1
15 7470 1
6887 9208 1
6634 7042 1
1171 7158 1
3585 9093 1
1310 8256 1
7913 8823 1
898 9251 1
2844 4894 1
4733 7385 1
1328 2419 1
3690 7574 1
4106 5008 1
155 1973 1
3942 7795 1
126 5207 1
7008 9885 1
5432 6605 1
7113 9147 1
860 3482 1
2451 9514 1
2740 7173 1
8636 9568 1
5613 8868 1
3032 8513 1
2715 8806 1
2125 3113 1
2161 2770 1
280 1860 1
7539 8208 1
3294 5480 1
412 5951 1
646 3903 1
2237 2765 1
2168 7132 1
707 4556 1
710 4827 1
189 1183 1
5751 6708 1
6030 6123 1
2236 9710 1
364 1938 1
3896 4767 1
3175 8417 1
326 1454 1
1623 2313 1
453 475 1
543 9036 1
2912 8946 1
3989 5897 1
699 881 1
2116 9012 1
5257 7489 1
5639 6093 1
2461 7734 1
1071 3678 1
5112 8828 1
7397 8101 1
3350 7078 1
62 2697 1
3300 5271 1
165 8302 1
2793 5440 1
5189 7735 1
3432 8581 1
3 23 1
794 1276 1
739 5541 1
4457 9506 1
5441 7956 1
2175 7498 1
4608 8921 1
7660 8861 1
7598 7983 1
7653 7690 1
5213 9260 1
7477 9908 1
7700 9199 1
4049 4204 1
7652 8219 1
186 5742 1
2347 5511 1
6777 9682 1
4680 5764 1
2930 7781 1
7 1835 1
5884 6432 1
5366 9475 1
5210 8962 1
4846 8685 1
352 3001 1
4813 6293 1
1795 5937 1
358 6199 1
7600 8968 1
5232 9660 1
2744 5332 1
2560 3525 1
707 1657 1
7441 8157 1
822 4613 1
458 4336 1
7882 9031 1
358 7138 1
3193 8541 1
3165 6493 1
4125 9275 1
5654 7259 1
2691 4358 1
891 2124 1
1677 3033 1
154 8247 1
6613 7372 1
955 9464 1
3684 9717 1
4613 9214 1
5755 9004 1
6526 8127 1
7386 8985 1
1753 3028 1
1782 7930 1
2496 7273 1
409 4043 1
3709 5051 1
5037 8229 1
1833 4485 1
3648 7027 1
7089 8240 1
6419 9169 1
2142 5240 1
1023 8817 1
5904 7033 1
5439 8394 1
7330 8302 1
375 8781 1
3382 7258 1
209 9243 1
1622 2171 1
274 5696 1
2734 7222 1
6335 6438 1
3897 5637 1
3984 6545 1
4345 9934 1
785 4865 1
8646 9561 1
8408 9569 1
867 3177 1
1139 1421 1
5108 9169 1
4569 6417 1
333 9659 1
758 4173 1
7377 7717 1
35 7750 1
778 4825 1
1061 7365 1
5913 6341 1
4359 9990 1
3709 4246 1
2793 8152 1
4825 9231 1
1900 4902 1
2127 5847 1
5888 6284 1
7 6641 1
6469 7727 1
55 5369 1
2362 6653 1
6896 7040 1
2195 8233 1
3468 4534 1
4344 5925 1
15 1806 1
2492 9917 1
1138 5518 1
155 8202 1
809 5050 1
5370 5540 1
2440 5031 1
4931 8876 1
4303 5335 1
4344 9308 1
15 5189 1
3905 8480 1
4302 9082 1
2538 5539 1
8157 9346 1
2536 8876 1
1187 8793 1
5612 8456 1
6388 8677 1
6775 6871 1
1522 7551 1
975 4938 1
262 9203 1
2020 4795 1
843 8202 1
2835 8162 1
2441 6545 1
4178 7676 1
6177 8615 1
3350 8985 1
6705 8734 1
2030 6422 1
1488 5873 1
6799 8369 1
3026 6417 1
3438 8051 1
7072 7215 1
5162 7065 1
573 8691 1
3142 3559 1
4418 9765 1
2135 6623 1
4449 6634 1
4760 7250 1
3972 5514 1
3010 6823 1
875 1859 1
1845 5329 1
8055 9577 1
4922 6265 1
1938 4739 1
8218 8817 1
3903 4596 1
4577 8482 1
7691 9300 1
8438 8591 1
4351 6449 1
5839 8596 1
2580 5145 1
4459 5982 1
1265 4646 1
2941 6844 1
8293 8587 1
4938 7148 1
3145 8337 1
1244 1325 1
5411 7368 1
1961 4349 1
1739 5468 1
2661 7204 1
773 7567 1
2277 3831 1
614 6756 1
2037 4344 1
681 5534 1
4678 8914 1
2415 5458 1
2012 9949 1
5403 9355 1
599 9107 1
3207 9565 1
2514 4683 1
7424 7801 1
1027 1448 1
7962 9362 1
3450 6290 1
3075 8133 1
3059 5156 1
3126 7132 1
2286 2954 1
811 6896 1
4049 5306 1
479 1993 1
7791 9665 1
4517 5182 1
2892 6147 1
2401 6849 1
2786 6660 1
1931 7866 1
4379 4659 1
492 8055 1
8921 9071 1
4473 9956 1
2166 2256 1
7393 7525 1
1825 1963 1
288 5781 1
5888 9346 1
5420 7026 1
2370 6223 1
1640 3903 1
2371 2661 1
1364 8923 1
3919 8057 1
1211 1511 1
7088 8582 1
5496 7021 1
1490 4309 1
3782 4561 1
2753 3894 1
1968 9037 1
3921 4905 1
1951 3206 1
1861 6696 1
4538 6759 1
1276 1347 1
2741 8206 1
7161 7525 1
3546 9165 1
2982 7137 1
4155 6240 1
8454 9204 1
7258 8397 1
3687 8057 1
1292 1476 1
3671 5080 1
4965 6230 1
6558 6673 1
4403 8412 1
4213 8288 1
5056 9731 1
4471 6826 1
7265 7474 1
2625 5937 1
3701 5861 1
4931 7750 1
1493 3802 1
1278 6654 1
1935 8873 1
1763 5383 1
9130 9544 1
6112 8434 1
658 4694 1
8219 8906 1
1268 4623 1
7990 9046 1
970 9130 1
540 7856 1
4225 7709 1
3167 6112 1
395 2779 1
764 6783 1
4940 7462 1
8549 9949 1
4635 6826 1
2450 6471 1
2386 8930 1
4984 8700 1
5742 7561 1
1785 3802 1
1434 8483 1
3858 7134 1
1511 8703 1
5862 6165 1
1241 2426 1
3737 6615 1
2362 7755 1
7018 9825 1
247 8893 1
2448 7529 1
1770 3679 1
1187 5573 1
4082 7027 1
778 3833 1
2450 6821 1
688 7323 1
2548 7918 1
745 1441 1
750 2539 1
5872 7792 1
4724 7433 1
2458 2740 1
1052 8539 1
4832 9218 1
479 4705 1
2496 3032 1
3629 4988 1
5874 9558 1
1767 4320 1
7412 9348 1
3434 4712 1
3 8159 1
220 280 1
2372 3905 1
2057 8997 1
2687 2977 1
3368 6344 1
4746 8885 1
8632 9960 1
931 4987 1
6545 8450 1
437 1446 1
4198 6047 1
6388 6746 1
1591 7477 1
3573 5995 1
1945 9695 1
2332 8643 1
257 3730 1
8947 9971 1
1278 6199 1
3981 5231 1
247 4705 1
4268 8479 1
3674 7740 1
138 5701 1
7206 8317 1
1688 9480 1
3341 5810 1
2668 4024 1
3017 6652 1
1938 2458 1
6358 9913 1
1298 1374 1
699 2735 1
3370 5235 1
3924 6575 1
2445 6611 1
131 184 1
5953 9046 1
1187 9090 1
3210 4199 1
1019 2309 1
6598 9723 1
2594 7084 1
808 3028 1
94 4439 1
1434 5934 1
4263 9774 1
2768 4204 1
1734 3193 1
5693 6089 1
4841 9256 1
1871 9880 1
209 1164 1
2370 5097 1
2705 9517 1
413 6821 1
3214 9394 1
2337 2705 1
2097 8880 1
3663 4302 1
3780 9805 1
3687 9614 1
4141 9030 1
2351 8238 1
4937 5931 1
3404 6293 1
6471 8985 1
7930 8482 1
7713 9945 1
4313 9487 1
3742 6288 1
2054 2767 1
2527 9403 1
1667 6293 1
4466 8039 1
8762 9012 1
4779 6284 1
6559 8051 1
3869 8692 1
2129 7263 1
186 8885 1
1934 2069 1
1963 7725 1
898 7401 1
1378 8792 1
471 5836 1
4187 8974 1
1128 1447 1
6239 8985 1
5091 6906 1
449 9460 1
7982 9961 1
5798 9242 1
6445 6609 1
1297 2387 1
1699 5585 1
4001 6525 1
1640 8388 1
2041 3070 1
1037 4153 1
1785 8742 1
730 9106 1
1496 8639 1
2260 2619 1
3925 6880 1
2144 4888 1
4993 8441 1
346 5733 1
3331 3697 1
4686 6978 1
2914 6792 1
8370 9669 1
2609 6156 1
1214 2510 1
4512 5135 1
682 2649 1
962 4918 1
525 4917 1
339 5693 1
480 9870 1
953 3112 1
4475 7697 1
2649 4242 1
4612 5716 1
3690 3980 1
4519 5525 1
3497 3585 1
7189 8581 1
4937 7004 1
1255 3450 1
6382 6795 1
207 4985 1
4131 8826 1
7073 8406 1
8138 8730 1
1192 2347 1
1453 4374 1
930 3101 1
1761 2275 1
9011 9069 1
7065 7764 1
1786 6469 1
1172 2634 1
86 7849 1
5220 6511 1
1034 5144 1
1433 4661 1
4803 9606 1
3690 8302 1
4567 8575 1
4874 9257 1
6426 8945 1
1034 6083 1
732 9128 1
780 3692 1
2502 6043 1
1580 2055 1
6091 7908 1
798 4271 1
378 1433 1
3905 3918 1
541 6335 1
3921 9524 1
6428 7678 1
339 4888 1
4007 9298 1
1419 3800 1
2331 4848 1
2458 6875 1
1684 5037 1
7239 9583 1
5759 9017 1
2461 8112 1
6027 8273 1
1882 2743 1
1419 4739 1
7012 9577 1
5424 7980 1
3459 9843 1
2766 5715 1
1217 9708 1
658 8024 1
657 7799 1
7510 9295 1
856 8948 1
3954 6789 1
3610 6979 1
776 9184 1
2740 7096 1
6787 9085 1
2742 5479 1
3829 5562 1
4851 8468 1
1551 2764 1
5293 7123 1
439 6566 1
2772 6819 1
5630 9926 1
3770 5921 1
1132 5032 1
3902 9258 1
5958 6759 1
4304 9238 1
8858 9311 1
5396 7221 1
7755 8695 1
7187 9177 1
943 9482 1
3257 5521 1
1297 8482 1
2379 5023 1
1434 5747 1
4376 6081 1
2146 4263 1
6499 6524 1
4088 8832 1
315 6880 1
3880 5685 1
7553 8187 1
471 7393 1
3764 9674 1
1343 7322 1
852 4052 1
9671 9949 1
5222 9700 1
898 5925 1
991 6116 1
216 9503 1
4748 5845 1
2341 6609 1
3712 4007 1
5396 6066 1
1287 8329 1
5793 7422 1
8110 9394 1
2524 3283 1
1168 4473 1
3578 7390 1
7838 8706 1
1269 5279 1
2091 3401 1
6791 9153 1
139 7943 1
1988 7595 1
593 3195 1
2179 8883 1
1023 2779 1
412 5069 1
675 5479 1
3842 7621 1
5764 6842 1
1118 9432 1
1956 4115 1
2995 6436 1
617 4720 1
101 8590 1
3977 8977 1
443 1157 1
4787 8028 1
217 7984 1
470 9396 1
2168 7189 1
1258 2272 1
6567 8105 1
3093 4500 1
5381 9706 1
2831 4500 1
1165 5464 1
1082 3709 1
2752 7590 1
118 5911 1
6687 9338 1
3679 9670 1
1551 4187 1
2230 8417 1
5379 5846 1
2867 5096 1
4011 5713 1
6800 9215 1
5453 5795 1
2985 5317 1
1457 3771 1
2363 9700 1
5166 5738 1
5396 8644 1
601 3786 1
4732 9418 1
6704 9692 1
546 881 1
1657 6276 1
3400 6498 1
4005 5117 1
4767 9604 1
7756 9030 1
3781 9573 1
2241 2540 1
7965 8615 1
3557 4203 1
7149 7275 1
1640 7046 1
1112 4675 1
699 5260 1
1361 8385 1
2773 5784 1
930 2914 1
3722 6899 1
1638 8104 1
3754 5656 1
6672 8814 1
2907 6723 1
1898 9906 1
1511 5296 1
2693 6205 1
6995 8686 1
4502 4768 1
4378 6422 1
1890 9264 1
2432 5117 1
1833 2314 1
986 9797 1
2796 8023 1
2378 5820 1
633 1765 1
6025 9353 1
8986 9175 1
1648 4254 1
1123 1400 1
548 7319 1
4424 8460 1
7096 8179 1
3245 7068 1
7047 9226 1
2625 2664 1
5274 7849 1
7263 7538 1
780 1411 1
7323 8343 1
547 7067 1
4845 7177 1
3774 4564 1
4438 8516 1
1602 6888 1
910 8058 1
7324 8164 1
1085 6369 1
428 1898 1
2845 9204 1
569 3069 1
1971 8448 1
2750 5934 1
1767 6174 1
2527 3418 1
6847 9703 1
2832 9881 1
1466 3967 1
2732 3261 1
454 3469 1
3119 4461 1
1252 9865 1
1935 6889 1
3867 9050 1
805 2006 1
2323 8691 1
960 2294 1
2954 3081 1
7059 7492 1
1076 5852 1
8416 9156 1
1637 1755 1
3197 6222 1
3135 5344 1
5098 6064 1
788 2941 1
5306 6767 1
6706 9067 1
8359 9561 1
9162 9885 1
3587 7316 1
139 3434 1
3184 7865 1
2434 3203 1
4207 7963 1
7987 8642 1
122 6648 1
456 5770 1
1708 1756 1
7415 8416 1
4225 4570 1
3067 8219 1
3881 4760 1
3017 6412 1
2189 7721 1
5590 7815 1
2302 7598 1
3988 6320 1
144 8100 1
1845 9574 1
4569 5319 1
1372 6910 1
350 7976 1
3898 5114 1
2051 3034 1
100 631 1
392 4415 1
2732 3395 1
6479 8098 1
753 6114 1
5004 6378 1
3137 4612 1
3517 8805 1
1507 7485 1
7228 9879 1
1373 5041 1
2661 8066 1
1281 5452 1
2802 5827 1
1778 6258 1
679 688 1
4529 6270 1
5418 5614 1
2204 7598 1
2661 5033 1
1465 4226 1
1370 7372 1
1845 8419 1
1778 7197 1
6719 7908 1
5327 7189 1
5571 5829 1
2362 5905 1
5196 8426 1
2329 9929 1
1006 1433 1
1577 8604 1
2508 5730 1
1028 2912 1
1915 7845 1
1447 6279 1
4599 7389 1
1770 9184 1
122 366 1
4258 7096 1
89 5144 1
1840 8425 1
3607 5823 1
2557 9005 1
6619 8616 1
5533 7415 1
593 3142 1
541 700 1
3061 9447 1
237 7644 1
4817 9130 1
2004 5042 1
3535 3853 1
1549 7845 1
3741 6173 1
4505 7323 1
1600 3646 1
6692 8690 1
2274 3590 1
2186 7907 1
3519 8985 1
16 6894 1
4513 9843 1
1968 3483 1
3513 8416 1
1491 1609 1
2021 2363 1
2980 7364 1
7 6027 1
2548 5263 1
3033 4746 1
4173 5429 1
392 9221 1
3911 5429 1
2 2650 1
2775 9591 1
7339 8100 1
2621 2708 1
1814 4894 1
2595 5459 1
697 4380 1
3742 5593 1
2997 4685 1
2718 9996 1
6 6152 1
586 2297 1
1663 1692 1
1912 4648 1
2974 3011 1
5203 9300 1
5967 7252 1
3408 7410 1
3226 3232 1
3298 4798 1
1266 5439 1
3649 4089 1
5273 5343 1
1878 9201 1
6305 7247 1
2798 3694 1
6499 8244 1
5215 9310 1
1170 9114 1
1610 9386 1
844 7409 1
395 6085 1
1331 3555 1
3034 9828 1
285 1029 1
4125 4957 1
1833 2261 1
1511 2210 1
361 9884 1
8513 8902 1
4370 8171 1
5003 5640 1
691 5854 1
2418 8549 1
7447 9107 1
453 3996 1
5165 7853 1
3298 6087 1
3773 7134 1
3212 4623 1
566 3873 1
3697 4106 1
1873 3730 1
4390 5790 1
658 6845 1
6920 9563 1
119 5813 1
2094 6358 1
1643 4207 1
901 2816 1
285 2318 1
6654 7377 1
136 8611 1
1189 7420 1
2820 8155 1
2109 8329 1
91 732 1
5242 9389 1
4115 8187 1
9490 9944 1
5561 9142 1
2839 7616 1
4909 5015 1
834 8360 1
3771 7596 1
4246 8643 1
579 7087 1
6886 8824 1
5077 7228 1
1168 4449 1
669 6980 1
349 1148 1
4225 8705 1
2007 8402 1
1859 3808 1
1105 7318 1
3453 9357 1
3183 9496 1
4258 8064 1
6899 8470 1
1488 8776 1
2386 5954 1
237 1846 1
4743 6601 1
3070 8838 1
104 2256 1
933 7965 1
3753 5862 1
852 6845 1
2206 8238 1
3283 3469 1
6636 8999 1
1683 9217 1
4831 6421 1
953 2201 1
7697 9389 1
2893 8387 1
5207 8398 1
4109 8880 1
436 8098 1
1504 7939 1
2917 7283 1
608 5172 1
7634 8286 1
8140 8646 1
2894 3135 1
1994 5322 1
261 6754 1
4022 7191 1
4459 7946 1
5611 7700 1
2051 5075 1
4844 8696 1
794 3992 1
7652 9996 1
2440 7479 1
2531 9849 1
907 5589 1
3195 6631 1
4752 6663 1
1531 7668 1
3604 5338 1
4922 7074 1
5751 8619 1
510 7616 1
376 5172 1
1584 5050 1
2351 5717 1
3804 7089 1
5518 9579 1
1113 4876 1
1128 3464 1
1269 2945 1
4985 8527 1
4278 7911 1
97 4444 1
1217 4475 1
1669 6262 1
1591 8823 1
827 7673 1
7262 8656 1
9731 9736 1
8636 9735 1
4080 7145 1
1588 3075 1
2804 9984 1
3671 5405 1
2480 9106 1
4051 4872 1
6489 7393 1
8187 9350 1
5231 9872 1
6599 6999 1
3789 7346 1
3281 3907 1
812 4547 1
3198 6124 1
1613 8208 1
25 2447 1
1969 7089 1
1138 4717 1
88 6179 1
890 1205 1
700 6935 1
4327 4928 1
1675 8305 1
5464 8538 1
6121 6593 1
3294 3553 1
501 8977 1
498 3044 1
3011 6648 1
3422 3738 1
5132 7018 1
192 5189 1
2742 3979 1
1876 2552 1
3945 9148 1
6481 7286 1
2857 7120 1
3038 3748 1
3017 6843 1
257 4271 1
9009 9700 1
397 8977 1
1825 6155 1
4934 6629 1
6121 7882 1
856 6293 1
2571 7665 1
100 9922 1
2280 7489 1
931 3434 1
4014 9103 1
4487 8569 1
6911 7220 1
3033 3754 1
2176 2413 1
4743 6280 1
5429 9991 1
1420 2844 1
4737 6465 1
4336 6121 1
1132 8793 1
6663 8057 1
3301 7891 1
7561 9207 1
439 7294 1
4718 9606 1
1523 5416 1
1447 8804 1
1793 3025 1
2768 4395 1
4077 4325 1
6974 8858 1
875 5380 1
2038 2075 1
3490 4565 1
780 2110 1
6068 7066 1
2149 2845 1
3418 8826 1
5897 7184 1
6466 8832 1
614 5955 1
1772 4026 1
1558 5760 1
2107 6756 1
2652 4570 1
2442 4760 1
7001 9341 1
3468 8539 1
4800 6763 1
2783 8436 1
3017 6388 1
2323 8451 1
3360 4283 1
7415 9331 1
5211 8734 1
7112 9330 1
3535 4284 1
7117 7422 1
4908 6481 1
3232 5037 1
5654 6271 1
8248 8551 1
6880 9172 1
3833 7132 1
5046 7354 1
7148 9926 1
61 4816 1
3547 5048 1
126 6931 1
1155 1182 1
910 7013 1
4242 9222 1
5496 9253 1
3779 4802 1
775 4344 1
7476 7890 1
4626 7118 1
3814 4988 1
1973 5197 1
4268 7410 1
971 9359 1
6086 7217 1
4744 4895 1
392 9652 1
3995 7251 1
1696 5828 1
3692 7250 1
2558 5069 1
1613 5793 1
373 1681 1
6123 8977 1
5111 6759 1
8019 9229 1
484 731 1
6587 7391 1
4985 5896 1
3236 4351 1
3176 8272 1
5956 9968 1
2964 3663 1
8972 9497 1
1231 3405 1
5451 7766 1
4733 5271 1
6849 9993 1
2601 6994 1
1123 7255 1
4800 4803 1
3717 9535 1
207 6465 1
2461 6425 1
3493 8329 1
5647 6365 1
4373 5867 1
2434 5541 1
1305 3704 1
3896 8719 1
2461 7364 1
7438 9984 1
1729 7415 1
4157 8494 1
4090 7272 1
1939 8945 1
1774 6434 1
6438 8557 1
743 1722 1
2362 2632 1
483 6521 1
469 4371 1
1004 1497 1
4309 5101 1
2676 8457 1
921 3714 1
2846 8868 1
7412 9702 1
530 1614 1
7283 7602 1
5789 9050 1
3740 6112 1
2637 5496 1
8254 9230 1
489 4242 1
284 7974 1
8049 9764 1
120 6819 1
4780 9008 1
103 3617 1
2054 3576 1
552 7415 1
2809 9336 1
3370 5239 1
5496 7643 1
5532 5610 1
3300 7129 1
356 2750 1
1007 9658 1
3360 4901 1
684 1276 1
3232 5655 1
4694 8833 1
1165 5521 1
8831 8995 1
2088 4449 1
3881 7232 1
2448 2540 1
5453 5852 1
2934 7129 1
3281 4204 1
6894 8907 1
5263 9892 1
1261 2196 1
348 9813 1
4205 9958 1
7990 8729 1
4077 8460 1
1023 8447 1
3048 4383 1
3715 4846 1
4670 7284 1
1263 4901 1
109 7703 1
8163 9596 1
5102 8604 1
6334 8876 1
4498 9429 1
3135 3978 1
506 6615 1
3766 4784 1
6166 6259 1
1455 6010 1
1845 4475 1
2774 4938 1
351 8175 1
413 2637 1
4475 6412 1
4858 7870 1
3813 9676 1
1131 2099 1
415 431 1
4656 8675 1
3298 9230 1
2087 7391 1
2297 7201 1
5617 9585 1
832 7135 1
3327 6026 1
8165 9268 1
5873 9770 1
2984 9070 1
2507 4944 1
2756 8654 1
2515 7279 1
2341 2962 1
3034 7844 1
5331 8440 1
8003 8159 1
2387 8033 1
3775 4846 1
4750 9626 1
273 9773 1
2389 8079 1
3320 5205 1
3578 7715 1
1150 7602 1
4813 7696 1
4683 5371 1
3088 9019 1
5049 5694 1
173 3126 1
4856 5299 1
219 1027 1
5979 6567 1
4783 9924 1
1106 6714 1
4024 9872 1
3212 3578 1
2926 7156 1
3180 8958 1
5320 7096 1
1835 9748 1
1009 7720 1
7886 9048 1
9030 9665 1
5632 9842 1
5408 6162 1
3244 3466 1
4451 5371 1
7443 8478 1
1421 7664 1
7472 7718 1
887 3004 1
183 9075 1
209 3880 1
283 3829 1
587 1022 1
6767 7148 1
3701 5812 1
2597 9667 1
8633 8689 1
7239 9587 1
5393 9452 1
1195 1844 1
3061 5637 1
9322 9665 1
2123 5088 1
5095 6762 1
7932 8992 1
6497 9889 1
8276 8802 1
315 4656 1
795 6047 1
2166 2691 1
3984 7948 1
4230 4971 1
5228 7291 1
2413 9738 1
264 9040 1
2447 8568 1
1551 5801 1
3794 9544 1
4212 9303 1
1474 7244 1
2066 8876 1
7699 9171 1
2530 7290 1
1007 6088 1
9486 9665 1
1265 4626 1
8352 9736 1
9560 9614 1
700 2373 1
4320 5803 1
1376 5396 1
364 4898 1
3237 4873 1
646 3830 1
4288 6265 1
1700 5493 1
4872 9699 1
5830 6928 1
1300 9723 1
7984 9690 1
971 4529 1
1602 5335 1
6705 8848 1
6302 7677 1
5547 6081 1
1744 3698 1
3153 7804 1
8927 9270 1
3022 9041 1
1313 8615 1
4217 7903 1
960 9251 1
6848 7621 1
2839 3672 1
6309 9787 1
3520 6285 1
1558 8419 1
5114 9582 1
97 5843 1
7705 8181 1
914 5873 1
5795 6533 1
2471 5905 1
4062 5521 1
3979 7738 1
2434 6777 1
1097 8209 1
7908 7951 1
1310 2840 1
2851 7065 1
760 2373 1
4041 5583 1
3881 8334 1
2759 7476 1
4476 5511 1
2771 6547 1
441 9975 1
2893 7476 1
3283 8385 1
5549 7416 1
4696 5285 1
4155 5870 1
4850 9135 1
1364 6459 1
5992 8925 1
4958 7914 1
825 7871 1
1718 8677 1
569 3744 1
3330 5198 1
1972 4063 1
4683 9372 1
283 8985 1
4048 8632 1
4428 8099 1
2809 7189 1
4767 8319 1
823 4011 1
1231 3836 1
2370 4109 1
2817 8770 1
2839 2867 1
2278 4520 1
1228 5228 1
1233 8046 1
4514 7092 1
7542 8136 1
386 9113 1
2175 6270 1
2077 9899 1
2042 9124 1
4394 7175 1
4268 7036 1
7403 8731 1
3198 6368 1
6931 8921 1
2210 4012 1
5482 7668 1
5487 8766 1
2077 6866 1
148 4222 1
315 952 1
456 2123 1
1705 5008 1
5830 8351 1
3055 5501 1
8908 9512 1
7050 7300 1
1933 4643 1
3277 4382 1
3903 4844 1
9055 9939 1
3766 3792 1
2857 3981 1
3144 7421 1
207 8185 1
4130 5008 1
5004 5764 1
1845 3483 1
5253 8720 1
3493 3633 1
3028 7246 1
1397 5013 1
3212 9807 1
6173 7377 1
44 8194 1
1945 8036 1
3578 5434 1
4383 5831 1
1776 8981 1
2029 3011 1
8293 9774 1
3599 4968 1
4219 8059 1
705 1645 1
1572 7646 1
732 9884 1
6809 7187 1
1776 6887 1
8202 8316 1
437 7492 1
1132 2621 1
7747 8675 1
2406 6502 1
873 4612 1
5938 7079 1
7555 7916 1
6994 9569 1
4905 9676 1
6756 7711 1
4022 4670 1
2623 5224 1
1472 3628 1
4254 5959 1
732 7790 1
7478 8635 1
658 1425 1
4988 8398 1
6521 7844 1
506 1785 1
4876 5713 1
2665 4137 1
1677 6477 1
3031 4460 1
3929 5610 1
5794 9959 1
3864 7844 1
717 5388 1
395 9309 1
2253 8515 1
1021 5799 1
417 2652 1
3462 7837 1
1798 2458 1
456 3546 1
3878 4517 1
4905 8521 1
2553 5774 1
3953 8074 1
4187 6026 1
1224 1405 1
6124 6279 1
1463 7837 1
439 3350 1
1241 2540 1
392 5224 1
3394 9773 1
3497 8208 1
5078 5416 1
436 800 1
5328 6530 1
1701 6847 1
7788 8810 1
2005 5538 1
279 6451 1
5852 9913 1
2314 7047 1
3720 5220 1
3126 4481 1
139 3438 1
2592 6237 1
3590 9311 1
3244 4702 1
2282 9229 1
8202 8800 1
2510 5646 1
1691 8761 1
5239 5899 1
2782 8054 1
1856 8828 1
2881 7279 1
1622 4460 1
765 7283 1
6874 9005 1
6900 7974 1
819 5799 1
2642 5950 1
3306 3486 1
5095 7059 1
4646 5735 1
174 3028 1
1846 6016 1
5614 9344 1
376 8612 1
2050 9229 1
2740 4014 1
947 9367 1
665 4019 1
99 1164 1
288 4069 1
5174 8291 1
358 8972 1
5518 6603 1
3780 7691 1
3697 9908 1
7236 7492 1
4048 8445 1
1130 5287 1
7153 9709 1
2771 4266 1
8779 9346 1
2488 9805 1
587 3547 1
9274 9325 1
3011 5416 1
5091 7475 1
3957 6048 1
2878 9990 1
4798 6664 1
1343 3301 1
1682 2767 1
3975 8317 1
3719 4190 1
5701 9878 1
2676 4379 1
231 4851 1
2304 8937 1
2206 5396 1
848 8957 1
5433 8343 1
4542 5920 1
4268 6849 1
1906 9830 1
3395 6695 1
2480 3686 1
9121 9433 1
1718 6746 1
3421 6603 1
5291 7886 1
5031 8713 1
1251 8034 1
2773 5601 1
2802 4087 1
625 8511 1
2600 9056 1
119 9871 1
6461 8411 1
3687 6695 1
8446 9644 1
4817 9134 1
560 6581 1
1906 4703 1
591 9866 1
6023 8185 1
4718 8374 1
6535 7579 1
3049 4903 1
110 9004 1
4067 7101 1
3186 9338 1
6297 6475 1
3781 4263 1
1582 4764 1
885 5590 1
1642 8979 1
5343 9365 1
1091 3214 1
545 5899 1
1383 4554 1
624 3748 1
4373 9278 1
7690 8735 1
2621 4806 1
413 9163 1
3519 5956 1
67 2110 1
3121 6849 1
5469 8134 1
4323 4438 1
4555 7979 1
4973 8492 1
5644 6445 1
2230 5335 1
2844 7480 1
3816 4607 1
7498 8915 1
5120 7199 1
1292 4786 1
5089 5634 1
6746 6836 1
557 2876 1
1584 6880 1
4278 6358 1
818 4903 1
2750 4812 1
639 996 1
1614 8220 1
4033 4083 1
2586 3657 1
6305 6312 1
8906 9763 1
2175 7506 1
3020 3360 1
8694 9880 1
3421 7087 1
861 1193 1
1685 2394 1
2846 3180 1
1927 5125 1
4024 6599 1
1185 7706 1
122 1793 1
166 8481 1
2630 5053 1
5911 9017 1
5114 7919 1
1384 6603 1
6046 8653 1
7727 7997 1
3193 7610 1
805 5206 1
3699 3806 1
5572 5764 1
352 6392 1
9519 9589 1
1986 5890 1
2053 7866 1
3956 6091 1
1146 2466 1
9430 9517 1
6486 9110 1
25 5216 1
7528 9450 1
949 5335 1
1797 7122 1
1637 4955 1
9405 9460 1
6375 7781 1
1165 1927 1
8868 9255 1
864 2753 1
3389 7148 1
696 4108 1
3440 5393 1
2323 9797 1
7096 8480 1
5717 8720 1
4466 9926 1
5899 8202 1
2365 3792 1
3411 3874 1
3263 5696 1
169 7974 1
217 848 1
4492 7360 1
4927 7288 1
1140 5438 1
1685 4972 1
6346 7386 1
2043 5434 1
7956 9496 1
3159 7975 1
6581 8192 1
166 8615 1
1317 1543 1
1700 7697 1
3137 4429 1
5524 9614 1
6737 9836 1
853 4068 1
2795 4665 1
3034 6933 1
2897 5881 1
6541 9897 1
5132 5599 1
3910 7735 1
8946 9272 1
2614 9730 1
5539 7643 1
4484 8007 1
3225 5188 1
8682 9199 1
4647 7247 1
8186 8995 1
4762 7197 1
7284 7911 1
3896 8776 1
2086 8298 1
5676 8291 1
7135 7788 1
1342 4582 1
2720 6369 1
8 5531 1
1866 9463 1
144 696 1
1938 4613 1
4791 7376 1
3797 9147 1
1772 6795 1
2176 7410 1
423 7466 1
3748 3778 1
637 7395 1
697 7446 1
745 3730 1
6923 8255 1
1412 3227 1
2871 6888 1
736 2678 1
5200 9651 1
3117 7294 1
2468 6656 1
1821 2873 1
4226 8664 1
5590 9055 1
750 9150 1
631 6984 1
605 5763 1
2370 7252 1
4610 6560 1
7151 9960 1
4226 5631 1
6236 6951 1
4267 9604 1
7646 9939 1
2130 4567 1
2484 9983 1
1347 4121 1
1865 5050 1
182 9043 1
834 6754 1
822 5239 1
741 1867 1
1845 7781 1
25 2451 1
1561 8022 1
6826 7167 1
933 2037 1
4415 7223 1
8248 9226 1
521 3032 1
1598 2427 1
3991 9147 1
7709 8948 1
1143 9202 1
6353 7886 1
8694 8754 1
4422 5169 1
5913 9277 1
5055 6802 1
9017 9407 1
1491 2715 1
6398 8568 1
701 5070 1
3987 8624 1
930 2678 1
45 9869 1
5857 7655 1
7094 8271 1
1388 9383 1
906 7165 1
3270 3321 1
7492 8317 1
3908 5298 1
2409 8654 1
179 7590 1
2920 2942 1
294 5096 1
7721 9308 1
971 7001 1
4486 8163 1
914 4023 1
4802 5925 1
5647 5751 1
2574 3244 1
1018 2094 1
4187 9035 1
961 5532 1
3916 4785 1
2355 7263 1
2594 9723 1
7721 9658 1
667 4496 1
2289 4923 1
5909 8353 1
2003 2839 1
6552 8230 1
169 1021 1
6593 8985 1
6046 6372 1
3544 6310 1
3938 6237 1
2212 6396 1
9235 9993 1
2515 3953 1
6269 9827 1
569 1894 1
8457 9699 1
680 7360 1
5188 6526 1
1221 9404 1
440 3177 1
1711 5067 1
4309 4837 1
5116 6623 1
2745 7798 1
4204 7295 1
4773 9667 1
3555 6849 1
6085 9868 1
426 6662 1
5789 6342 1
1840 8860 1
2666 4472 1
2024 4251 1
2514 6330 1
2781 4230 1
3161 4451 1
3274 9990 1
4358 8112 1
4757 7629 1
908 2649 1
6126 8364 1
4068 6064 1
501 6432 1
155 5795 1
528 9009 1
1011 9917 1
1285 1818 1
5008 6127 1
1023 2572 1
3903 5438 1
6375 6789 1
1497 3394 1
1269 9394 1
2274 6469 1
658 9240 1
5214 9386 1
3061 7788 1
1989 7239 1
318 2941 1
4700 6132 1
1620 4898 1
6312 6625 1
2425 3605 1
7430 9993 1
778 8029 1
6256 6501 1
3487 6849 1
1380 1654 1
2680 8446 1
2291 7173 1
3160 3421 1
3979 4278 1
2496 4195 1
5715 6527 1
3411 4760 1
553 5817 1
1200 3938 1
845 1495 1
103 6520 1
479 9251 1
1281 4277 1
1993 6203 1
4076 8533 1
2362 7763 1
5751 8786 1
285 6941 1
3662 8893 1
285 525 1
469 3086 1
7523 8248 1
4508 5157 1
3343 3663 1
7962 9049 1
7265 9121 1
5080 9520 1
1224 1649 1
1931 9647 1
816 3544 1
2705 9041 1
492 9836 1
4475 6148 1
9196 9367 1
6109 6400 1
113 391 1
4180 8482 1
1573 6906 1
2903 4303 1
45 5360 1
3632 5644 1
3310 5593 1
4836 7066 1
2219 4802 1
2131 9119 1
4875 7960 1
3706 9730 1
387 3030 1
2138 7065 1
3686 9263 1
272 8907 1
6793 8910 1
3291 5701 1
1402 4930 1
810 7270 1
2097 3277 1
2844 5012 1
2568 9278 1
1904 6080 1
5858 7878 1
4543 9823 1
419 9334 1
4572 8309 1
2545 9294 1
3424 6984 1
3835 9736 1
4699 5640 1
6369 7801 1
7150 8366 1
4075 4470 1
1845 9822 1
6551 7283 1
8691 9585 1
6669 7504 1
2488 9699 1
4933 6975 1
3754 5583 1
1269 9662 1
5386 9172 1
2029 9350 1
2070 6907 1
2445 6030 1
43 7892 1
5614 6555 1
3160 8227 1
569 7184 1
3021 4685 1
92 6064 1
2286 2775 1
23 8179 1
367 1573 1
3061 7467 1
5647 9886 1
6287 8526 1
7498 8675 1
725 8636 1
7017 7813 1
7082 8208 1
9040 9338 1
3321 5327 1
7314 9497 1
3 4679 1
2799 6908 1
657 7189 1
1376 6876 1
5440 7314 1
610 5653 1
787 6481 1
1518 5239 1
45 5844 1
3748 7242 1
4820 6293 1
1198 9206 1
5031 8957 1
7001 9158 1
6813 9107 1
3210 5846 1
2007 8032 1
4304 8628 1
2475 3936 1
1355 3905 1
4990 5923 1
723 2682 1
96 8411 1
4043 5820 1
4876 6575 1
2713 5979 1
1517 9336 1
4344 6714 1
545 5793 1
2888 6734 1
5596 9116 1
68 2421 1
5540 6740 1
1228 8452 1
1605 2740 1
1018 5424 1
1068 4787 1
3127 5969 1
333 2877 1
1205 9222 1
1542 8053 1
2268 8719 1
8269 8656 1
2290 3782 1
1302 6122 1
5973 6972 1
9730 9919 1
4733 9276 1
7548 7583 1
514 7769 1
1247 6600 1
1622 6477 1
426 5670 1
6978 9682 1
1785 5717 1
97 2196 1
1618 2571 1
530 7713 1
348 3535 1
5657 8614 1
1380 1467 1
4134 7412 1
4848 6755 1
1281 7123 1
7342 7865 1
2213 7103 1
5592 7438 1
8699 9529 1
4803 8675 1
2876 6858 1
3048 7904 1
4975 6715 1
3294 4927 1
2387 8387 1
864 7185 1
5676 6762 1
3599 4220 1
4492 5026 1
4571 6073 1
1269 5958 1
1004 6441 1
5949 8614 1
1186 4203 1
6365 7738 1
350 1487 1
4577 9271 1
2161 8983 1
1409 7658 1
2623 6570 1
6353 9606 1
3330 8906 1
3564 6858 1
3773 6443 1
2811 3588 1
5174 5181 1
3421 5237 1
1361 6836 1
139 8972 1
4170 7018 1
2146 7520 1
2361 9394 1
1917 7468 1
5205 6187 1
2416 2685 1
575 2894 1
8702 9961 1
1861 5846 1
2867 8219 1
4518 7886 1
5585 6593 1
2592 7233 1
5319 9857 1
2253 7767 1
424 7047 1
7051 8200 1
3448 4939 1
3095 5575 1
222 5600 1
3816 9307 1
6825 7857 1
366 6288 1
393 4701 1
1487 9927 1
3748 7860 1
737 8675 1
601 7848 1
2041 4851 1
4202 8030 1
7314 8021 1
2790 5878 1
1700 5497 1
1373 5102 1
765 8629 1
3306 7865 1
333 2556 1
2464 2860 1
1712 7951 1
2894 8860 1
6705 8852 1
3305 7640 1
3556 5007 1
4225 9303 1
4516 7789 1
1214 7674 1
106 298 1
5169 8354 1
5403 6306 1
3022 5073 1
358 6935 1
3061 8219 1
2333 7480 1
3792 6977 1
1118 4179 1
1956 5278 1
428 3732 1
1785 5396 1
5872 6003 1
3154 3687 1
3592 5576 1
796 5067 1
8908 9382 1
8784 9346 1
330 2793 1
564 745 1
7475 8073 1
4504 7563 1
6439 6989 1
1599 6330 1
6222 8452 1
257 1002 1
5683 9864 1
2583 7254 1
1989 8959 1
1022 5006 1
4802 5685 1
415 2342 1
196 3732 1
2639 5843 1
2837 8302 1
345 822 1
2719 3328 1
6112 6779 1
926 2265 1
4541 4597 1
7071 9336 1
4607 6348 1
395 9984 1
4218 7327 1
3614 5900 1
1236 4184 1
2082 2892 1
3594 7877 1
1409 8276 1
1106 4303 1
1605 9908 1
760 3666 1
306 1244 1
1782 6572 1
5381 9125 1
2326 8887 1
1228 8615 1
7620 8962 1
6627 8514 1
211 5329 1
2752 4565 1
2621 5802 1
3195 8518 1
630 2280 1
2901 8071 1
5328 9649 1
633 5961 1
2434 9359 1
2212 4062 1
2005 6213 1
169 4514 1
2970 4643 1
3425 9919 1
161 3872 1
5484 8849 1
3980 7697 1
23 3938 1
2347 4637 1
3918 4567 1
3718 6199 1
3802 4392 1
741 3400 1
3576 4803 1
1086 6064 1
537 1126 1
1913 5284 1
2512 8087 1
5412 9885 1
880 7127 1
4029 4556 1
2451 3647 1
3975 7703 1
6704 7956 1
1580 4320 1
3101 4695 1
6017 9470 1
3978 4968 1
4453 6015 1
979 8826 1
4702 8971 1
1581 4730 1
4251 6820 1
4872 9382 1
4404 7062 1
743 4385 1
6026 8243 1
1477 6824 1
6342 8479 1
3589 4634 1
4492 6128 1
165 3590 1
72 393 1
1973 7405 1
922 2815 1
4378 6780 1
887 3760 1
3101 9017 1
6005 8305 1
319 1024 1
1885 2862 1
3462 8996 1
714 5495 1
2323 6471 1
2109 7451 1
2223 2857 1
4569 9731 1
8741 8948 1
1042 4802 1
3139 6276 1
1028 2652 1
785 5146 1
1573 4438 1
6258 7438 1
23 9549 1
7438 7520 1
984 4043 1
4851 7350 1
6329 7089 1
1902 6599 1
697 3986 1
1483 8867 1
420 2954 1
1660 4033 1
7241 7356 1
6305 9886 1
6286 7392 1
5186 7047 1
3720 6379 1
8195 9569 1
258 1845 1
2656 8909 1
190 9258 1
388 7553 1
2845 3146 1
5066 9382 1
4787 7715 1
5929 7505 1
1280 8134 1
2436 7822 1
8139 8856 1
925 5691 1
187 6516 1
2057 4793 1
5197 6832 1
875 3884 1
4492 6262 1
1051 5803 1
3578 9305 1
2174 9515 1
6541 7510 1
2236 3977 1
2024 5784 1
3032 3130 1
2072 9238 1
8682 9256 1
4664 6719 1
1013 6450 1
1303 9407 1
4345 7905 1
4295 6098 1
5850 6057 1
2665 6719 1
8470 9750 1
4005 4804 1
684 8611 1
431 8165 1
1700 3566 1
1345 5095 1
1787 5440 1
4739 8182 1
2674 8875 1
5809 6406 1
656 1086 1
4427 6375 1
1206 7380 1
3298 4538 1
7749 7896 1
2214 2474 1
1128 3525 1
7549 8774 1
3015 8387 1
5324 8054 1
7269 9888 1
4955 7433 1
1622 8197 1
3654 5112 1
4502 6899 1
859 1795 1
1700 2411 1
922 5527 1
354 2037 1
789 1965 1
7733 9241 1
5460 6787 1
267 7518 1
1132 8720 1
8412 9529 1
707 4784 1
1844 4230 1
2262 4743 1
1448 8202 1
6606 7450 1
6305 8276 1
1764 8438 1
5086 7485 1
361 7530 1
657 3916 1
5051 9184 1
1637 8074 1
2138 3926 1
785 2381 1
8398 9981 1
1767 4922 1
525 1518 1
2629 4163 1
2157 7551 1
1591 4696 1
2413 9234 1
4068 5637 1
6728 7039 1
374 4732 1
389 9736 1
3014 4913 1
189 6672 1
6775 9514 1
2052 6222 1
517 5949 1
1216 3506 1
173 3695 1
431 2233 1
4307 9036 1
4121 6402 1
4496 5525 1
3911 6592 1
609 6477 1
5881 6793 1
2904 6438 1
812 9280 1
6123 8770 1
8346 9417 1
545 2520 1
2102 2552 1
3139 7244 1
1821 3064 1
7791 7852 1
2175 5282 1
7369 8159 1
705 3906 1
7169 9791 1
7243 9740 1
4767 7681 1
2781 8475 1
3311 5257 1
1759 9733 1
3018 3692 1
3701 7886 1
848 9095 1
1677 8388 1
569 7428 1
705 4845 1
4626 6695 1
701 9799 1
1522 5067 1
443 4845 1
5632 7378 1
4011 5079 1
4675 9031 1
5086 7619 1
5024 6741 1
5612 9355 1
645 1007 1
6032 8251 1
856 7643 1
1233 1931 1
0 7658 1
40 2361 1
685 1345 1
2309 7325 1
3324 5088 1
3632 9405 1
5894 6974 1
1369 1977 1
4297 5823 1
5484 8796 1
1690 8219 1
5656 5870 1
887 1479 1
4537 8693 1
8346 8612 1
4282 8174 1
934 2988 1
149 1715 1
288 9229 1
524 4810 1
3903 5145 1
5888 6378 1
6674 9007 1
58 8952 1
1397 1931 1
4258 4555 1
9075 9172 1
1598 3907 1
1477 5832 1
4565 6927 1
1189 8583 1
561 9014 1
1698 8460 1
4222 8281 1
339 3717 1
7785 8171 1
1405 6895 1
2504 3605 1
339 7100 1
7866 8510 1
4767 8754 1
6012 9423 1
3940 8945 1
1860 4442 1
1065 4733 1
1423 4441 1
1400 4457 1
4841 5670 1
2007 7121 1
2088 4831 1
4070 5793 1
3332 6618 1
7096 8484 1
2194 6947 1
3720 8420 1
4413 6132 1
1693 9405 1
3902 7148 1
3996 6783 1
352 1269 1
7664 8941 1
4475 7949 1
6593 7082 1
6116 9372 1
5930 6738 1
479 5925 1
2551 9786 1
5810 6821 1
416 3132 1
2468 5587 1
2652 8148 1
8918 9322 1
2078 8061 1
2632 5429 1
4187 5388 1
2750 3206 1
4702 8463 1
2901 3375 1
7424 7545 1
6422 7735 1
5991 6236 1
2799 6481 1
5464 7473 1
4068 7544 1
1985 3524 1
5768 7884 1
780 911 1
584 4005 1
2175 2867 1
5518 7709 1
564 5982 1
2524 5495 1
626 4416 1
75 1095 1
4851 9875 1
4068 8483 1
345 2676 1
4541 8895 1
1523 8539 1
3849 7621 1
1621 6630 1
3300 8345 1
3694 4300 1
1509 3945 1
4944 9285 1
569 8985 1
722 1845 1
1603 3580 1
2797 3560 1
2136 4043 1
97 3513 1
2022 4695 1
348 7296 1
778 2154 1
7648 9481 1
4700 7612 1
1768 6276 1
6298 8207 1
109 4247 1
4668 8828 1
4842 9947 1
3529 8555 1
1690 2421 1
153 6239 1
4530 8894 1
5679 9855 1
884 4243 1
698 1609 1
3332 5008 1
4878 8823 1
5797 8598 1
7629 9589 1
1511 1897 1
2440 8776 1
95 3036 1
2405 5557 1
5918 9090 1
1448 7210 1
1938 9289 1
283 5716 1
3953 4537 1
6575 8865 1
3562 8853 1
5021 6098 1
1313 4541 1
2393 9869 1
2323 2714 1
5640 7833 1
4955 7730 1
4201 8022 1
1871 9006 1
6322 7638 1
1809 5876 1
2081 4120 1
1759 4069 1
3907 4542 1
6190 8650 1
6823 9317 1
3696 6759 1
6127 8301 1
1614 1621 1
4876 5343 1
361 8416 1
7102 8917 1
2365 9891 1
4803 8248 1
2652 7477 1
4006 8870 1
35 5213 1
7 3165 1
2407 4640 1
2434 9469 1
3482 7180 1
8110 9646 1
297 3678 1
2743 3808 1
7708 9077 1
6481 6705 1
1822 2674 1
528 5496 1
4635 6570 1
223 8832 1
3005 7191 1
5042 8614 1
770 5029 1
2229 4526 1
2496 4870 1
4818 8906 1
1898 9085 1
6382 7665 1
4207 8752 1
731 7518 1
7376 9277 1
62 778 1
688 3684 1
3938 8335 1
4325 8973 1
823 3320 1
1546 2217 1
2497 4691 1
647 9510 1
2015 7391 1
2691 3244 1
4943 8793 1
339 497 1
3556 8418 1
2403 6749 1
7788 8440 1
544 7318 1
848 6009 1
2699 8208 1
5199 7443 1
166 9587 1
2406 9649 1
5897 6253 1
8963 9309 1
3832 4502 1
3068 3352 1
4260 5703 1
4048 9230 1
5801 6730 1
3189 4810 1
811 7258 1
6456 8876 1
6122 9754 1
398 5399 1
4178 6078 1
3312 9347 1
2569 7576 1
2577 7437 1
5813 9184 1
4170 5436 1
732 1488 1
4494 7223 1
991 2880 1
215 7385 1
2345 4835 1
523 5286 1
1278 6882 1
6045 7440 1
1482 6123 1
885 1703 1
7918 9960 1
6631 7537 1
3429 4620 1
1770 9973 1
449 2304 1
9561 9766 1
3368 8316 1
6043 9996 1
770 2130 1
2165 4086 1
35 220 1
5869 8153 1
2510 7504 1
2312 9209 1
1598 4204 1
2312 2793 1
2558 6232 1
6818 8302 1
3213 7624 1
3335 9307 1
811 9486 1
1406 7417 1
4890 9266 1
7240 8934 1
6132 7974 1
2713 6520 1
8723 9017 1
2419 6073 1
1123 4096 1
3846 9230 1
3977 9713 1
7010 9411 1
2934 3486 1
2094 5724 1
423 6344 1
901 2182 1
6868 8015 1
467 3418 1
2877 6335 1
6793 7841 1
6232 9494 1
6469 6963 1
1491 8814 1
1364 5097 1
3970 8892 1
288 5338 1
2349 4903 1
3930 5329 1
731 6847 1
5166 8918 1
5973 8452 1
2069 5263 1
2272 3902 1
3445 6977 1
4438 5735 1
931 8598 1
0 5056 1
5752 6009 1
3011 4241 1
509 4933 1
1068 6617 1
397 2248 1
593 3126 1
2453 7885 1
8163 9336 1
3712 4288 1
4894 5197 1
8 221 1
1499 9055 1
4195 9360 1
5393 6830 1
3775 8774 1
1556 9589 1
1712 3686 1
3773 9667 1
2687 8466 1
5586 7410 1
15 2331 1
1968 3117 1
5787 9386 1
665 4133 1
2812 7414 1
479 745 1
9427 9496 1
7966 9172 1
2653 6603 1
4263 6269 1
756 2716 1
852 9594 1
35 7120 1
1560 8368 1
975 9435 1
803 5945 1
2867 7471 1
5921 8046 1
847 3773 1
2383 9344 1
3203 6639 1
1906 3528 1
4605 9766 1
5828 8986 1
2053 6207 1
3871 4294 1
745 6125 1
2880 4673 1
4163 6388 1
1985 4760 1
789 3953 1
8428 9768 1
773 7392 1
4171 7969 1
3376 5254 1
1206 4241 1
6398 8735 1
1376 4652 1
4115 5593 1
1367 2846 1
3915 7225 1
2048 6213 1
8689 8762 1
4205 7738 1
4678 8150 1
765 1465 1
1241 5366 1
1082 9251 1
2713 2816 1
4361 9382 1
889 2440 1
7219 8325 1
1297 8681 1
2022 9314 1
4073 6471 1
2058 8779 1
917 7871 1
6645 8238 1
633 8112 1
3453 6763 1
7033 8320 1
15 371 1
610 4718 1
668 1690 1
5542 7595 1
4888 6805 1
5887 8007 1
75 4559 1
925 3975 1
4428 6066 1
1252 8507 1
4026 5470 1
31 4637 1
4000 8221 1
5405 8613 1
756 1106 1
5145 5276 1
4395 8750 1
5568 7853 1
1846 6398 1
1966 7446 1
3747 4742 1
2126 3005 1
4175 9915 1
875 3457 1
713 1409 1
1967 7856 1
164 2133 1
2827 3052 1
1793 2041 1
3575 6887 1
483 8302 1
7451 9748 1
6277 8700 1
1511 8744 1
2583 7795 1
2705 8724 1
38 2933 1
6853 9799 1
5399 8202 1
2782 6692 1
471 6198 1
5328 5518 1
4471 9095 1
63 4683 1
111 9827 1
288 4801 1
4596 4845 1
91 9360 1
2474 5004 1
4530 7231 1
4268 7231 1
3165 6615 1
1888 8852 1
3996 9926 1
524 7148 1
5765 8151 1
4424 8875 1
7380 8353 1
2244 2448 1
3338 5230 1
3116 7103 1
249 2190 1
3284 5933 1
5944 7335 1
1286 4438 1
2062 4659 1
1241 4695 1
3025 3952 1
4757 6991 1
839 6378 1
5424 8208 1
2630 4362 1
116 5983 1
1957 9746 1
775 2421 1
1546 2298 1
5600 9373 1
1982 5080 1
7073 8768 1
2783 8741 1
6026 7495 1
116 506 1
7096 7439 1
23 7862 1
4536 7372 1
23 1446 1
3551 4533 1
3747 6165 1
1610 7544 1
376 6445 1
1737 8817 1
2179 3500 1
288 1902 1
217 5634 1
126 7236 1
821 2365 1
549 8093 1
4714 8583 1
588 7267 1
2386 3978 1
2165 8705 1
164 523 1
348 3084 1
4317 6668 1
5277 8696 1
7185 7265 1
2524 5605 1
2195 4383 1
3117 6119 1
5175 8419 1
7721 7999 1
3679 7320 1
656 6620 1
3813 8074 1
4133 5046 1
8175 8354 1
264 6015 1
2029 5784 1
1993 3121 1
2386 5267 1
4051 7084 1
2793 9563 1
653 5009 1
7652 8020 1
2029 2751 1
85 5491 1
2027 6088 1
764 4059 1
4590 9055 1
3236 4656 1
7977 8719 1
8744 9386 1
8875 9869 1
4499 7624 1
6064 8271 1
353 9039 1
5482 6603 1
2041 6144 1
5612 5895 1
8081 9981 1
8124 8365 1
1863 5091 1
476 4716 1
7561 9191 1
314 6832 1
3550 4415 1
2213 5847 1
5076 9298 1
6304 8862 1
143 3752 1
7279 9478 1
323 4851 1
2849 3055 1
7236 8842 1
2558 4569 1
1068 5759 1
1374 9249 1
9367 9900 1
8314 8647 1
957 3676 1
2844 4374 1
3429 7279 1
1218 5703 1
1361 4291 1
1041 8285 1
6438 9801 1
6478 6948 1
297 6821 1
6293 7168 1
2907 5662 1
8335 8935 1
2289 6781 1
6384 6532 1
2468 5026 1
4395 8563 1
2128 9307 1
6142 7938 1
3831 9164 1
4068 6633 1
5550 7245 1
853 6894 1
2860 7886 1
1205 5067 1
3686 7470 1
4753 6177 1
437 6427 1
1860 4015 1
4750 7569 1
3456 3975 1
423 2587 1
5438 9663 1
4894 6567 1
3672 8703 1
6820 8159 1
3 4630 1
3396 4863 1
1200 9045 1
4751 5700 1
1936 7393 1
3722 5033 1
394 3697 1
795 4795 1
1228 9558 1
5547 6573 1
688 1700 1
1107 5067 1
8204 9367 1
3200 7553 1
8148 9243 1
1880 9154 1
4810 9663 1
3 2536 1
885 3907 1
4565 6634 1
437 8655 1
103 9533 1
189 9307 1
6431 8175 1
2923 5740 1
4227 6080 1
4204 4376 1
8371 9665 1
515 3061 1
3474 9226 1
3870 9226 1
1205 1818 1
1012 3867 1
3758 8985 1
3467 5803 1
77 9251 1
8211 9383 1
1031 7300 1
997 2054 1
1490 7814 1
6185 9058 1
2921 3011 1
4428 7652 1
7840 7935 1
467 8655 1
1601 2168 1
2583 4709 1
2856 8251 1
4907 5408 1
750 8943 1
4733 5255 1
1278 4898 1
2465 7871 1
4106 9294 1
245 6741 1
5092 6127 1
324 7788 1
935 1526 1
437 6911 1
4582 6025 1
5067 7760 1
4345 7775 1
2860 2893 1
6239 7200 1
4176 4556 1
5542 8026 1
3264 5228 1
4733 9577 1
3405 7153 1
5546 8145 1
832 1963 1
6425 7555 1
2712 5654 1
5857 8037 1
8159 8977 1
3555 7097 1
2362 9971 1
4555 5491 1
694 7856 1
415 8441 1
3233 7985 1
86 803 1
4112 4921 1
1168 4514 1
5108 7360 1
619 5238 1
1474 1588 1
2370 2857 1
1661 7830 1
1143 4457 1
8990 9255 1
4310 6599 1
2839 5587 1
1092 4869 1
2520 2801 1
1332 9991 1
1457 8939 1
2985 4069 1
523 5880 1
3864 9141 1
917 5053 1
2756 4771 1
569 3781 1
8969 9317 1
4538 7365 1
2294 9813 1
2480 2621 1
1036 1712 1
5630 7068 1
2820 9859 1
1602 2123 1
2634 6471 1
7374 9178 1
1963 2102 1
2632 3392 1
4717 5795 1
1818 7605 1
4182 9423 1
4565 8407 1
3330 6174 1
3058 5486 1
439 675 1
8231 9738 1
7 2738 1
5430 9639 1
1319 9355 1
7274 8947 1
2903 7800 1
546 3955 1
4176 8073 1
577 4022 1
2383 7010 1
4222 6728 1
4086 6867 1
6073 8927 1
961 4170 1
885 1142 1
577 989 1
7457 8250 1
3044 3494 1
3992 6451 1
5640 6601 1
506 2277 1
378 3031 1
8624 9790 1
164 8175 1
5217 9881 1
437 9273 1
3675 8437 1
1865 7205 1
3995 5409 1
4201 7729 1
2106 9711 1
1612 9176 1
881 1558 1
4757 8361 1
1849 8365 1
440 8231 1
1675 4048 1
2616 6026 1
358 9330 1
3741 3957 1
1043 3017 1
272 7866 1
1028 1985 1
7529 9415 1
3940 9270 1
569 7298 1
2647 9284 1
2578 6673 1
2239 3043 1
2822 9285 1
4369 9383 1
2934 3864 1
6073 8122 1
2551 5789 1
2432 8541 1
8452 8528 1
1900 4516 1
2941 8418 1
9730 9899 1
9193 9694 1
3200 7366 1
1334 9208 1
3759 8269 1
361 5440 1
1971 7550 1
973 2786 1
2809 6205 1
7535 9206 1
1503 3540 1
383 3509 1
2363 4398 1
1227 7806 1
2280 6615 1
2075 3177 1
143 4988 1
1285 4778 1
1228 4244 1
6679 6777 1
1338 4604 1
6145 8533 1
5491 9995 1
3017 6319 1
7258 7393 1
1833 4583 1
7416 8733 1
3240 5610 1
514 9038 1
5194 5278 1
8518 9124 1
2527 3459 1
534 9690 1
861 7833 1
3017 7258 1
5852 8661 1
876 7175 1
1231 6585 1
4935 8208 1
602 9043 1
4798 7156 1
2981 7951 1
2057 2382 1
1663 7181 1
2843 3291 1
6988 8821 1
1551 4496 1
1891 9260 1
126 3829 1
1100 1591 1
4747 8507 1
4069 7131 1
1187 7602 1
211 9013 1
1797 8285 1
3502 4805 1
7782 9971 1
1693 7181 1
4607 8877 1
4555 6243 1
6222 8887 1
350 4634 1
3536 7018 1
2230 3599 1
1551 5785 1
4257 4334 1
2347 4938 1
7548 8986 1
3760 6911 1
6599 9776 1
7977 8345 1
656 5091 1
3113 7100 1
2734 6515 1
2211 8460 1
652 3629 1
2839 8783 1
1297 5087 1
1472 5088 1
7055 9992 1
1372 1474 1
1358 5740 1
1258 8542 1
6538 8719 1
1018 9055 1
4325 7070 1
5887 7446 1
1187 3414 1
5125 5433 1
5596 7270 1
4864 9041 1
1960 2583 1
2126 4538 1
1276 6088 1
692 6037 1
2097 8681 1
2443 6874 1
536 8907 1
3860 7091 1
2941 9036 1
5950 9838 1
687 2660 1
2330 4718 1
785 3003 1
2744 9431 1
2770 8400 1
5590 7051 1
5296 6604 1
4733 7430 1
992 6679 1
3853 9303 1
1002 4923 1
1485 9995 1
169 5888 1
3720 9713 1
437 9086 1
3570 5982 1
7073 8073 1
7642 8001 1
588 2839 1
3911 9658 1
4398 5612 1
2634 5479 1
7252 7257 1
3744 4822 1
4430 7779 1
6422 7739 1
1938 6715 1
2934 9154 1
1824 7367 1
5401 9407 1
2772 3908 1
5542 7168 1
4384 6845 1
6428 6995 1
5645 8047 1
2675 3975 1
1499 7018 1
4746 4982 1
1055 9256 1
296 2788 1
196 5590 1
1667 1906 1
6890 7965 1
8610 9681 1
4713 5973 1
284 7100 1
5683 8689 1
7643 8202 1
4351 8775 1
6085 6225 1
146 750 1
1455 7096 1
1066 5823 1
7688 8884 1
3392 4905 1
1012 6526 1
695 6819 1
2082 4750 1
750 7280 1
2037 3287 1
5022 7667 1
1237 6644 1
392 402 1
3113 8873 1
866 8394 1
5396 9571 1
3438 6189 1
587 8979 1
6165 6369 1
2997 8698 1
1089 3713 1
5268 8073 1
5992 8104 1
1376 4709 1
3604 5700 1
546 5191 1
52 2404 1
1065 6510 1
6398 9731 1
2587 7487 1
285 6547 1
6795 9367 1
8385 9347 1
439 6233 1
1683 2358 1
6013 9331 1
8423 9050 1
5174 5563 1
6502 8741 1
1531 9319 1
4351 7970 1
7522 9322 1
6321 8171 1
8385 9697 1
376 6823 1
1434 9386 1
173 1768 1
5381 6795 1
6525 7412 1
1014 8800 1
7323 7392 1
1483 7558 1
5232 6672 1
5760 6791 1
3979 7051 1
5937 8181 1
3339 8411 1
1560 3082 1
6305 8577 1
2180 3699 1
795 8877 1
5318 9075 1
1479 8755 1
37 5263 1
4610 4824 1
1501 2852 1
1934 7615 1
898 8975 1
5540 8895 1
3723 9690 1
7231 9681 1
4051 6523 1
32 1132 1
3629 9274 1
4106 4732 1
6585 8752 1
2958 9069 1
2075 6507 1
3052 8704 1
2720 7211 1
788 1640 1
4485 6980 1
280 4617 1
669 3638 1
7439 9795 1
1214 6178 1
5056 7735 1
6250 7715 1
3762 9803 1
2912 4937 1
3500 4141 1
859 7707 1
164 2190 1
2461 2786 1
3140 7770 1
2872 4572 1
5076 8387 1
996 4972 1
1892 2077 1
5780 7951 1
2029 6512 1
1609 9336 1
544 9766 1
1168 5429 1
5937 7376 1
2138 6455 1
825 2057 1
3915 8705 1
2170 8622 1
444 2365 1
375 6732 1
2851 5573 1
6715 6889 1
7558 8332 1
2126 4351 1
1102 4028 1
1200 9289 1
1024 8309 1
2048 2216 1
2305 9197 1
4798 7453 1
1097 7067 1
8774 9010 1
5782 7623 1
5563 9013 1
2037 9382 1
855 2057 1
4120 8706 1
7561 9919 1
971 9587 1
6821 7665 1
4739 4779 1
171 2364 1
2055 3545 1
97 163 1
77 6112 1
6121 7439 1
49 4818 1
1654 5830 1
6611 7074 1
961 1702 1
7538 9908 1
3956 4518 1
2621 7339 1
3599 7664 1
7073 8825 1
760 9525 1
1925 4603 1
1655 4742 1
839 9818 1
29 4351 1
2738 7335 1
5823 6469 1
776 9469 1
1765 9983 1
4733 8532 1
2625 4425 1
2281 4615 1
543 5511 1
3208 4251 1
1310 3926 1
1255 1775 1
4109 5672 1
6994 8882 1
2493 8443 1
1509 2823 1
1373 1996 1
3699 7494 1
2055 8217 1
3361 4466 1
85 9736 1
8017 9919 1
5596 7567 1
7148 7255 1
4125 6555 1
1490 9347 1
4792 7018 1
778 1971 1
922 9829 1
784 5923 1
4294 6741 1
2933 7587 1
1878 8705 1
126 7643 1
607 3028 1
7012 9996 1
1374 3695 1
3294 4533 1
5847 9256 1
2594 5088 1
4049 7095 1
6239 7794 1
1194 8423 1
2474 7423 1
3701 4133 1
3816 6335 1
3422 4718 1
4101 8948 1
3680 7228 1
2571 4323 1
584 3017 1
2848 2911 1
776 9603 1
2839 5831 1
2037 4389 1
1137 6576 1
3482 8152 1
285 7299 1
6603 7697 1
1988 5436 1
5154 6444 1
3359 6998 1
3626 4898 1
2170 4918 1
6509 7281 1
3799 4826 1
7856 8257 1
4454 6218 1
1250 7392 1
2750 4446 1
2368 9979 1
757 8398 1
289 6078 1
1457 7089 1
4915 7717 1
7886 9947 1
2962 2989 1
3354 3779 1
240 709 1
3572 9334 1
2156 4057 1
1581 3368 1
1510 7100 1
1603 3881 1
1118 2146 1
2552 3276 1
2481 7008 1
5714 9238 1
2784 4565 1
4988 9134 1
7168 8391 1
5540 5675 1
2300 6438 1
3869 5541 1
1527 8208 1
1184 4836 1
2736 4524 1
545 9050 1
1455 5299 1
2212 5278 1
49 5436 1
6747 9273 1
5231 9242 1
2022 9318 1
3137 8251 1
1929 1957 1
5626 9017 1
2623 9693 1
361 3456 1
7561 8443 1
2883 4170 1
3939 6660 1
936 7336 1
62 4328 1
6483 9577 1
1373 5647 1
430 3034 1
530 4204 1
521 2398 1
4509 6224 1
2207 9256 1
3372 4334 1
259 8814 1
875 4616 1
3535 5264 1
3607 5140 1
3610 8821 1
189 5042 1
4370 6065 1
2467 5396 1
2752 8009 1
1126 5366 1
1102 4780 1
2504 7907 1
4803 5166 1
4818 7918 1
5740 9654 1
3980 6819 1
2705 3467 1
2600 5925 1
77 4986 1
3666 9103 1
4810 9720 1
562 4277 1
6888 8700 1
6886 7873 1
747 9692 1
3333 3975 1
162 371 1
2321 9893 1
3830 4781 1
2075 6454 1
1885 4078 1
1229 8877 1
5088 9849 1
3632 9869 1
35 37 1
631 6484 1
3360 3519 1
1037 5674 1
1804 6341 1
6162 8946 1
7882 8218 1
4038 5834 1
6027 6277 1
834 6254 1
2983 7918 1
3148 6265 1
5992 9474 1
37 3466 1
85 8610 1
3731 6091 1
2516 9206 1
4551 5830 1
2292 6280 1
487 6146 1
253 1778 1
3286 7138 1
471 9585 1
447 2583 1
6630 8418 1
3705 8253 1
1501 1994 1
910 7188 1
7866 9563 1
1501 5377 1
2165 8575 1
1212 5274 1
1903 8575 1
1292 8421 1
6466 8202 1
7336 9748 1
7727 9404 1
7732 9748 1
8241 9625 1
2126 2204 1
1871 3375 1
352 1383 1
1795 6763 1
1924 6419 1
5329 7975 1
4446 9577 1
2562 2734 1
6075 9485 1
1285 4217 1
8507 9717 1
5097 7817 1
78 9667 1
4620 8417 1
9260 9954 1
4358 8417 1
7317 7412 1
2830 6871 1
210 926 1
3045 8745 1
4268 5491 1
7124 7771 1
2912 4429 1
121 7270 1
1836 8642 1
5905 6980 1
2870 4957 1
8401 8917 1
7274 7715 1
918 7779 1
2465 7123 1
364 8159 1
665 7333 1
2062 5952 1
6721 7731 1
7034 9948 1
1695 1994 1
1187 9135 1
2517 2560 1
7520 8121 1
2826 9731 1
3860 6046 1
23 4833 1
1859 8252 1
1576 7375 1
220 2903 1
292 8441 1
4927 9634 1
5379 8977 1
439 7148 1
1434 3535 1
2772 7401 1
2373 5440 1
3130 4665 1
1454 7385 1
1110 3411 1
2712 4906 1
332 6527 1
4270 8546 1
2482 7827 1
930 5695 1
3005 3438 1
4187 4347 1
3357 7273 1
5009 8885 1
6401 8850 1
1194 7431 1
6740 9070 1
915 8016 1
831 963 1
5020 6011 1
3735 8387 1
3950 6097 1
3 2272 1
2867 8577 1
2210 4106 1
5544 9394 1
3557 7334 1
31 1287 1
6600 9440 1
6438 6638 1
1211 1369 1
2243 5717 1
2799 5440 1
4791 7844 1
8387 9934 1
6905 8733 1
3703 5816 1
2738 7416 1
7299 8660 1
5948 7942 1
1280 4357 1
4358 5518 1
3544 8977 1
7983 8538 1
8057 9241 1
5631 5791 1
1525 8325 1
5592 8280 1
6547 9964 1
8061 9360 1
945 9736 1
626 2786 1
511 584 1
5189 8829 1
6751 9205 1
8652 9801 1
770 5948 1
4767 5164 1
785 4536 1
793 6871 1
7031 8441 1
5930 9214 1
2236 7555 1
1007 6800 1
4278 9322 1
3519 9270 1
1962 2068 1
852 7451 1
6170 8112 1
52 420 1
2242 5091 1
2935 6775 1
5679 8814 1
216 2514 1
2156 4004 1
392 6123 1
7018 8394 1
688 2509 1
3038 9347 1
849 7530 1
2807 8660 1
892 2504 1
723 4947 1
2130 8418 1
5795 6895 1
3405 7828 1
3754 7982 1
4203 7054 1
4965 7377 1
471 1693 1
1374 3187 1
7415 8969 1
8734 9587 1
1938 2771 1
2705 7602 1
4422 5637 1
1547 4835 1
788 4783 1
3711 8285 1
5464 9949 1
6914 7640 1
4307 6064 1
5695 6849 1
1452 4948 1
2527 9932 1
7033 8271 1
2119 6165 1
39 908 1
1613 7525 1
5642 7188 1
1105 4086 1
545 9347 1
3872 4796 1
1241 9050 1
2616 7156 1
1482 7981 1
2361 2665 1
4267 6823 1
1452 9270 1
523 6555 1
8494 8945 1
3126 4225 1
2649 6515 1
1577 8218 1
161 2941 1
1282 5826 1
3176 9415 1
3071 5457 1
3330 6849 1
8433 9608 1
4744 4883 1
6213 6788 1
5473 6978 1
2629 3769 1
3033 8548 1
5652 8441 1
2068 2978 1
5925 6321 1
634 9927 1
395 5215 1
3139 6500 1
4357 4622 1
1489 1581 1
2075 9784 1
2027 8804 1
225 1771 1
2926 6392 1
2740 3758 1
168 2957 1
357 5862 1
1499 5652 1
2242 9897 1
77 6222 1
3936 7948 1
2926 3359 1
4309 6244 1
2659 3769 1
6864 9350 1
6263 9884 1
1186 1930 1
2975 9667 1
437 9948 1
4637 5551 1
6643 7661 1
1323 6365 1
1381 5781 1
1944 2511 1
5204 7096 1
1763 3631 1
464 1945 1
803 5575 1
233 1258 1
2297 7510 1
4733 8642 1
2985 4878 1
9574 9711 1
5069 7810 1
10 6289 1
526 3173 1
2002 3805 1
2867 5007 1
367 2362 1
398 5647 1
2440 7414 1
475 1895 1
1774 3389 1
6605 8658 1
2603 9098 1
5552 7405 1
2614 4534 1
1857 8527 1
1562 6135 1
2207 3621 1
2289 9847 1
835 8250 1
2798 9724 1
5107 9391 1
3626 3719 1
2204 8985 1
3135 6865 1
790 2091 1
5614 6189 1
805 1433 1
261 8917 1
4196 7255 1
4263 8477 1
665 7280 1
5310 9161 1
1931 2410 1
4301 8180 1
7011 8191 1
4583 8832 1
3953 4464 1
2403 3159 1
937 8907 1
6273 7673 1
3436 3945 1
1992 9452 1
4473 5439 1
2272 9277 1
3117 5131 1
7855 9455 1
1637 4565 1
3960 4130 1
2941 4905 1
6972 9367 1
2297 7055 1
1297 3184 1
6183 7406 1
8185 8808 1
5956 8346 1
4944 9346 1
3468 7990 1
2415 3519 1
314 4555 1
2352 2416 1
6443 6929 1
2656 5079 1
2661 9587 1
3874 6399 1
859 9724 1
2067 5438 1
3328 6640 1
3980 4351 1
2908 3802 1
4803 6081 1
2102 2426 1
4760 5445 1
2599 3232 1
1845 3524 1
1241 8513 1
3028 7287 1
3671 7918 1
3139 8057 1
219 1820 1
456 9869 1
4133 9669 1
1609 3432 1
2433 4633 1
1297 8795 1
1505 4772 1
653 8693 1
610 3893 1
3459 8412 1
7624 9656 1
1077 9960 1
5588 8643 1
392 2687 1
753 6830 1
7236 8793 1
8017 9358 1
5713 7591 1
101 259 1
8968 9580 1
7089 9497 1
6634 7412 1
467 3211 1
2168 4685 1
4023 8346 1
2041 7384 1
1077 7866 1
7668 8800 1
956 9791 1
493 1399 1
792 7882 1
1551 2272 1
1358 4321 1
3159 7719 1
586 8945 1
3776 6375 1
476 2923 1
1479 5779 1
7913 9543 1
8004 8907 1
7 1132 1
1316 4068 1
2654 8900 1
6584 6894 1
7153 9266 1
2697 3874 1
8369 9005 1
2041 8673 1
900 7765 1
4133 5831 1
8195 9606 1
552 1605 1
3662 9629 1
6678 9158 1
6994 9394 1
2527 3813 1
6345 8948 1
2245 8853 1
82 2595 1
5329 6796 1
6280 7018 1
237 9299 1
696 9813 1
519 5979 1
997 6543 1
3662 7535 1
4825 5950 1
3672 9943 1
193 2022 1
2252 7930 1
2391 8274 1
5839 8214 1
3662 4502 1
2619 4691 1
1021 1652 1
4362 5667 1
2421 3952 1
5375 9019 1
2312 4948 1
1216 9475 1
1878 8628 1
2705 7094 1
62 9833 1
7051 8184 1
1263 4568 1
855 9469 1
7068 7599 1
3771 7828 1
501 9880 1
1549 1929 1
6509 6854 1
3752 6273 1
257 8207 1
1276 1770 1
1055 8187 1
1540 9922 1
47 2735 1
881 4624 1
4618 4667 1
1361 6015 1
2087 3675 1
1598 7648 1
473 7273 1
5003 8450 1
6916 8117 1
2888 7336 1
3110 3773 1
2346 2623 1
7390 8939 1
4313 4970 1
6333 6978 1
732 9604 1
2451 8274 1
4667 7188 1
3674 9184 1
5103 9970 1
2488 4369 1
1334 8891 1
3829 7782 1
2290 7767 1
521 3126 1
1345 4327 1
215 3608 1
1897 9004 1
3996 7141 1
6678 7548 1
5393 9924 1
1482 2346 1
876 8952 1
2292 5369 1
6280 8441 1
6254 7220 1
550 2551 1
285 3034 1
4328 6567 1
6303 7112 1
6170 9966 1
174 3203 1
1562 6432 1
4043 5617 1
4733 7784 1
3711 4878 1
7871 8996 1
5440 5956 1
7033 7897 1
1570 2351 1
7356 9304 1
7318 9012 1
582 6411 1
8651 9336 1
1039 6098 1
1670 9348 1
9251 9331 1
7754 9350 1
3368 8861 1
5560 7189 1
1551 3240 1
155 3311 1
3830 6448 1
1531 9189 1
4007 8030 1
4222 5740 1
4378 9663 1
1584 6571 1
2086 7721 1
1105 8034 1
7108 9360 1
3254 6480 1
275 2854 1
209 6930 1
569 5021 1
8268 9921 1
3980 9775 1
5174 9755 1
936 1782 1
5640 8996 1
4198 8914 1
7073 7272 1
4652 4920 1
165 4379 1
2621 2753 1
5220 5377 1
406 3687 1
5008 8904 1
7871 8191 1
4371 9781 1
2843 8235 1
2540 8426 1
799 9805 1
319 2752 1
2744 9919 1
5031 9827 1
3479 3723 1
2880 5084 1
545 8168 1
261 8409 1
569 6310 1
4051 7332 1
3115 3446 1
926 8799 1
21 6478 1
2901 9344 1
506 5961 1
3592 6983 1
339 371 1
4569 8426 1
718 2619 1
2772 3457 1
5198 6907 1
6829 6888 1
3197 9113 1
1191 7003 1
4413 8852 1
1646 5863 1
1901 2440 1
2740 4673 1
7181 9033 1
183 8876 1
579 2460 1
4572 6630 1
288 4728 1
852 6756 1
162 5555 1
845 3333 1
609 4554 1
3212 4668 1
2421 9242 1
148 6788 1
2963 5095 1
5050 5881 1
6180 6600 1
3620 7122 1
1259 9739 1
4072 6465 1
3153 8410 1
7908 8207 1
2603 9663 1
2219 8734 1
1871 7270 1
2110 9730 1
548 2184 1
4973 9017 1
2617 8780 1
1173 7871 1
6510 9336 1
872 2281 1
5436 7206 1
4937 9737 1
1460 2451 1
823 9744 1
6327 7185 1
3082 3632 1
1475 5957 1
4596 7000 1
420 6321 1
3546 8462 1
8596 9897 1
5626 8269 1
5433 6908 1
1488 7882 1
789 7881 1
2262 7276 1
2845 9546 1
2649 5470 1
2616 9494 1
1778 9149 1
5231 9433 1
3469 3519 1
4052 5789 1
4659 8453 1
910 2923 1
7200 7689 1
3828 6081 1
3408 5495 1
2575 8904 1
3117 4757 1
3375 7267 1
2867 3828 1
1845 4894 1
2215 3673 1
2381 9038 1
3957 9874 1
2775 8965 1
3903 6605 1
1016 6732 1
3932 5091 1
6640 6719 1
5024 9490 1
5320 8320 1
3 8261 1
1386 4730 1
2912 3197 1
3273 9592 1
5852 6868 1
1268 3920 1
3281 4757 1
3998 7781 1
3031 4582 1
6334 7551 1
854 9006 1
971 9591 1
1602 6425 1
475 5977 1
292 6270 1
192 9072 1
1087 4289 1
3729 9993 1
1895 4957 1
4696 7530 1
3975 7016 1
852 5146 1
2421 4249 1
3283 5742 1
6803 7248 1
7283 8639 1
4241 7889 1
1419 8411 1
2059 7051 1
4349 6668 1
4024 6908 1
562 4818 1
7112 8757 1
4678 5446 1
1314 4453 1
775 5865 1
4572 5959 1
2387 6358 1
1439 3401 1
1106 7133 1
1082 6547 1
4112 5974 1
757 6979 1
5557 5765 1
1046 4638 1
5263 5318 1
2912 5425 1
1265 8883 1
3710 5405 1
952 4222 1
2075 7934 1
4544 4850 1
2474 5199 1
265 1040 1
2878 9978 1
619 3258 1
3442 5590 1
5919 7285 1
1086 1189 1
5294 7233 1
1982 6430 1
3513 5241 1
3750 9126 1
3831 7802 1
4283 9589 1
713 6276 1
4212 4461 1
6115 9856 1
196 5757 1
1588 7442 1
669 9387 1
4683 8018 1
206 8165 1
5335 5729 1
139 6943 1
2172 2740 1
2081 5096 1
3648 5816 1
2041 3977 1
602 9828 1
3207 8325 1
444 3792 1
5626 7598 1
289 471 1
4683 4985 1
4041 5518 1
4696 7664 1
3975 7150 1
1695 6723 1
826 4059 1
864 4351 1
2331 5621 1
1584 4640 1
3294 7920 1
8256 9508 1
4285 5097 1
725 6636 1
4937 6972 1
405 7220 1
7187 7722 1
723 5809 1
4889 8244 1
1898 9711 1
4857 9460 1
9251 9278 1
4660 7603 1
1947 5631 1
832 3500 1
931 9895 1
778 6647 1
1774 4922 1
1925 5091 1
89 9808 1
3070 6118 1
2029 7134 1
2409 6601 1
21 4197 1
685 979 1
2846 4912 1
800 8099 1
1130 5759 1
242 9269 1
2756 8402 1
925 6293 1
689 8268 1
2175 9588 1
971 2504 1
2896 3686 1
2906 8346 1
2071 4512 1
2953 9855 1
8507 9103 1
4837 8030 1
6788 7989 1
4971 8784 1
4780 5052 1
7300 9827 1
2460 9922 1
607 5610 1
5051 6269 1
3516 5242 1
1775 6621 1
7236 9842 1
126 4748 1
1943 3953 1
3338 5909 1
5070 9702 1
4103 9913 1
244 2525 1
1374 9660 1
1917 8367 1
5396 9872 1
625 5600 1
3352 5026 1
1860 3137 1
707 7130 1
8993 9346 1
2524 7089 1
1519 2844 1
423 8125 1
6116 7717 1
1857 9255 1
3342 7721 1
5950 8179 1
346 7124 1
1275 7587 1
4575 7629 1
3692 5067 1
875 3681 1
4846 5648 1
5759 7830 1
685 3557 1
6552 7466 1
7877 8683 1
5530 6280 1
4635 4647 1
9251 9762 1
1568 9502 1
4204 9564 1
1960 8040 1
3092 7142 1
1934 6627 1
6788 7184 1
1488 8984 1
7018 7646 1
414 9860 1
1287 4564 1
6073 8370 1
4237 8923 1
1259 3270 1
3048 6843 1
875 1587 1
6664 8811 1
3481 3692 1
4203 6306 1
2742 6736 1
4051 8918 1
4232 5546 1
2632 4124 1
106 4230 1
2418 3414 1
3161 3687 1
4656 6813 1
1280 3743 1
1770 5822 1
4920 8549 1
2417 3189 1
3382 6315 1
166 7664 1
5696 6326 1
1938 5406 1
3874 6777 1
2652 4749 1
3479 9631 1
1232 8398 1
1688 6951 1
750 4682 1
1080 8758 1
4430 7409 1
464 4096 1
101 8208 1
1866 7223 1
820 7141 1
4244 8939 1
7841 9911 1
1050 7603 1
2263 3661 1
3135 4344 1
1029 4282 1
3761 7250 1
4530 6300 1
1720 8337 1
7776 8735 1
7518 7945 1
5494 9201 1
1815 8574 1
4389 7758 1
6701 7134 1
1128 1228 1
760 832 1
2224 4837 1
377 6921 1
2438 8738 1
2393 7275 1
1693 2168 1
1748 8291 1
2682 9098 1
1080 7603 1
3293 6219 1
1483 1577 1
7405 9357 1
550 7788 1
2909 9262 1
8129 9388 1
7346 7996 1
1880 2933 1
4345 4803 1
6547 8545 1
5740 6759 1
1041 1609 1
793 4513 1
3716 8015 1
4762 5091 1
2525 5300 1
223 8332 1
3012 5418 1
1188 5042 1
2053 6244 1
694 1501 1
2342 3903 1
1017 4406 1
2297 2440 1
2694 7738 1
313 4061 1
5196 9520 1
548 9031 1
2941 3673 1
1139 9472 1
2242 3672 1
1228 8009 1
6849 9233 1
6178 8274 1
3635 8965 1
3115 6455 1
6556 7668 1
2640 7882 1
4713 4798 1
4921 5501 1
1464 3755 1
5273 9336 1
3468 9202 1
5166 6995 1
1231 9411 1
2458 2923 1
6635 8900 1
7089 9070 1
7049 7951 1
4021 6907 1
1696 1819 1
2573 8508 1
1878 7717 1
591 4540 1
4106 6456 1
2879 3330 1
1241 6342 1
6762 9614 1
2813 5716 1
6782 8546 1
9879 9949 1
2207 5906 1
5496 8977 1
4937 9013 1
3920 6451 1
2017 5782 1
2991 7708 1
7915 9004 1
3887 4059 1
6738 8439 1
3603 4300 1
1556 4633 1
1549 9878 1
2374 5265 1
1372 3011 1
3199 3658 1
262 8394 1
4195 5343 1
4272 5563 1
131 2461 1
227 9339 1
5676 6319 1
311 9976 1
6947 8963 1
786 4607 1
1902 9592 1
2652 8400 1
730 6927 1
3755 6010 1
1683 4566 1
3061 6353 1
3247 3325 1
4 407 1
4716 5230 1
4633 9891 1
6398 8906 1
1023 5459 1
2962 4095 1
4892 8839 1
1499 9360 1
3920 5296 1
697 1502 1
6125 8747 1
2761 7754 1
461 5197 1
1737 7431 1
710 1737 1
832 6830 1
794 2374 1
1406 7856 1
5992 6124 1
1276 5531 1
1114 2729 1
3989 5251 1
155 3555 1
3047 5492 1
1860 4239 1
4926 6329 1
289 2057 1
6727 8973 1
5624 8357 1
5335 8254 1
3747 6657 1
739 6989 1
5216 6842 1
1632 7795 1
1861 5403 1
5470 7890 1
1857 3941 1
1258 9274 1
253 5783 1
3575 8802 1
6978 9723 1
1560 9612 1
4760 7730 1
3516 5189 1
2223 6923 1
528 8647 1
2324 6975 1
154 8406 1
512 5670 1
3213 6319 1
6759 9800 1
4187 4835 1
5873 7721 1
3918 7828 1
5077 7033 1
7090 7870 1
2372 4922 1
4812 5826 1
166 8416 1
952 9325 1
3590 3798 1
6609 7008 1
2646 7376 1
2527 9936 1
44 4454 1
606 5655 1
4278 8521 1
8455 8836 1
2022 6236 1
7 4572 1
4351 7279 1
3052 3341 1
822 7939 1
2413 7555 1
4825 8101 1
1019 2037 1
7987 9899 1
35 1143 1
2379 4938 1
5056 5755 1
2857 5502 1
3686 4795 1
1981 5831 1
4226 6237 1
3252 6031 1
492 4213 1
7954 8446 1
2405 3126 1
545 7257 1
2558 4122 1
2451 8197 1
3368 9589 1
3535 5565 1
201 3283 1
703 2181 1
1238 3279 1
1609 7356 1
7170 7583 1
3247 9070 1
6843 7188 1
745 2592 1
4587 4903 1
4628 8876 1
6524 8374 1
1192 1591 1
2398 3086 1
4438 4780 1
1790 3203 1
4572 4780 1
5587 9713 1
8298 8606 1
549 2653 1
2887 3250 1
3773 5329 1
3907 6083 1
3077 9009 1
1334 9753 1
1276 3921 1
3717 7649 1
164 7915 1
4560 6648 1
262 9012 1
157 6744 1
3032 5102 1
2844 8249 1
3804 3861 1
1433 7288 1
5092 5196 1
1258 7664 1
7075 9766 1
6132 7153 1
991 7320 1
77 3193 1
4380 5899 1
4075 5263 1
4582 8477 1
1241 2772 1
2025 9270 1
877 7191 1
7331 8416 1
1424 3388 1
1140 3629 1
3571 7423 1
472 2941 1
8632 9956 1
3978 6269 1
994 5497 1
5013 7882 1
1037 3881 1
1678 5375 1
7547 7667 1
8682 9484 1
7391 8817 1
3924 4693 1
6542 7559 1
1105 2480 1
3775 4570 1
5396 6115 1
2911 6222 1
3126 8096 1
2971 4021 1
1455 1546 1
4577 8641 1
1285 4518 1
1068 6735 1
903 8388 1
2214 5735 1
3981 9549 1
5443 8755 1
1837 5785 1
918 7730 1
4247 7948 1
6895 7081 1
7965 9469 1
1451 1777 1
3878 7327 1
1034 4872 1
5831 8113 1
3678 8959 1
9373 9378 1
2914 7809 1
6753 9068 1
5187 7230 1
15 5832 1
719 4487 1
5271 9587 1
780 9836 1
1097 3127 1
5637 7466 1
317 6170 1
186 6653 1
1562 4395 1
844 8316 1
3404 7794 1
6544 9833 1
3120 8035 1
3373 3785 1
5477 6430 1
351 8383 1
2053 5386 1
5344 9284 1
2994 3200 1
3028 8446 1
644 5252 1
5606 9284 1
1087 9205 1
4461 8442 1
4125 9247 1
7123 9136 1
3553 5823 1
3885 4310 1
5791 9222 1
211 8753 1
562 7290 1
6673 9839 1
9309 9901 1
1174 4636 1
1712 9415 1
3568 5542 1
1128 2948 1
5789 9526 1
1331 9723 1
4177 7343 1
4631 9011 1
5944 7185 1
8704 9003 1
5092 7908 1
5388 6738 1
1970 8892 1
848 8034 1
4845 4998 1
926 2440 1
5328 8535 1
6618 8977 1
1465 3657 1
3070 5423 1
6219 7016 1
3558 8395 1
8909 9004 1
3401 8411 1
4187 9320 1
3633 5536 1
4651 7734 1
7065 8915 1
1031 1860 1
1712 7671 1
7593 9034 1
1579 8081 1
2933 9474 1
3692 6116 1
2212 3298 1
2413 5274 1
2715 7302 1
5487 8945 1
2166 8026 1
5946 8705 1
3281 7713 1
165 4570 1
3229 9243 1
1584 7112 1
6401 9285 1
577 4514 1
6657 7750 1
2560 4920 1
2517 4284 1
528 5561 1
4332 6826 1
440 9878 1
4268 5121 1
2298 6640 1
2702 3283 1
4515 9162 1
2237 8616 1
2233 7908 1
51 4818 1
8220 9667 1
2649 4588 1
7931 9564 1
6112 9532 1
8734 9888 1
7908 8614 1
3715 5322 1
4035 9464 1
3981 6195 1
3308 7415 1
4638 8222 1
1513 9689 1
7189 9866 1
3648 7483 1
1786 6815 1
6132 7905 1
6295 9589 1
4817 7406 1
4567 8921 1
8282 9205 1
3980 9161 1
3545 3571 1
2519 6585 1
4821 7525 1
4179 8058 1
318 6259 1
1961 2093 1
808 6086 1
2413 7852 1
3070 9879 1
2082 3551 1
7357 9800 1
4938 5831 1
3265 7314 1
292 2005 1
1269 4202 1
1845 2857 1
644 5870 1
857 2945 1
4612 9229 1
2659 2781 1
2206 3213 1
1590 4967 1
709 3232 1
1361 8113 1
1550 1596 1
175 3298 1
4115 5390 1
3786 4168 1
4362 6021 1
828 2365 1
6079 8028 1
3173 3941 1
953 6975 1
325 3242 1
3897 4938 1
3991 7017 1
4610 8752 1
1269 3047 1
1480 9875 1
2851 7273 1
4683 9230 1
404 7672 1
2033 6826 1
118 4834 1
3411 9367 1
6547 9944 1
3684 8213 1
1397 6615 1
717 6856 1
4920 7638 1
1343 3346 1
2530 4599 1
6642 7737 1
1757 6369 1
5038 9579 1
4284 9871 1
397 4407 1
4636 4846 1
4433 6961 1
4572 7305 1
257 3084 1
4011 8958 1
4730 8645 1
525 7036 1
155 1087 1
893 4988 1
437 8155 1
399 1447 1
4554 8419 1
3311 9486 1
1269 1303 1
1711 5620 1
3016 8814 1
6326 9544 1
4898 9168 1
524 1334 1
166 1626 1
1188 5286 1
2891 7587 1
52 2278 1
8222 9981 1
569 6180 1
2585 8978 1
1164 3357 1
1281 4696 1
4228 8784 1
1967 7653 1
284 9202 1
2407 9645 1
1921 6719 1
4188 8604 1
8020 9473 1
2440 9004 1
3340 6817 1
1179 7802 1
2082 2880 1
6994 9077 1
215 1868 1
3960 9908 1
1668 7212 1
7750 8831 1
7851 9637 1
953 8398 1
7252 8554 1
2904 8357 1
2632 3697 1
8616 8945 1
6336 7764 1
2272 3162 1
6026 9036 1
3557 9676 1
1332 4230 1
2867 4503 1
3061 5308 1
248 2166 1
1509 3368 1
2911 8747 1
822 2438 1
894 7976 1
216 9044 1
2456 9106 1
4643 7090 1
2389 7884 1
8655 9058 1
8677 8817 1
5325 6895 1
2560 4733 1
5977 8770 1
3 2520 1
479 8865 1
8906 9808 1
2091 2942 1
3357 8460 1
5263 7148 1
404 7001 1
7439 9669 1
3394 5309 1
732 7998 1
808 7993 1
163 4845 1
8786 9110 1
3 426 1
784 991 1
116 6719 1
918 1745 1
914 6699 1
2461 6043 1
6696 9746 1
1871 8429 1
4027 4848 1
4443 6978 1
6948 7523 1
6789 9156 1
6791 7539 1
3284 3986 1
4636 7558 1
2413 7665 1
6895 7862 1
987 1700 1
2268 9004 1
2387 4000 1
2373 8266 1
6855 8463 1
869 3142 1
7254 8734 1
1337 6428 1
1925 5632 1
2319 8969 1
3315 7244 1
3110 7778 1
5701 6569 1
4615 7620 1
250 8762 1
785 5134 1
5284 7220 1
2161 4596 1
1770 8912 1
6906 8401 1
796 4734 1
7475 8329 1
4524 6943 1
4204 7527 1
1616 2029 1
5929 9587 1
8116 8325 1
2362 9955 1
7293 9978 1
1973 8682 1
1517 5433 1
1605 1870 1
1591 1972 1
7740 8977 1
1811 4190 1
1871 4241 1
2289 4000 1
178 376 1
1865 3672 1
757 3466 1
3738 8636 1
6011 8838 1
1086 9569 1
5288 5999 1
3421 4233 1
150 5683 1
4737 5896 1
6832 8987 1
6995 8227 1
6632 8175 1
3043 4812 1
7771 8448 1
715 6623 1
1434 5556 1
7323 9978 1
5518 9844 1
1560 8112 1
743 1474 1
5715 7914 1
4884 5542 1
2715 9827 1
62 7906 1
1822 4325 1
3188 7795 1
6555 9059 1
509 6905 1
447 6027 1
220 386 1
1250 8071 1
1276 2876 1
2482 4371 1
3662 4453 1
949 2481 1
1904 5828 1
906 6726 1
7273 9460 1
2075 9093 1
449 4760 1
1400 4982 1
1933 7697 1
2625 6527 1
2038 2795 1
4247 7708 1
82 802 1
5983 9957 1
1859 3052 1
2705 4012 1
1927 7882 1
829 5166 1
3573 6451 1
2255 4715 1
2907 8842 1
2750 8858 1
5759 7216 1
5640 9968 1
3388 8391 1
805 1547 1
3747 5291 1
4270 7318 1
5572 8521 1
2506 3021 1
477 7343 1
3075 7113 1
4212 6559 1
6951 8254 1
4078 4115 1
2574 3155 1
2901 3550 1
1665 5788 1
3603 6451 1
4802 6775 1
2871 8222 1
5390 7699 1
223 6645 1
6868 7438 1
3662 7031 1
5314 8643 1
656 5746 1
293 9858 1
7412 8999 1
1452 6619 1
6333 7279 1
636 9443 1
4686 9983 1
7291 8480 1
8521 8871 1
361 2041 1
2798 9033 1
3459 6298 1
1900 5439 1
4586 5056 1
3698 8566 1
2142 7416 1
3603 5296 1
256 7882 1
9225 9374 1
7756 9189 1
5427 9055 1
4818 5564 1
5439 8126 1
3002 9213 1
7510 9133 1
1992 2934 1
4920 6780 1
2824 5908 1
6375 9733 1
3858 4475 1
6404 8219 1
4458 6160 1
6180 8511 1
537 1866 1
5896 8752 1
5108 7962 1
5385 6550 1
333 8452 1
2279 3341 1
4817 7032 1
1405 6749 1
8426 9519 1
1845 4577 1
1831 2427 1
3959 5466 1
6010 6787 1
4659 9075 1
266 7415 1
992 1857 1
3858 4825 1
4997 9070 1
1346 4075 1
2015 8371 1
1089 9145 1
77 1477 1
6830 8219 1
8007 8784 1
6642 8168 1
2946 8880 1
143 9644 1
1241 3500 1
4486 7053 1
3878 8860 1
8983 9036 1
528 1349 1
607 1642 1
2565 2772 1
223 4685 1
2676 8238 1
8419 9637 1
4500 6170 1
5143 8491 1
2161 7792 1
2892 6550 1
3766 7114 1
793 1805 1
1667 2561 1
4569 7438 1
475 9043 1
3746 7401 1
2832 3274 1
2314 5563 1
6746 8117 1
1457 1970 1
1192 2453 1
44 7544 1
211 3520 1
5028 8891 1
6561 8337 1
4295 7054 1
3786 4733 1
2617 8947 1
4128 8634 1
6127 9765 1
5556 6566 1
2734 3116 1
1581 7109 1
5296 7393 1
739 9274 1
2556 8479 1
171 5784 1
486 8828 1
5233 8542 1
4001 5826 1
7244 8744 1
4042 6581 1
1172 6123 1
2782 3537 1
696 9577 1
2277 7751 1
7999 9027 1
291 5327 1
4133 6884 1
253 9007 1
1244 2212 1
3028 5441 1
2539 9414 1
2477 8536 1
5617 9821 1
4473 9204 1
4561 9805 1
3176 6093 1
1616 7453 1
5174 9251 1
601 3274 1
6905 7184 1
4369 6602 1
8055 9309 1
6603 8539 1
2781 9886 1
2292 7443 1
2727 6617 1
887 7428 1
1871 6632 1
6526 8477 1
1853 4548 1
17 5101 1
25 9880 1
2439 7089 1
5228 7393 1
6525 9006 1
1976 6833 1
1544 7176 1
4835 8630 1
2605 3594 1
5946 6855 1
4222 4431 1
3926 5601 1
2844 5862 1
1482 9681 1
1663 5555 1
3431 6561 1
1471 8768 1
917 1012 1
8952 9833 1
9636 9711 1
1551 6253 1
4259 7881 1
5873 9201 1
3877 5335 1
2818 8963 1
10 2967 1
2050 3907 1
3519 9010 1
2175 9271 1
7051 9587 1
3326 8615 1
6987 7882 1
8317 8689 1
3730 6978 1
975 9476 1
2339 7393 1
3697 4586 1
3554 8250 1
2520 4021 1
7439 8945 1
4603 9761 1
1958 8455 1
420 5467 1
5784 7035 1
3494 5166 1
2219 8230 1
607 5293 1
1303 9692 1
6019 9561 1
4713 6896 1
3553 5746 1
1676 4046 1
5865 9094 1
6995 9813 1
1937 6073 1
4069 4350 1
3222 7861 1
2480 4780 1
2332 2630 1
2528 9924 1
71 1499 1
3842 6788 1
3959 7373 1
1313 6623 1
905 5108 1
7990 9583 1
4795 5393 1
8774 9665 1
541 7275 1
3132 5874 1
1945 4621 1
2779 4258 1
465 1803 1
2383 8230 1
271 6633 1
4889 8411 1
4696 8770 1
4097 5967 1
2560 6587 1
216 7865 1
634 8378 1
5467 7112 1
4357 9489 1
2196 6310 1
1963 5550 1
409 9199 1
2393 4380 1
1498 6911 1
784 1906 1
216 8804 1
1016 3195 1
4465 5989 1
6483 7170 1
953 6064 1
257 9744 1
8340 9157 1
4068 5572 1
4016 7856 1
4993 5327 1
1643 4232 1
3706 6876 1
1374 3061 1
1857 8133 1
4340 4947 1
3011 6994 1
3491 8385 1
2607 4689 1
119 361 1
1476 2025 1
512 2507 1
5114 7724 1
5470 6605 1
2297 9344 1
264 9760 1
756 2086 1
4985 9007 1
7998 9019 1
1590 5695 1
5308 5496 1
347 6762 1
5803 9639 1
3573 7821 1
9251 9579 1
5780 7935 1
3211 7405 1
5534 6216 1
2 7481 1
2772 3571 1
4902 8191 1
2142 9591 1
3020 5393 1
2906 4325 1
2562 4515 1
1163 5069 1
1787 7148 1
6842 9681 1
4349 5009 1
3 1475 1
63 2280 1
4069 6123 1
1307 7450 1
2274 4233 1
1171 3617 1
1150 6712 1
3467 4742 1
3 1825 1
3394 7647 1
3961 4496 1
2054 8781 1
7376 8460 1
1815 4069 1
4818 5056 1
3942 7637 1
764 3616 1
3159 4747 1
4826 7391 1
829 8175 1
2899 9546 1
1448 9910 1
3375 9475 1
1878 9494 1
6434 9640 1
1835 8858 1
2659 3643 1
1573 8858 1
3395 8407 1
3094 9233 1
1499 6465 1
3003 6836 1
6988 7947 1
2609 4465 1
1334 5085 1
2022 3207 1
1664 3499 1
248 4638 1
7393 9164 1
1149 5305 1
5464 7274 1
6763 8768 1
1906 3032 1
6802 8696 1
4264 8977 1
8832 8948 1
1865 8104 1
1287 3926 1
5691 7438 1
1245 2734 1
591 7606 1
963 1358 1
1838 7220 1
1633 3782 1
4472 6647 1
4014 7489 1
739 7477 1
8409 8441 1
371 665 1
586 1785 1
1021 1713 1
50 3468 1
8219 8317 1
392 6615 1
549 2657 1
1698 3618 1
4659 7412 1
9116 9996 1
2337 6759 1
4353 7305 1
1206 4095 1
3701 7150 1
220 4818 1
5101 9450 1
1616 3212 1
6719 6725 1
2904 6991 1
6632 7480 1
3055 7160 1
5484 7121 1
7810 8647 1
4568 9337 1
5008 6603 1
4187 9645 1
367 1431 1
7299 9636 1
8529 9273 1
4709 7475 1
3121 9850 1
289 5712 1
7045 7245 1
1737 5020 1
5970 6987 1
2678 5308 1
3612 8367 1
2941 8162 1
785 4573 1
288 2077 1
1845 2109 1
4350 5852 1
8316 9165 1
361 8217 1
1192 4173 1
2699 8814 1
7181 9765 1
4344 5283 1
2095 5667 1
1482 5440 1
1960 9414 1
848 9998 1
3817 5739 1
820 3254 1
3034 8511 1
945 8618 1
7228 8241 1
1457 8012 1
2878 4965 1
2912 7767 1
2394 6838 1
4266 5750 1
7199 9940 1
4904 7727 1
1206 7612 1
7852 9007 1
116 9675 1
1986 7952 1
3564 9615 1
5386 9164 1
5124 9164 1
3061 6520 1
1316 7191 1
454 9670 1
4284 5740 1
6352 8728 1
5958 6357 1
2480 8460 1
9046 9926 1
1935 4230 1
579 1448 1
3564 6582 1
1143 8202 1
2311 6961 1
5366 6418 1
545 3557 1
2809 4205 1
1780 9954 1
1761 9712 1
1382 9127 1
687 8336 1
3068 9569 1
3400 8056 1
2053 5390 1
1963 8880 1
1164 8675 1
2100 6899 1
7294 9776 1
367 5887 1
2036 2942 1
2894 9389 1
1447 8963 1
2323 3938 1
6806 9433 1
8238 8827 1
3491 4949 1
3467 4555 1
3031 7408 1
2379 2527 1
288 8977 1
4811 9175 1
4837 8144 1
1960 6515 1
1607 7151 1
2553 7783 1
6787 7878 1
2857 6474 1
7148 7857 1
918 3896 1
1845 5976 1
732 4672 1
3701 6829 1
1710 9723 1
1860 6284 1
728 766 1
8367 9587 1
103 714 1
3003 3266 1
274 4733 1
4921 4997 1
7073 8622 1
3852 9627 1
3 483 1
7157 7569 1
5937 6368 1
1532 5637 1
2012 6274 1
780 3558 1
4733 8329 1
5366 6552 1
4020 6178 1
2418 4683 1
3325 5387 1
152 7372 1
3101 5679 1
592 7644 1
1118 6936 1
984 3738 1
7410 9331 1
5008 7221 1
3165 6603 1
6527 7523 1
6623 7231 1
138 4441 1
1640 8738 1
2127 2440 1
1736 2784 1
2443 6618 1
5108 6112 1
5242 6112 1
264 7963 1
2384 6388 1
2150 9190 1
1400 5494 1
696 1177 1
7165 7406 1
2012 2086 1
1384 2517 1
420 9415 1
3725 9801 1
8945 9927 1
426 6951 1
8146 9722 1
4455 8334 1
4825 7113 1
2978 5033 1
6615 7878 1
4659 5131 1
2718 4170 1
2236 6116 1
4598 7107 1
2671 6044 1
7822 9783 1
5621 9649 1
9391 9640 1
4666 7241 1
1133 6439 1
1174 3030 1
3925 9458 1
5377 7976 1
4462 4967 1
2596 6809 1
4454 6015 1
7668 8003 1
1660 2923 1
476 1187 1
1150 9237 1
85 9667 1
2705 9196 1
2108 4776 1
6951 9116 1
6204 7381 1
7415 7530 1
2451 5115 1
2815 8021 1
4097 4438 1
1929 3498 1
4826 6533 1
825 9827 1
7561 9984 1
4760 8165 1
780 8364 1
2196 7225 1
4524 7134 1
1518 5849 1
820 6450 1
801 6208 1
1551 5208 1
6353 8793 1
21 9251 1
5542 6107 1
5781 8567 1
7658 7823 1
2954 8745 1
1266 5224 1
8179 9215 1
3578 5162 1
7910 8798 1
3999 8602 1
3049 4818 1
1767 2739 1
2140 9171 1
607 3309 1
3033 6759 1
579 1261 1
4987 9645 1
403 7451 1
1898 6605 1
702 5798 1
530 3062 1
5416 8038 1
922 5572 1
225 6398 1
7018 7089 1
7112 9168 1
1772 5742 1
569 3956 1
209 9837 1
1095 9664 1
742 3884 1
1936 3864 1
1489 3175 1
709 7908 1
881 4982 1
5153 6123 1
4635 8412 1
1581 5393 1
7766 8645 1
366 2092 1
106 3673 1
5324 9388 1
935 5218 1
952 4633 1
4154 7550 1
437 4187 1
4112 7324 1
2775 3094 1
4087 9711 1
5654 7987 1
3844 7509 1
215 9443 1
48 3853 1
621 1271 1
32 876 1
1654 2057 1
594 6995 1
2146 2519 1
8639 9334 1
5484 6263 1
5220 8634 1
2123 8951 1
4542 7258 1
5655 6118 1
3031 5127 1
1551 8725 1
4863 7084 1
773 1261 1
1012 1277 1
5521 8747 1
922 4767 1
2386 8772 1
294 5198 1
8358 8533 1
314 9048 1
1183 4542 1
1883 3987 1
3022 4260 1
7137 9359 1
5102 6319 1
2332 3813 1
2146 6841 1
2426 9110 1
2844 9623 1
991 7755 1
3434 4204 1
7539 8615 1
8786 9919 1
4710 4748 1
2807 7489 1
2798 7935 1
4407 8911 1
1803 6852 1
284 696 1
2253 3116 1
3578 6585 1
1272 4183 1
697 5938 1
4420 7803 1
3802 8922 1
252 8705 1
6630 9154 1
4204 6458 1
6392 8050 1
7727 9201 1
607 8115 1
3534 6663 1
1068 9264 1
2954 4102 1
242 7236 1
5937 8409 1
4543 9307 1
615 4034 1
2815 8639 1
2894 7242 1
757 6369 1
2188 6262 1
5703 7424 1
259 3618 1
288 9274 1
6062 9986 1
5496 7131 1
429 1585 1
8539 9237 1
3468 8645 1
3162 9127 1
713 4727 1
272 7236 1
1942 7145 1
4404 7054 1
1575 9603 1
2342 8018 1
5274 6910 1
709 4204 1
960 7987 1
2846 7551 1
7412 8385 1
392 2053 1
1297 5128 1
2190 5934 1
800 1878 1
562 2464 1
9199 9633 1
3514 5206 1
7134 7882 1
102 8895 1
4350 5478 1
5716 8194 1
8665 8945 1
4997 5289 1
2641 5052 1
5344 6336 1
707 8480 1
1037 6894 1
2632 7218 1
361 1427 1
2716 8609 1
1816 6632 1
4999 9307 1
4634 7866 1
252 8839 1
2844 7074 1
1726 5426 1
2412 8383 1
259 9229 1
729 9932 1
2272 3650 1
1967 3014 1
2168 4990 1
2796 6279 1
700 7659 1
5614 8267 1
3150 9251 1
6524 8488 1
1140 5487 1
3299 4621 1
2165 6412 1
1518 2629 1
38 8479 1
5645 6799 1
3429 7885 1
5939 8966 1
7028 9684 1
903 4985 1
2236 8507 1
1505 7305 1
629 6668 1
5102 9031 1
2351 2603 1
2053 7110 1
5790 7153 1
1588 8471 1
6779 7667 1
889 2054 1
1856 9979 1
7236 7354 1
2597 8671 1
7012 7646 1
100 7263 1
1468 5144 1
4434 5310 1
1865 4026 1
6027 9725 1
3685 7666 1
4798 6526 1
2759 8440 1
3191 3933 1
5126 7523 1
8990 9593 1
5585 5593 1
7912 9973 1
701 7079 1
3662 6901 1
1938 3723 1
3617 5438 1
4534 6830 1
1891 3153 1
4358 6604 1
1643 3805 1
6171 8319 1
1398 9636 1
4917 5844 1
913 1485 1
3748 9304 1
5056 9386 1
1448 2583 1
1618 9410 1
1189 7018 1
3622 8441 1
2966 9268 1
1538 8892 1
5958 8211 1
1042 5278 1
3911 5511 1
4735 6712 1
6213 6451 1
953 9370 1
7596 9336 1
5067 9171 1
8859 8921 1
6255 7616 1
1654 5253 1
2468 5766 1
1527 7952 1
1859 6439 1
2332 2687 1
391 4944 1
2144 2636 1
5468 7236 1
2457 4853 1
1915 2584 1
2281 7071 1
3487 8374 1
1799 5607 1
1331 3287 1
8163 9568 1
149 2378 1
4438 9350 1
732 8620 1
4204 4982 1
1415 1480 1
219 4837 1
3686 7271 1
377 6177 1
547 8840 1
6216 8038 1
4487 4516 1
2577 2676 1
2912 4844 1
591 3662 1
3731 5701 1
3691 4582 1
4331 7948 1
246 6633 1
4268 6845 1
696 2897 1
1584 3359 1
1483 4216 1
6987 8073 1
7372 9604 1
794 6623 1
892 7912 1
3872 5532 1
7423 8603 1
1970 7717 1
1591 7132 1
1973 4982 1
5832 5954 1
395 1629 1
2750 8057 1
374 4724 1
3421 9982 1
2595 8708 1
5166 9284 1
216 6767 1
1131 9776 1
486 4376 1
2332 9237 1
778 5716 1
4785 5620 1
4067 9541 1
2577 8287 1
834 9031 1
4225 8437 1
5054 7730 1
1976 4125 1
7865 8547 1
2022 9196 1
1927 8370 1
3178 4720 1
182 1871 1
1938 9468 1
4955 6576 1
2793 9982 1
5983 7412 1
2461 2827 1
6369 8387 1
9251 9636 1
8905 8999 1
5911 9229 1
706 3719 1
832 3858 1
6284 7525 1
1907 2426 1
2540 4059 1
485 8446 1
1464 1856 1
230 757 1
7220 8378 1
3526 7473 1
7877 8907 1
7882 9251 1
3460 9105 1
3147 4444 1
5803 7602 1
2995 8022 1
1921 4926 1
5916 7479 1
44 3226 1
3500 9443 1
389 5890 1
1809 3961 1
1445 1964 1
4428 9681 1
8387 8605 1
268 3119 1
1711 8499 1
1835 2149 1
4 3046 1
3401 9814 1
5335 9604 1
462 9751 1
7074 8152 1
178 3576 1
1007 5121 1
5393 7330 1
1614 9505 1
2705 4634 1
1112 1939 1
62 3401 1
4967 8619 1
5246 8034 1
588 9109 1
4965 7792 1
2907 9464 1
3368 8361 1
4161 7997 1
2182 9962 1
931 3032 1
7113 9985 1
4685 8906 1
86 4926 1
2756 4572 1
1331 3905 1
2833 8202 1
8249 9960 1
386 2185 1
2951 5979 1
6995 8394 1
426 4967 1
6 7791 1
2272 2658 1
2480 5805 1
7246 9733 1
601 9694 1
4106 6196 1
5675 7551 1
358 9936 1
5802 7326 1
790 3177 1
2744 5097 1
953 8833 1
688 5152 1
2883 7915 1
3707 9116 1
832 4342 1
1374 2447 1
1933 4131 1
1616 4424 1
1334 3048 1
4391 9748 1
633 8828 1
5934 9882 1
1643 7001 1
5142 9158 1
971 8823 1
3715 7664 1
4496 8229 1
1017 6724 1
1903 2387 1
6743 7018 1
2071 8387 1
5496 6623 1
1930 2520 1
472 8129 1
1938 2381 1
5625 7033 1
6473 8820 1
1568 7766 1
594 7560 1
3546 7828 1
8159 9262 1
126 5240 1
4685 5657 1
4967 8753 1
339 6287 1
3034 9373 1
85 4650 1
6743 7368 1
2901 5811 1
8095 8688 1
297 7724 1
1379 9183 1
1086 3454 1
4178 4513 1
1385 6719 1
4932 5884 1
1537 9742 1
4572 9513 1
1059 6734 1
4357 9359 1
5360 8805 1
2086 4322 1
1464 7951 1
5491 8507 1
6174 6285 1
1964 3578 1
1898 7654 1
2772 4246 1
4096 9934 1
15 3665 1
2398 9697 1
5937 8035 1
139 3731 1
697 9886 1
551 8371 1
4577 5319 1
4845 7019 1
5467 8271 1
419 2967 1
8734 9331 1
732 1212 1
2282 6489 1
6595 7631 1
60 9450 1
2314 5246 1
4351 6669 1
3535 9493 1
280 1088 1
5658 6526 1
6284 9432 1
1938 5898 1
119 3614 1
7908 8996 1
1652 3060 1
549 9614 1
4895 6732 1
110 5780 1
471 5759 1
2329 4965 1
5008 9827 1
3179 5135 1
2520 6253 1
2503 6838 1
4695 5166 1
5381 8877 1
4798 9051 1
264 3214 1
5296 8015 1
3938 5160 1
1488 5288 1
1269 6678 1
1570 5852 1
276 1504 1
6358 7287 1
2037 7947 1
750 9496 1
1698 6037 1
4299 9488 1
5880 6696 1
5742 8452 1
3547 8163 1
376 395 1
3741 4242 1
1731 5396 1
4155 7265 1
1452 5981 1
3183 7886 1
4220 6162 1
7482 9130 1
3880 8723 1
8087 8715 1
6727 9197 1
2811 5247 1
6630 9264 1
3856 9268 1
5640 6081 1
1464 2958 1
1157 7911 1
3067 8061 1
1866 6910 1
760 2613 1
1895 5396 1
668 9440 1
439 5416 1
5296 7210 1
7207 8494 1
5120 5264 1
3366 9791 1
3547 6419 1
469 9230 1
2681 7244 1
2758 4458 1
2272 7948 1
3817 7219 1
3781 4556 1
930 7346 1
5530 9484 1
1665 6223 1
7126 9444 1
3387 8574 1
2069 3832 1
4894 6799 1
1489 5997 1
4171 6404 1
1012 8287 1
3137 5393 1
3596 8159 1
5919 7724 1
5876 9340 1
2345 9365 1
7810 9322 1
354 5843 1
569 7717 1
2329 6388 1
5760 6913 1
5479 9115 1
2831 7538 1
4 2054 1
6098 6908 1
6469 6821 1
5103 7323 1
4795 7170 1
1374 5643 1
739 7347 1
4605 7046 1
7480 9568 1
1193 5073 1
1652 4833 1
6497 9808 1
7 258 1
3167 5393 1
8633 8958 1
1885 7286 1
3686 5958 1
8639 9712 1
5463 5764 1
936 6356 1
1132 4016 1
6746 7479 1
7231 9214 1
1550 5495 1
3690 4387 1
2351 5746 1
4293 9561 1
3438 6795 1
2671 2718 1
1700 4473 1
4783 9388 1
4019 8992 1
7257 7402 1
8477 8603 1
6641 6904 1
4884 7750 1
3375 6446 1
7246 8741 1
4278 7940 1
1468 8287 1
2244 7754 1
3405 8540 1
6901 9460 1
8174 9733 1
1109 1938 1
8369 9420 1
5088 7930 1
3665 3926 1
5287 9079 1
2126 4473 1
1907 9273 1
3896 5552 1
2705 2837 1
4317 9746 1
2629 6225 1
3257 9766 1
6732 9809 1
4024 8181 1
1266 3992 1
1560 9165 1
7237 8224 1
4006 8541 1
5883 8551 1
2175 3022 1
7579 9681 1
3453 8365 1
3661 5096 1
2152 3792 1
1500 2883 1
4016 4506 1
162 680 1
2123 5491 1
3260 4937 1
209 8605 1
2093 7534 1
1420 8000 1
1365 1877 1
3469 5276 1
1936 2632 1
62 449 1
3 9668 1
4654 7422 1
4452 8227 1
6043 7089 1
3631 4291 1
5231 5713 1
8197 9851 1
3429 5096 1
2106 3982 1
7250 9748 1
3738 5851 1
5305 9045 1
2331 9927 1
367 4818 1
312 2667 1
2452 8941 1
2705 2971 1
3119 8438 1
225 3422 1
1474 9525 1
1376 6738 1
7415 7721 1
763 1785 1
207 1338 1
2438 6010 1
2470 8931 1
5464 8701 1
634 3068 1
3715 7156 1
3632 9373 1
6115 6941 1
4733 6910 1
7878 9293 1
2871 6242 1
2759 9973 1
2740 9731 1
7423 9652 1
4696 7782 1
7621 7947 1
367 3663 1
9355 9561 1
1478 1888 1
7153 9010 1
1214 3535 1
1523 6734 1
6110 9199 1
1024 6821 1
3467 9686 1
2510 7175 1
5729 9507 1
1968 2654 1
3265 5765 1
823 6508 1
1592 3306 1
3161 5415 1
112 2740 1
4451 5103 1
4239 7664 1
5390 7008 1
768 7740 1
745 7756 1
3061 4430 1
4833 6336 1
564 3022 1
1073 5343 1
2465 7782 1
5956 8358 1
7335 9781 1
5571 9456 1
5287 5725 1
2837 6607 1
65 2520 1
4662 7393 1
2967 9871 1
2867 7947 1
945 4784 1
14 7658 1
248 5610 1
669 9050 1
2988 7715 1
3698 4842 1
171 2165 1
3330 4446 1
5451 6506 1
2607 4051 1
6292 7122 1
934 3090 1
562 7648 1
1374 3362 1
3996 7690 1
4438 8789 1
2365 4703 1
3949 9564 1
437 5667 1
5160 9713 1
8222 9587 1
4590 5396 1
8652 9171 1
3203 5021 1
2372 2649 1
4543 7270 1
116 6780 1
985 3028 1
2793 6843 1
4125 5067 1
5542 9226 1
549 3629 1
220 8823 1
3649 4549 1
3518 5032 1
1081 6119 1
1446 4554 1
2440 6166 1
3148 9636 1
3126 3461 1
2539 6145 1
4444 5197 1
45 2002 1
2908 5453 1
6447 7009 1
3861 6310 1
2059 5693 1
3036 7890 1
1964 6587 1
7934 7965 1
1217 5606 1
3479 5427 1
2742 6854 1
5008 5131 1
930 5549 1
1265 9969 1
5976 7774 1
2741 6629 1
745 9179 1
1779 3774 1
1361 7987 1
2553 7332 1
6524 8545 1
1187 1418 1
3628 9872 1
1269 8398 1
367 9758 1
262 8244 1
40 9363 1
7485 7765 1
506 8604 1
5697 7046 1
409 4507 1
6038 6558 1
5642 6558 1
479 550 1
6203 6625 1
2705 4878 1
2373 4139 1
236 1546 1
5518 9905 1
280 8419 1
2331 9740 1
1029 1367 1
5550 7908 1
901 4565 1
2572 8671 1
4934 7410 1
4428 4798 1
8323 8433 1
5186 8385 1
3777 8251 1
2440 3267 1
3250 8734 1
3084 9196 1
1327 3626 1
8856 9835 1
823 1649 1
7595 8633 1
135 2029 1
2316 4894 1
1163 8887 1
6025 6861 1
5667 7153 1
2878 7815 1
3480 6163 1
5393 5830 1
2117 6936 1
697 6613 1
260 8332 1
4709 8581 1
5263 9921 1
2629 4078 1
291 3481 1
6400 9367 1
5108 6600 1
2401 3662 1
847 4867 1
1217 3646 1
4429 7251 1
2130 5828 1
1609 2184 1
6469 8191 1
2909 9730 1
4411 7611 1
1372 3934 1
5091 9033 1
1051 7491 1
5710 6826 1
376 5632 1
4672 6605 1
5883 6754 1
2421 8636 1
2708 5660 1
4845 9007 1
681 2481 1
743 4113 1
4187 9007 1
7373 8947 1
606 3061 1
1358 6106 1
5026 6544 1
157 4955 1
951 9889 1
6216 9034 1
1851 3006 1
4880 7658 1
92 3779 1
6552 8202 1
5284 9993 1
2278 4736 1
5898 7412 1
3214 6178 1
4733 5918 1
5313 8479 1
4000 7087 1
8490 8865 1
3306 9150 1
1243 6506 1
5477 6601 1
4629 4814 1
3433 4007 1
5683 8921 1
7089 7094 1
3792 7323 1
4222 6907 1
7393 7505 1
3692 3709 1
7857 8363 1
1785 5742 1
1276 3421 1
7781 9307 1
3471 5430 1
685 2199 1
525 4950 1
2524 6081 1
6068 7981 1
292 3436 1
8977 9333 1
6754 9440 1
7189 8614 1
675 4894 1
1480 6045 1
866 2210 1
15 8231 1
4967 9131 1
244 5839 1
4650 9424 1
239 5495 1
8373 9569 1
8325 8589 1
423 1640 1
1214 2893 1
3963 8494 1
3564 8977 1
696 5182 1
68 5613 1
6604 6648 1
272 7106 1
7643 9723 1
5494 5615 1
1077 5813 1
5705 8279 1
1345 9011 1
4418 5102 1
1607 1841 1
3981 6821 1
283 5952 1
1403 5983 1
1950 8596 1
1571 9731 1
139 8647 1
2448 8314 1
891 1112 1
5075 6570 1
107 9109 1
2834 4563 1
2619 7415 1
2347 9171 1
2183 8016 1
1242 3032 1
3557 9095 1
2435 8237 1
7392 9481 1
5381 7027 1
7694 9257 1
3300 4743 1
151 5624 1
122 9767 1
647 2041 1
5012 9789 1
2634 8073 1
822 2796 1
1369 5409 1
485 7348 1
1211 5008 1
1584 8222 1
5381 8316 1
2683 7376 1
5518 6335 1
5781 9189 1
5400 7777 1
882 4917 1
3392 9004 1
8614 9765 1
1584 5189 1
2809 6734 1
1332 9849 1
4407 5077 1
3254 9070 1
1115 5650 1
2583 4701 1
5600 9528 1
1963 4993 1
5805 6550 1
1531 2330 1
3126 3408 1
1061 6353 1
757 1246 1
1660 2740 1
2872 8187 1
4773 8029 1
386 2242 1
7598 8744 1
7636 9036 1
437 487 1
1457 9736 1
5798 6510 1
5290 9487 1
4927 9435 1
815 8017 1
5937 7608 1
6047 9466 1
92 3458 1
3077 7838 1
5670 9708 1
2289 8546 1
2447 3470 1
3256 3639 1
1358 6724 1
8248 9011 1
1517 4502 1
3650 8639 1
1076 7011 1
2053 9208 1
6487 8425 1
4207 7244 1
5764 8030 1
483 9880 1
2262 8793 1
170 5219 1
7668 9109 1
3919 4333 1
5149 6222 1
4803 5585 1
887 1073 1
2213 9840 1
6907 8230 1
2740 2941 1
3183 8614 1
1046 9993 1
6161 7851 1
514 8412 1
1505 3337 1
2659 9368 1
123 4060 1
1338 4917 1
376 2062 1
3512 9055 1
5143 9036 1
4685 5714 1
354 7376 1
2328 2623 1
4636 9205 1
423 1319 1
4903 7105 1
5813 9770 1
4760 9271 1
2616 8917 1
2965 9825 1
1439 6662 1
179 8314 1
7 4824 1
2978 5334 1
7374 8231 1
7508 8985 1
5214 5654 1
2836 3938 1
5759 7440 1
5532 8969 1
6521 9483 1
3191 9764 1
4504 5494 1
901 5451 1
5233 9087 1
1066 1546 1
61 8443 1
391 6103 1
4797 9688 1
2144 7767 1
5590 9324 1
1356 2059 1
442 5102 1
7367 7410 1
4845 6726 1
3578 9651 1
2816 2912 1
1685 6664 1
7201 9592 1
936 4856 1
907 8090 1
4004 4575 1
1184 6678 1
7635 9295 1
8270 8345 1
2142 7290 1
3214 6341 1
516 9373 1
3243 4827 1
3950 9415 1
3 5590 1
696 8028 1
345 3075 1
436 8855 1
2867 5479 1
7691 9577 1
1483 5375 1
3692 3872 1
3747 7743 1
4187 8015 1
6427 7323 1
8519 9207 1
3379 6566 1
165 2326 1
3031 9266 1
9075 9839 1
4701 9175 1
3748 5120 1
2631 5360 1
8329 9460 1
3567 4550 1
3427 8677 1
2259 3502 1
4970 8811 1
2078 8594 1
1676 5396 1
953 1803 1
3764 5064 1
5008 6851 1
4214 9996 1
3741 7332 1
3832 7450 1
3694 9960 1
3095 7157 1
2548 4544 1
2634 3564 1
1488 2312 1
8385 9742 1
3986 4884 1
1501 4991 1
663 1448 1
7087 8658 1
6694 9895 1
2448 6033 1
104 9563 1
763 2029 1
4300 9366 1
4 1977 1
5983 6127 1
1153 6910 1
3419 5187 1
2440 7081 1
2227 3590 1
3775 4822 1
7001 8325 1
688 5827 1
1347 5463 1
2071 2296 1
3232 9498 1
2342 9929 1
4730 9889 1
7242 8387 1
9017 9810 1
6899 7267 1
6455 9505 1
594 7296 1
1098 2665 1
1189 2029 1
3198 7820 1
7189 8911 1
2347 8179 1
21 237 1
3028 4376 1
5117 5989 1
456 3575 1
5486 9993 1
1157 5874 1
1303 8143 1
2308 5218 1
4875 9839 1
5042 6569 1
6351 8751 1
4570 6759 1
2405 8534 1
2761 8169 1
5 8779 1
4051 7857 1
2654 6794 1
2296 7086 1
1212 7466 1
510 3030 1
1523 4884 1
3713 9555 1
2161 6861 1
3240 6891 1
5523 7781 1
8016 9255 1
2123 4125 1
586 7189 1
562 6603 1
476 1167 1
4760 7795 1
501 2163 1
1102 5012 1
4180 6173 1
4221 6174 1
4496 8099 1
2335 4920 1
8219 8244 1
7739 8573 1
5433 9177 1
552 6265 1
1835 5536 1
3638 9007 1
3283 4844 1
6738 9927 1
4675 7283 1
6336 9358 1
1133 8647 1
820 3986 1
7473 8804 1
2659 3704 1
4990 9546 1
3500 4320 1
2304 7677 1
848 7697 1
6127 6740 1
1521 4033 1
4019 6605 1
7446 7920 1
106 2364 1
1891 8447 1
3020 8032 1
6774 9742 1
3921 4727 1
5287 8197 1
1480 7415 1
7398 9569 1
1878 9905 1
770 2529 1
5274 7211 1
926 3042 1
2421 8612 1
2323 5825 1
174 963 1
1748 7580 1
4134 6713 1
37 7081 1
2771 7678 1
3411 6318 1
1446 8181 1
7096 7891 1
5938 7376 1
2335 4115 1
5126 5246 1
781 7764 1
4078 5091 1
1323 3617 1
3467 4937 1
1531 3566 1
8244 9189 1
2277 5076 1
2432 2735 1
274 3237 1
2839 7031 1
8725 8738 1
1376 3628 1
2809 5876 1
1613 9233 1
6687 7090 1
4144 7781 1
5596 8551 1
3884 4444 1
3992 9639 1
1979 2386 1
2654 8217 1
1860 9110 1
5404 7792 1
3589 6216 1
4530 4784 1
3897 4117 1
5428 5934 1
1782 5255 1
1376 4567 1
1616 5717 1
21 9365 1
262 2072 1
1313 9880 1
5220 6170 1
3670 4111 1
3833 5795 1
1027 3632 1
7838 9036 1
3019 3592 1
3495 9937 1
1845 4264 1
4446 7715 1
3078 3418 1
1326 9526 1
333 2662 1
2146 6821 1
2578 6478 1
5329 9496 1
4438 7073 1
2428 9917 1
8823 9781 1
5103 9153 1
1118 9762 1
222 579 1
7856 8302 1
4239 5143 1
6696 7152 1
4891 7018 1
6842 9421 1
6907 9816 1
2451 4424 1
2504 7468 1
3832 4230 1
5311 6823 1
2525 7756 1
3695 7150 1
6728 9292 1
250 5229 1
2703 9748 1
906 9475 1
839 8253 1
4087 9825 1
2659 9449 1
5453 6125 1
2134 6595 1
2280 2448 1
2144 2587 1
695 7750 1
6655 8440 1
5264 6603 1
3375 5832 1
2783 8172 1
586 2330 1
3072 5831 1
2616 5026 1
5683 9970 1
2705 4317 1
862 1447 1
4385 8886 1
4115 9025 1
1591 5794 1
829 5471 1
4051 9764 1
423 4783 1
4147 7782 1
6564 8672 1
179 7806 1
45 4608 1
2908 8059 1
1844 6617 1
6887 7635 1
701 9608 1
1465 3588 1
1265 5220 1
7507 8252 1
6118 7804 1
1454 3429 1
8969 9740 1
4929 9888 1
5653 9919 1
1400 6576 1
423 2689 1
5023 9523 1
1334 8208 1
3741 4246 1
1220 4696 1
6538 9329 1
7202 9309 1
2338 8064 1
684 8099 1
3337 3604 1
9405 9489 1
47 6724 1
2311 7372 1
3555 9159 1
43 9234 1
257 6719 1
5145 8358 1
3980 6864 1
119 2813 1
1228 6627 1
4113 7393 1
1097 1448 1
6551 9914 1
2678 6792 1
2528 3061 1
2175 3697 1
6003 9520 1
2595 9009 1
594 7243 1
2128 9543 1
6161 8416 1
6959 8396 1
3411 4842 1
6603 7071 1
1488 7870 1
8272 9007 1
1345 5872 1
2594 5751 1
5369 9355 1
2236 6043 1
6941 7975 1
322 9157 1
157 4394 1
3486 9338 1
4637 8682 1
2056 8327 1
5294 6737 1
6295 9520 1
2954 3061 1
2737 5278 1
7074 9258 1
4244 9919 1
1871 8547 1
2595 7265 1
3987 4786 1
2347 2999 1
7956 8370 1
361 7957 1
6975 7185 1
3 1833 1
5653 7959 1
5200 8391 1
3061 4971 1
5953 6908 1
432 1192 1
148 1433 1
6725 9639 1
5383 7317 1
1976 9098 1
4844 8729 1
3896 5772 1
6112 8658 1
3624 5084 1
3538 7784 1
4231 5496 1
5908 6384 1
543 3625 1
5412 9186 1
7332 7580 1
2175 7214 1
38 8593 1
6266 9475 1
922 7593 1
707 3467 1
2109 2430 1
531 5493 1
7907 8454 1
2069 3031 1
6418 6836 1
993 7244 1
5110 6754 1
614 4215 1
7348 7709 1
546 5212 1
3182 5274 1
7965 9563 1
737 6500 1
3773 9879 1
265 1028 1
4733 5491 1
875 957 1
2793 7384 1
1205 5787 1
2426 9842 1
254 8194 1
7398 7422 1
6809 7781 1
813 1018 1
1339 2754 1
5384 7114 1
702 3631 1
9420 9476 1
8675 9322 1
5822 6559 1
4069 6615 1
5717 9017 1
1782 4263 1
3986 8832 1
5476 7642 1
274 6567 1
518 2763 1
2839 3945 1
2104 7697 1
4466 7190 1
2950 3961 1
2242 9324 1
8319 9845 1
7185 7664 1
2572 6984 1
3761 6620 1
6603 6750 1
5412 6287 1
1171 2015 1
2912 4608 1
4407 4516 1
86 4422 1
3343 7046 1
5860 5888 1
710 7255 1
8249 9456 1
8405 9969 1
1132 5443 1
1206 5392 1
2362 5080 1
1543 1779 1
705 1434 1
5839 9922 1
6669 8659 1
5585 8285 1
5220 7406 1
1951 7431 1
669 8570 1
4096 9885 1
753 3545 1
5381 9983 1
40 7810 1
4475 9881 1
1703 6548 1
1027 1835 1
8757 9266 1
276 9026 1
7384 9543 1
4565 5610 1
9878 9899 1
2867 5373 1
6767 7100 1
5067 8480 1
2744 6471 1
1297 6799 1
5278 8700 1
4263 4521 1
4524 6740 1
4457 5518 1
2893 3561 1
2705 4264 1
2600 2750 1
1848 7087 1
1844 5625 1
850 2323 1
1307 8426 1
2212 4331 1
7838 9117 1
123 4438 1
518 9663 1
7987 8651 1
2793 3330 1
363 5588 1
971 3781 1
5625 7468 1
2493 3792 1
4826 8017 1
25 7286 1
3915 7571 1
3325 4322 1
3321 6832 1
1547 8263 1
2314 8930 1
1786 4115 1
4898 6550 1
626 2965 1
1013 8329 1
4459 9886 1
2907 9444 1
2446 6605 1
3986 7222 1
171 9740 1
4985 9178 1
133 3032 1
2081 3474 1
3880 7735 1
2717 4624 1
1676 5640 1
564 5470 1
4714 4928 1
2179 3228 1
3483 5066 1
5503 7074 1
2522 9983 1
7713 8425 1
1892 9587 1
4390 9153 1
5496 9286 1
6239 7115 1
4651 5518 1
1774 6333 1
1041 4496 1
4635 8957 1
495 5491 1
6023 9934 1
1548 4300 1
8218 8533 1
352 1241 1
2270 6914 1
3442 7135 1
1919 5933 1
5869 7023 1
4628 8917 1
1543 6585 1
1190 7221 1
3107 4378 1
6002 7552 1
9164 9350 1
315 4742 1
2607 4994 1
586 9177 1
6628 9677 1
2934 8772 1
635 933 1
523 8828 1
6240 9760 1
65 4752 1
918 7637 1
5632 9123 1
7989 9770 1
5656 7265 1
1535 6293 1
8128 8616 1
4387 4667 1
8007 8097 1
1809 8747 1
5386 6623 1
7184 9750 1
4362 7054 1
6399 8477 1
6855 8528 1
174 4106 1
2696 7264 1
544 3639 1
2646 5457 1
887 9640 1
639 6128 1
1236 8104 1
8113 9432 1
9274 9464 1
6948 7938 1
7027 8985 1
1246 4096 1
31 795 1
110 1088 1
5550 5684 1
6603 8657 1
3972 8747 1
4051 9040 1
3000 9368 1
2621 8783 1
8316 9202 1
1511 6996 1
1334 3162 1
420 5451 1
1810 3091 1
898 6015 1
5550 6623 1
2341 6699 1
5477 7276 1
6258 7841 1
8511 9828 1
1090 9568 1
698 4614 1
5875 7322 1
397 5440 1
3081 4230 1
264 2844 1
346 9824 1
4174 9231 1
1865 7120 1
3723 7080 1
471 8772 1
4220 7886 1
2162 9558 1
6709 8652 1
1265 4846 1
1759 6135 1
1105 6843 1
8491 8802 1
7097 9700 1
9127 9952 1
4509 8928 1
1226 9055 1
699 9538 1
76 1453 1
6013 6855 1
6978 9227 1
3434 4883 1
2274 3733 1
808 3065 1
3516 4693 1
5668 6820 1
4157 4689 1
4783 7595 1
4052 7147 1
5182 7866 1
822 8598 1
1266 7326 1
2558 4431 1
5059 6712 1
5387 9961 1
1478 7182 1
3665 5166 1
4379 4509 1
3121 6988 1
7343 8012 1
3800 8774 1
207 7921 1
4228 5279 1
556 2413 1
551 2069 1
3212 5571 1
4291 9765 1
5080 5495 1
9226 9907 1
2846 2969 1
5530 8175 1
4353 7610 1
607 5761 1
894 2593 1
2714 6233 1
6265 7052 1
3426 8159 1
152 3676 1
3782 7794 1
4131 5696 1
4465 4818 1
4962 5624 1
2942 3616 1
767 4703 1
2522 3030 1
1973 3754 1
2523 3632 1
2075 7414 1
573 4837 1
1256 4113 1
803 5299 1
1845 7891 1
1489 2594 1
8015 9357 1
1205 9251 1
3240 9847 1
1361 9764 1
2381 9591 1
3434 4428 1
7926 9285 1
1164 7907 1
5763 9443 1
1250 7681 1
6255 9905 1
1138 4242 1
164 6480 1
5281 5727 1
530 4359 1
4575 8719 1
5899 7991 1
1379 4304 1
971 9205 1
2867 8703 1
189 2753 1
3036 5479 1
1587 4226 1
3994 4428 1
569 3159 1
233 3210 1
176 2676 1
6358 9629 1
4818 9012 1
2199 8365 1
2521 8416 1
1437 2188 1
2407 9068 1
2553 8893 1
4987 9198 1
2270 8016 1
4092 8319 1
4937 7391 1
847 8738 1
1217 7517 1
656 5006 1
155 2738 1
1979 7086 1
126 5972 1
7304 9480 1
3184 9110 1
6517 8346 1
4686 9243 1
6121 8346 1
7372 8860 1
7392 8546 1
804 8287 1
1501 1799 1
1182 7681 1
208 9919 1
4069 9274 1
10 2764 1
2289 8416 1
4607 7637 1
1 4930 1
4374 6877 1
1609 3961 1
9007 9687 1
5612 6375 1
4836 6908 1
1319 2667 1
367 8636 1
283 829 1
6759 8983 1
2036 9663 1
2795 3299 1
6547 8346 1
1719 3540 1
628 8411 1
1361 3832 1
5003 6267 1
9607 9867 1
4459 5645 1
3714 4737 1
4455 8155 1
2531 6609 1
361 9006 1
165 1712 1
5930 7596 1
2829 8895 1
2614 5331 1
3536 7067 1
5542 9177 1
1548 7980 1
2071 2837 1
3910 4275 1
1746 8904 1
344 3525 1
5067 6817 1
5903 7089 1
502 2421 1
942 9109 1
3858 7468 1
319 3468 1
525 5788 1
3061 3926 1
4336 5780 1
2765 5096 1
2436 8038 1
177 2072 1
2957 9238 1
402 2190 1
183 2826 1
6841 7988 1
5038 6237 1
7830 9256 1
2632 4193 1
2210 9388 1
5381 6576 1
656 2457 1
6454 8481 1
652 4967 1
9344 9591 1
7054 7722 1
700 7667 1
3260 7145 1
2038 5117 1
5992 7669 1
7112 7700 1
78 5634 1
1468 3274 1
319 2313 1
2961 8017 1
917 9587 1
4778 7222 1
1195 2361 1
8335 9549 1
6487 8779 1
7254 9446 1
162 7210 1
745 9480 1
55 9033 1
6213 7264 1
1457 7996 1
867 4747 1
4537 9230 1
4569 7987 1
3523 7905 1
92 1718 1
4080 9516 1
164 5004 1
2676 3310 1
3431 9070 1
1361 5255 1
1779 5014 1
1712 3792 1
4824 7947 1
1660 5322 1
71 8196 1
2793 3306 1
1021 3120 1
2779 5128 1
4513 8994 1
3792 9234 1
2438 4835 1
3121 9029 1
5958 6341 1
6791 7096 1
989 4336 1
5278 6582 1
7489 9878 1
2007 5780 1
5906 7871 1
3017 3953 1
7571 9688 1
6841 8122 1
2192 4779 1
1022 2941 1
1409 8305 1
4022 6663 1
4665 9738 1
1687 3331 1
7067 9596 1
709 8079 1
5071 5730 1
7410 9181 1
4218 5262 1
8070 9227 1
2793 8567 1
1308 5405 1
7768 8862 1
1559 2772 1
1101 8310 1
798 8309 1
810 7380 1
855 2427 1
4683 8250 1
3468 7393 1
240 7227 1
7377 8482 1
1298 6380 1
3640 8439 1
3583 7905 1
396 1324 1
3117 9795 1
1968 8834 1
2775 4204 1
1343 4810 1
2740 3429 1
4137 6212 1
9663 9828 1
4582 7794 1
6545 9268 1
110 8285 1
6641 9730 1
1698 8192 1
4256 6843 1
2988 8634 1
2289 3907 1
479 9845 1
8371 9690 1
3343 9734 1
1246 5816 1
4513 9128 1
7469 8606 1
1915 2942 1
6806 8262 1
1904 7479 1
6623 9309 1
5305 9293 1
7211 9479 1
3011 8214 1
262 6585 1
764 7735 1
1329 4538 1
3978 8969 1
750 5585 1
6593 8908 1
1075 2901 1
58 3557 1
3210 4667 1
3034 6885 1
376 456 1
3340 3959 1
4121 4524 1
6390 7236 1
1023 3650 1
4851 9473 1
2678 8943 1
6759 8796 1
6824 9191 1
2569 3523 1
1228 9717 1
1825 7721 1
4270 8969 1
992 9440 1
82 6775 1
5496 9396 1
1878 5103 1
761 2337 1
4496 7969 1
2366 4103 1
4714 9360 1
1285 7218 1
6441 9803 1
3630 7296 1
3311 6762 1
864 7161 1
1132 1499 1
2071 2650 1
4686 8251 1
7241 7385 1
8566 8602 1
2022 8615 1
1337 7758 1
535 6878 1
7030 8104 1
9394 9922 1
5172 8898 1
1962 7029 1
3920 8159 1
3283 9036 1
2373 4119 1
2440 9313 1
2992 5854 1
3637 5592 1
1591 6335 1
7998 9434 1
1826 8861 1
6003 8422 1
6304 8350 1
136 4513 1
879 2342 1
526 2978 1
4344 8113 1
285 1603 1
374 894 1
4909 7333 1
2142 3590 1
795 5088 1
6333 7775 1
1269 4190 1
4314 8621 1
780 4965 1
3438 8950 1
2987 6799 1
3566 8169 1
2298 9206 1
6336 8423 1
1338 7178 1
5610 8319 1
6516 7078 1
617 3631 1
4812 5306 1
6341 9706 1
5102 8263 1
1871 4416 1
7084 7535 1
2583 7096 1
3869 9294 1
4332 4854 1
4230 9273 1
1269 3035 1
319 9831 1
2007 2210 1
5484 7052 1
8861 9004 1
1194 9277 1
7106 8233 1
1970 3082 1
2630 4818 1
3975 4967 1
1685 3098 1
4336 9110 1
1280 5264 1
6199 6216 1
392 2358 1
3377 7492 1
4373 9177 1
6570 8603 1
7361 7412 1
6022 8017 1
1963 8677 1
356 3832 1
4344 5214 1
7415 7648 1
7079 7699 1
358 3878 1
989 5438 1
5617 7150 1
5469 8972 1
1715 3098 1
2272 3955 1
658 7553 1
4309 5378 1
2614 7856 1
6265 9845 1
7710 9636 1
2154 9561 1
6605 8947 1
3328 9828 1
2440 4670 1
991 9833 1
6287 6571 1
1803 5547 1
4441 6436 1
4246 8412 1
2837 8278 1
3011 7677 1
3934 6605 1
2848 5404 1
1835 6024 1
9128 9482 1
2461 2514 1
5979 9609 1
5650 8387 1
3544 9079 1
1885 4798 1
1126 3992 1
2432 4967 1
1155 3232 1
926 9596 1
2278 4500 1
5730 9255 1
4824 5800 1
1298 8421 1
135 1338 1
725 4587 1
3526 7160 1
1132 8883 1
1581 7955 1
2068 8073 1
3723 5230 1
144 6527 1
3401 5179 1
2157 7364 1
8607 9379 1
252 5306 1
1993 7899 1
4851 6842 1
2426 7000 1
29 9206 1
7911 8363 1
8370 8877 1
5918 7212 1
5201 5908 1
5169 8814 1
97 9340 1
4197 5271 1
193 9048 1
3596 5805 1
4825 6560 1
4064 9845 1
1923 3346 1
1577 9125 1
1188 7852 1
314 4844 1
1967 6836 1
5434 7018 1
565 2211 1
3696 3942 1
907 5358 1
931 5752 1
4747 6088 1
4184 6914 1
1467 3480 1
736 3032 1
161 4787 1
2745 8823 1
849 2155 1
1511 7724 1
1523 6795 1
5740 7475 1
5542 5770 1
4981 7423 1
3233 7823 1
4470 8439 1
5067 6443 1
77 2807 1
4263 4928 1
741 6759 1
2212 5327 1
819 9833 1
933 4485 1
2082 9418 1
7156 7275 1
8439 8990 1
8038 8646 1
1906 5220 1
3943 6643 1
2926 7299 1
813 9264 1
562 5481 1
1962 7781 1
2037 4922 1
4616 8614 1
3267 4559 1
5904 8229 1
7941 9652 1
1912 2941 1
2373 8254 1
1172 7103 1
1774 5451 1
5091 8126 1
6586 8034 1
6364 9153 1
1092 6585 1
6207 9169 1
264 7894 1
3445 5770 1
5319 6263 1
143 9819 1
5186 9117 1
5222 6330 1
4351 9255 1
8795 9160 1
4012 9789 1
5044 7721 1
3229 6145 1
4784 6104 1
1883 2361 1
2987 7551 1
2448 9717 1
206 8828 1
8774 9222 1
454 2514 1
849 4733 1
6043 9862 1
8218 9529 1
2738 3814 1
3421 7254 1
1232 8443 1
2207 7561 1
1090 7047 1
1837 2366 1
476 3212 1
518 6821 1
716 2110 1
6748 8338 1
290 955 1
1131 7987 1
1112 5493 1
264 3706 1
3167 7495 1
5369 7265 1
1613 4728 1
3779 4087 1
2538 6735 1
346 1237 1
4518 6870 1
1228 5826 1
5918 9924 1
2575 6802 1
2816 3481 1
4077 4683 1
4771 6003 1
760 7643 1
1068 5544 1
3126 7844 1
8134 9777 1
1269 7520 1
6293 9986 1
7778 8452 1
3294 3456 1
1549 9789 1
4259 5828 1
7439 8986 1
696 1242 1
5909 6613 1
4825 6239 1
1891 6520 1
2705 7033 1
6365 6856 1
1237 9702 1
3754 4380 1
60 2721 1
2212 7100 1
2642 5930 1
1785 9507 1
4118 5596 1
7287 8565 1
3639 4807 1
1221 3692 1
6324 7205 1
479 3055 1
4937 6830 1
140 7561 1
1499 5888 1
1824 9620 1
681 7885 1
8611 8776 1
242 2361 1
8877 8895 1
1007 6365 1
852 9460 1
3161 5155 1
8749 9649 1
458 673 1
7023 9808 1
1003 6623 1
3460 5222 1
3781 7492 1
395 6740 1
2365 6187 1
4708 7882 1
1182 4087 1
7930 9731 1
5831 9150 1
1374 8229 1
7709 8042 1
2007 9862 1
4633 5264 1
7299 9864 1
102 6114 1
2908 9031 1
2438 5884 1
3730 7153 1
58 7505 1
879 2773 1
6324 9433 1
5293 8693 1
585 3989 1
1027 5088 1
6261 8330 1
2801 7629 1
7018 8309 1
4382 8247 1
7873 8823 1
3033 8918 1
1019 3692 1
1841 8230 1
7486 7596 1
1397 4806 1
6207 6754 1
121 3481 1
2694 4884 1
215 864 1
2675 8806 1
700 1845 1
750 1962 1
4561 8370 1
378 6520 1
4444 7031 1
4717 8129 1
1701 2184 1
5376 7765 1
94 345 1
2798 6927 1
3044 3950 1
7903 8823 1
5463 9639 1
7987 9460 1
415 6587 1
1373 4570 1
4504 4803 1
353 2676 1
2963 7933 1
1956 7779 1
712 5992 1
6412 6755 1
4024 4351 1
3248 4130 1
3697 3956 1
1245 8707 1
665 7866 1
4679 5743 1
6178 8803 1
2933 9222 1
7090 9070 1
3035 4022 1
1130 9134 1
3193 5362 1
540 9857 1
6830 8207 1
3411 6753 1
5854 9618 1
1883 5207 1
1642 3832 1
2199 7133 1
3190 5064 1
7309 9373 1
1591 7250 1
6045 7119 1
6177 9490 1
2206 2827 1
9764 9774 1
3515 5763 1
2517 7415 1
829 7866 1
4320 4470 1
3790 7688 1
2995 4973 1
1092 4304 1
5899 8987 1
1100 8329 1
157 3272 1
1141 6640 1
1602 7035 1
475 2615 1
0 5540 1
7424 9481 1
6567 6642 1
4702 4922 1
3754 5937 1
1510 8385 1
3368 8345 1
1501 7333 1
7024 7268 1
1088 4720 1
1707 3237 1
1132 4992 1
1927 3011 1
7508 8778 1
8838 9585 1
5 1538 1
3592 4828 1
7908 9651 1
4446 5117 1
8570 9770 1
2071 7082 1
4597 5286 1
3045 3346 1
1374 5464 1
4968 6919 1
4245 6524 1
2041 6681 1
7101 8804 1
1927 9777 1
2405 9587 1
4057 4783 1
5464 8254 1
321 3622 1
1021 7231 1
3989 5780 1
2552 5850 1
1289 7985 1
6521 7182 1
2278 9253 1
3938 6754 1
4220 9850 1
1620 9253 1
4428 9799 1
242 4268 1
4987 5067 1
389 2975 1
4780 5528 1
430 1286 1
9287 9919 1
1748 3022 1
626 2164 1
2038 3535 1
288 6306 1
5550 6843 1
2512 5111 1
5937 9763 1
5691 6324 1
2943 3577 1
1588 5369 1
2223 4419 1
8482 9118 1
7453 9205 1
7003 9908 1
773 5193 1
2877 8592 1
5532 8896 1
1886 8217 1
5826 6899 1
288 4212 1
1022 5897 1
128 6209 1
157 4695 1
1447 5137 1
645 3695 1
6560 9338 1
3758 3911 1
4616 5662 1
4521 4836 1
7776 9077 1
339 7560 1
7503 8918 1
3773 7602 1
5237 7443 1
4069 6432 1
4285 9440 1
2210 7001 1
1907 3028 1
140 3186 1
1621 6606 1
5523 8968 1
8121 8738 1
5705 6730 1
2907 7838 1
122 3546 1
3752 7664 1
1591 4485 1
1298 9336 1
569 2545 1
4918 5596 1
1898 8577 1
3720 8880 1
1693 9865 1
86 856 1
6995 9801 1
5464 8738 1
2219 9157 1
7492 8163 1
7182 7183 1
3715 4749 1
1232 1519 1
2412 5765 1
8613 8796 1
910 5440 1
5780 7439 1
6583 9483 1
3221 9317 1
487 8720 1
4434 5375 1
9640 9767 1
1488 8305 1
8941 9766 1
6441 8087 1
815 857 1
4928 5883 1
2655 3429 1
1815 5667 1
3611 4749 1
531 2761 1
6166 7101 1
2752 6745 1
999 6801 1
5288 9801 1
9338 9587 1
5496 8030 1
6623 6788 1
6017 6978 1
1339 2705 1
1805 8362 1
4117 9990 1
5523 8163 1
464 4922 1
99 8207 1
7272 8365 1
412 6452 1
4230 7423 1
940 2407 1
6199 9843 1
960 9475 1
4198 5633 1
4922 9636 1
1835 7423 1
4044 5166 1
6948 8426 1
1495 9984 1
5412 8682 1
973 2705 1
546 4358 1
7048 7317 1
5685 7528 1
2964 8856 1
1273 5626 1
743 3182 1
6864 8139 1
732 2269 1
2027 9471 1
1361 5446 1
6135 9427 1
3212 3481 1
8196 8992 1
7931 9475 1
5591 8051 1
2239 8573 1
2759 4667 1
4686 5730 1
2616 6079 1
1377 4636 1
2504 9810 1
3662 6161 1
2931 7403 1
2370 9810 1
315 8747 1
2041 2172 1
2851 7639 1
3918 5592 1
5120 6187 1
2329 6022 1
5125 8251 1
7728 8365 1
1169 5626 1
276 1622 1
2442 5899 1
4536 7856 1
676 8911 1
2510 4313 1
4203 5172 1
5784 6352 1
6212 9273 1
1776 6977 1
5296 8483 1
4845 6332 1
3917 8723 1
9213 9433 1
934 1972 1
870 4431 1
5207 8411 1
4674 5696 1
5897 7168 1
1902 2363 1
2005 3050 1
1007 4702 1
2703 9996 1
1591 4164 1
6615 6630 1
4428 9612 1
8387 8536 1
505 519 1
5276 9709 1
3536 9970 1
3300 8939 1
1006 8614 1
2319 3590 1
187 5313 1
4132 8503 1
7991 9475 1
2671 8179 1
859 6874 1
348 3918 1
4214 5869 1
5640 9582 1
5878 8996 1
4134 7795 1
3858 3955 1
5651 6738 1
9031 9927 1
488 8809 1
5937 6543 1
3853 6994 1
732 2753 1
739 9559 1
364 5740 1
2227 5290 1
4555 7451 1
2934 9878 1
2192 8487 1
387 1937 1
24 1885 1
3857 8052 1
1210 3667 1
3641 4263 1
4193 7220 1
315 3754 1
2548 5089 1
8885 8947 1
705 2219 1
2470 2954 1
926 7291 1
928 5674 1
3492 9243 1
1169 4016 1
1644 4309 1
713 7183 1
5909 6723 1
5396 9356 1
6796 9404 1
3675 8169 1
268 9950 1
1379 8175 1
4398 7975 1
1719 4833 1
4453 5430 1
683 9411 1
705 9924 1
3780 4398 1
5509 7920 1
2262 3540 1
2379 4125 1
5271 6062 1
171 2820 1
3956 8007 1
2535 4638 1
2675 6338 1
1655 1815 1
1448 1522 1
2421 8673 1
5575 6446 1
1934 6111 1
895 1538 1
2469 7401 1
3030 3304 1
244 4237 1
1883 4833 1
351 8241 1
2075 5003 1
5831 9260 1
3709 6975 1
684 1476 1
3960 4342 1
7491 7700 1
762 6270 1
2002 6595 1
4237 6313 1
3327 3648 1
1895 8226 1
4049 6262 1
3049 7087 1
5829 8783 1
8527 9723 1
5691 8849 1
242 4699 1
2609 3782 1
1518 9407 1
248 6399 1
3090 8781 1
258 4643 1
4640 7642 1
5273 7725 1
5400 7330 1
1737 7236 1
5653 9496 1
1861 3330 1
5118 8398 1
5004 6606 1
558 1902 1
1454 8833 1
4298 5626 1
2964 6575 1
4803 6293 1
6171 7392 1
5873 6237 1
4042 7134 1
7134 7439 1
1480 7021 1
2551 8099 1
2212 8633 1
2398 8823 1
4667 9815 1
1845 4675 1
6874 7485 1
7259 9770 1
7288 8256 1
4784 8121 1
3662 7263 1
4536 5575 1
1029 2022 1
4430 6088 1
6116 8974 1
376 676 1
6253 6993 1
1155 8550 1
5162 7700 1
2130 5194 1
1244 3115 1
8479 8877 1
1464 9305 1
2374 5554 1
8929 9837 1
4937 6269 1
2705 4378 1
1096 5876 1
4475 5457 1
2185 3588 1
5600 5832 1
4502 6314 1
1756 7612 1
6469 8496 1
1902 9881 1
2554 7592 1
876 9485 1
315 2278 1
65 7765 1
4659 4985 1
187 3032 1
6286 8230 1
2779 4677 1
1244 1960 1
387 4783 1
2690 9331 1
7996 8477 1
288 4777 1
4267 6043 1
2629 9055 1
3742 7915 1
1438 3896 1
1164 4825 1
1200 9208 1
236 9690 1
2495 2824 1
2739 5436 1
3802 9097 1
6875 9914 1
6434 7697 1
703 5369 1
9326 9634 1
3878 9092 1
5296 6336 1
1357 3126 1
710 9731 1
7821 9011 1
5400 6659 1
2331 5052 1
1575 4517 1
8352 8647 1
4670 6813 1
4752 6623 1
908 8403 1
313 646 1
1023 4943 1
3860 4729 1
701 2448 1
3058 7259 1
4988 8785 1
4680 8440 1
9435 9927 1
5366 5735 1
7046 8052 1
3956 5376 1
6493 7122 1
538 7530 1
85 8716 1
933 8059 1
2550 8896 1
6405 8406 1
2718 8480 1
3592 5072 1
483 2346 1
1614 7639 1
3028 5673 1
1488 9220 1
5626 9607 1
7730 8842 1
961 6293 1
3719 7476 1
235 3183 1
4068 5186 1
1055 9338 1
2165 8681 1
9178 9870 1
6643 8170 1
750 7012 1
688 5380 1
564 3624 1
638 3573 1
526 3332 1
223 7495 1
3705 6265 1
431 1782 1
2941 5869 1
7913 8145 1
1308 2055 1
370 3758 1
3467 5161 1
4313 6121 1
4798 7856 1
443 8932 1
261 4754 1
402 6679 1
8411 9361 1
2740 9528 1
1238 6951 1
949 2876 1
4467 9971 1
3562 7650 1
3626 6911 1
3178 9740 1
2757 4247 1
1425 6777 1
3481 4278 1
136 2773 1
1600 2614 1
3663 5258 1
6125 8365 1
4921 7697 1
1433 6638 1
1441 8219 1
2764 4637 1
4937 6887 1
7731 8289 1
3526 6680 1
2717 4067 1
3555 5166 1
2694 8779 1
6727 7652 1
1028 7491 1
2468 6746 1
3915 4920 1
5174 5295 1
1712 3959 1
2426 2548 1
4098 7256 1
1616 6880 1
8684 9496 1
1220 4436 1
2956 6685 1
4353 9468 1
750 6207 1
2057 5310 1
596 5740 1
2793 4412 1
7948 8115 1
7237 8289 1
91 9954 1
1471 6906 1
3607 8308 1
1012 9775 1
1614 1707 1
4365 8889 1
2610 6398 1
7393 7489 1
5228 6820 1
739 1480 1
32 864 1
3003 6100 1
1657 6480 1
778 2374 1
7274 9460 1
6553 7448 1
1448 3108 1
3101 7574 1
3570 6332 1
7866 8059 1
2599 9807 1
3368 4885 1
472 5458 1
272 7090 1
3813 9473 1
3252 4710 1
1688 7671 1
1798 3113 1
4915 9864 1
3953 4757 1
183 8738 1
6280 6693 1
850 3539 1
1643 3175 1
3692 5921 1
2496 9278 1
4760 9926 1
1670 7250 1
519 5654 1
1374 2004 1
2155 2569 1
3044 8329 1
633 8385 1
3429 6450 1
437 4309 1
426 8846 1
4667 7668 1
3282 4710 1
1577 1774 1
983 7451 1
5700 9208 1
8580 8876 1
261 7466 1
696 978 1
584 4709 1
1902 6445 1
1707 8421 1
1218 9196 1
6438 9322 1
1972 3242 1
4353 4475 1
569 8750 1
7466 9764 1
2405 7416 1
784 9843 1
545 5131 1
5467 5600 1
2587 4454 1
3301 3797 1
2903 9386 1
5895 8521 1
1759 6517 1
523 8755 1
984 9150 1
7040 9548 1
3048 5014 1
7074 9132 1
3748 5425 1
348 4967 1
1497 9900 1
2142 8884 1
9738 9899 1
6705 8511 1
5022 9306 1
440 1523 1
4461 4543 1
3545 6759 1
7134 7870 1
5141 6719 1
2457 8895 1
6476 7870 1
1657 2426 1
6593 9209 1
1813 2185 1
2439 5845 1
2809 4624 1
2556 6430 1
486 6779 1
2965 5137 1
4472 9778 1
1361 6979 1
1478 7564 1
4377 6508 1
3021 5446 1
5801 9394 1
921 3674 1
2306 4942 1
3694 8171 1
3401 6606 1
4803 5569 1
2609 9824 1
3421 9702 1
1338 1518 1
5114 7151 1
3490 5143 1
764 9325 1
718 1810 1
4226 4245 1
3388 7310 1
5265 7320 1
6641 9226 1
1192 5076 1
3193 6842 1
4872 8557 1
1269 5296 1
7112 8619 1
6128 9415 1
1694 3782 1
1331 6174 1
4524 4841 1
4351 6576 1
7503 7686 1
397 6306 1
2038 6975 1
45 7544 1
2858 9188 1
5872 7890 1
4230 9440 1
6479 8302 1
8416 8555 1
701 3684 1
1377 1981 1
6203 6906 1
198 9479 1
4446 5308 1
5067 7870 1
1374 8099 1
847 9336 1
5610 7331 1
2466 7802 1
6265 8723 1
7786 9098 1
5287 9307 1
6801 8703 1
5263 6469 1
1319 9331 1
2837 3773 1
543 2694 1
3227 7900 1
997 6836 1
288 2175 1
6719 8112 1
7333 9503 1
184 3515 1
3465 6725 1
3671 9045 1
211 5338 1
7475 7866 1
1023 5024 1
3657 4451 1
2743 6740 1
236 672 1
540 1083 1
3112 6048 1
2274 4949 1
2604 6581 1
7189 8411 1
3032 7782 1
6979 9355 1
1036 3916 1
5420 7742 1
729 7371 1
8022 8385 1
4438 9338 1
6974 7476 1
315 5287 1
1285 8003 1
3835 6793 1
4518 6069 1
1438 8999 1
1211 5610 1
4714 7701 1
2652 8665 1
2029 9440 1
4665 9502 1
1112 9014 1
284 2941 1
1915 2922 1
2037 4605 1
817 7376 1
4337 8882 1
3136 7731 1
3299 9415 1
5651 7466 1
3343 8209 1
1185 8711 1
3071 4303 1
3688 5211 1
7218 9125 1
4702 9919 1
4921 6839 1
4353 9765 1
3112 5243 1
1150 6623 1
436 5590 1
3641 4052 1
676 6740 1
3577 4067 1
392 565 1
2565 3569 1
8127 9094 1
4920 5833 1
1064 2126 1
8287 8817 1
4775 4920 1
7634 9161 1
2634 4837 1
2756 6520 1
6348 7148 1
821 4061 1
1989 9236 1
2015 4041 1
3590 7096 1
7074 8945 1
9051 9563 1
5909 7451 1
6449 6641 1
5523 7415 1
1027 7320 1
8040 9475 1
6880 9079 1
3550 6916 1
821 8383 1
1717 2290 1
1844 7727 1
1130 2722 1
7530 9346 1
741 7865 1
3624 3832 1
6265 8402 1
2029 7480 1
2416 5674 1
1457 6500 1
5189 6199 1
5600 7231 1
6670 7175 1
66 9389 1
852 7854 1
576 5704 1
1497 2142 1
6445 7996 1
1374 5684 1
4853 7189 1
20 7701 1
1482 2773 1
1358 4427 1
7070 7267 1
62 2450 1
3388 7123 1
2772 8877 1
1543 9842 1
2021 6434 1
5166 8817 1
2451 6018 1
4309 9196 1
7005 9501 1
61 6951 1
5403 8006 1
52 5145 1
1115 8614 1
7197 7981 1
2116 4227 1
2128 3298 1
741 3677 1
140 4211 1
5243 7724 1
2657 7025 1
3283 5767 1
1511 1609 1
4887 5645 1
6375 6826 1
9711 9743 1
7412 8320 1
1087 5253 1
4555 6569 1
6169 7889 1
1150 8985 1
6277 8920 1
1429 1984 1
2447 6434 1
907 9981 1
6306 7406 1
5556 6908 1
1399 6279 1
2738 4920 1
2440 3011 1
4955 7442 1
727 8101 1
3953 5188 1
3294 6306 1
5004 7334 1
4412 9674 1
8658 8840 1
3459 9002 1
1501 8626 1
2260 2262 1
2091 5459 1
1296 2744 1
3297 4510 1
4473 9546 1
2379 9309 1
3134 8653 1
197 557 1
4940 5979 1
17 7537 1
984 4320 1
3398 6255 1
2004 7153 1
3461 3571 1
1637 3195 1
1212 6429 1
3087 5050 1
6060 6949 1
8606 9939 1
3568 9295 1
7668 9390 1
4803 5866 1
1976 3792 1
2464 5044 1
2022 2447 1
8785 9123 1
1860 3617 1
4893 5759 1
4569 8853 1
2876 4988 1
859 7415 1
2974 3833 1
2884 7323 1
6368 9172 1
428 5916 1
765 8719 1
7408 8685 1
2661 8217 1
701 7014 1
6358 7141 1
4885 7746 1
8364 9251 1
5377 8208 1
716 9766 1
5324 9136 1
3338 3706 1
4716 6247 1
4850 7001 1
4836 7103 1
285 4295 1
4538 5194 1
85 9899 1
5950 9009 1
732 3294 1
692 6147 1
148 799 1
2171 9494 1
1286 3853 1
3414 4640 1
1258 3525 1
2846 5876 1
1130 6723 1
6126 7141 1
1938 4947 1
785 8940 1
2382 4429 1
5102 5128 1
3004 9845 1
3699 8946 1
7078 8527 1
4211 6088 1
6444 7423 1
1685 5440 1
2545 6298 1
239 8622 1
667 9823 1
1765 2925 1
1123 3458 1
378 3304 1
1546 8479 1
8335 9960 1
5329 8675 1
3328 4465 1
1086 3576 1
7882 8702 1
4346 6663 1
6068 9014 1
1290 3571 1
1457 9346 1
688 7852 1
191 1384 1
2066 6421 1
4103 7844 1
7181 9005 1
2069 7658 1
6795 7249 1
2029 7293 1
2705 5590 1
1798 6606 1
1925 6189 1
9214 9905 1
1317 3300 1
16 979 1
2569 9866 1
957 6929 1
2390 5205 1
8165 9525 1
371 389 1
3676 8157 1
2678 9809 1
4438 8480 1
6289 8959 1
1274 1883 1
5174 6828 1
577 4429 1
1626 7438 1
5222 6310 1
2312 4733 1
528 5476 1
5278 8871 1
1935 8947 1
2045 4389 1
2962 6535 1
1007 4922 1
3830 4810 1
3035 8511 1
2443 4435 1
1803 5795 1
7386 9945 1
473 6708 1
115 584 1
4710 7074 1
3564 5822 1
7664 9889 1
1298 4347 1
1165 7201 1
8861 9386 1
2245 7833 1
104 7750 1
684 3895 1
732 2623 1
2189 5457 1
2242 7535 1
640 9450 1
3773 6346 1
2988 9045 1
5166 7475 1
4829 6392 1
637 9152 1
4052 6700 1
1815 6155 1
5268 6439 1
3690 9502 1
5849 7882 1
171 6878 1
1890 9712 1
1069 8028 1
5780 5833 1
1845 8249 1
486 9922 1
168 4917 1
926 3778 1
3028 5596 1
4981 6382 1
428 9917 1
7642 9884 1
2771 8414 1
2468 4441 1
75 1693 1
1258 9620 1
577 591 1
5611 7717 1
2345 7259 1
4134 4416 1
2448 6448 1
4244 4776 1
4572 8025 1
7734 9823 1
1158 9389 1
3159 4739 1
5485 6265 1
870 5724 1
8860 9110 1
9266 9798 1
1599 6099 1
2593 7711 1
4054 5591 1
2049 6335 1
184 1986 1
7470 8437 1
354 1643 1
1875 2772 1
2678 7260 1
1971 2480 1
6043 6943 1
7356 9089 1
9262 9275 1
1413 8568 1
146 9049 1
7563 7847 1
4385 9488 1
4404 9730 1
2219 3713 1
223 6263 1
2284 4108 1
3000 8250 1
2616 6567 1
59 3388 1
723 6586 1
6719 6933 1
40 894 1
4971 7333 1
45 5210 1
2734 4344 1
743 7992 1
569 7839 1
1066 8645 1
8175 9542 1
2382 6336 1
2421 9482 1
3799 8051 1
4429 6003 1
8766 9983 1
4637 9150 1
8546 9485 1
1966 3425 1
2740 2819 1
4937 5655 1
1434 3564 1
1468 9564 1
8985 9532 1
5088 5824 1
4902 9606 1
922 9805 1
4833 6995 1
4231 8647 1
65 6212 1
4000 4550 1
7276 7416 1
7718 8515 1
1164 9338 1
3687 9688 1
3436 5905 1
4069 7538 1
122 3713 1
9891 9984 1
3867 8343 1
2277 9329 1
809 4616 1
2703 7451 1
7665 9039 1
2524 9960 1
977 9862 1
4795 8581 1
419 674 1
5721 7026 1
4372 7697 1
4425 6769 1
719 6793 1
3320 6080 1
6295 9772 1
1166 5038 1
2184 9488 1
816 6911 1
2784 8729 1
4059 6419 1
4465 4855 1
5327 6348 1
361 7270 1
6431 9818 1
5235 6759 1
2867 7451 1
2461 6763 1
6041 8320 1
1492 6901 1
2030 3544 1
237 2481 1
6584 7781 1
2711 4659 1
5899 7678 1
4636 4895 1
7499 8346 1
1902 2046 1
183 3184 1
1501 5674 1
4616 9346 1
3964 5219 1
2071 4484 1
3176 3483 1
237 9836 1
2520 4310 1
4387 5322 1
3022 9432 1
2779 9674 1
2332 8985 1
1499 1814 1
1232 7886 1
2983 8915 1
6302 9007 1
2706 3719 1
2687 7641 1
4 6043 1
7836 9055 1
1712 6244 1
834 5746 1
371 4524 1
474 9375 1
3483 3761 1
7175 8757 1
3975 4223 1
2712 6358 1
564 5104 1
1878 6132 1
1064 9591 1
586 2611 1
1164 4345 1
75 217 1
5164 7242 1
5075 5672 1
2575 6245 1
2809 4197 1
4221 8012 1
3519 8494 1
3942 6153 1
225 9960 1
361 4371 1
1668 4228 1
2793 4603 1
444 5537 1
6526 7156 1
6746 9374 1
3766 9310 1
7023 7962 1
6448 9717 1
3814 8038 1
3709 6524 1
4230 7724 1
2196 9982 1
207 7287 1
4242 6795 1
6279 8218 1
6907 7787 1
773 3534 1
5396 5656 1
1086 1779 1
1793 6559 1
828 8159 1
3510 8566 1
67 110 1
7809 9810 1
2448 6261 1
5660 9866 1
4204 7442 1
250 3200 1
635 3011 1
4336 7561 1
2434 9746 1
2673 5598 1
1551 8904 1
541 4315 1
3044 3259 1
3075 6544 1
2309 7765 1
2560 5132 1
4475 8844 1
1347 6630 1
624 5481 1
7446 7664 1
3965 9496 1
4204 7792 1
4254 7155 1
1642 5235 1
702 8555 1
2951 8171 1
3663 5933 1
4298 9147 1
2632 2941 1
1338 5763 1
849 2566 1
852 9253 1
2160 3885 1
5088 7731 1
1781 3300 1
5437 7885 1
1328 6738 1
3126 9865 1
1705 4244 1
5789 7778 1
4278 5647 1
1241 9213 1
1819 6975 1
1969 3536 1
2025 9295 1
3926 9891 1
153 7939 1
1591 4115 1
5799 9405 1
8428 8488 1
1903 8551 1
3011 3095 1
4174 7926 1
927 3546 1
3401 9696 1
4724 5360 1
4226 9779 1
4586 7870 1
7251 8862 1
5491 6027 1
1237 9629 1
1051 6995 1
3654 7109 1
1369 5584 1
3697 5493 1
4884 6746 1
3442 4220 1
4314 6401 1
5724 7891 1
2231 8208 1
1603 4475 1
6668 6942 1
4818 5345 1
3531 6894 1
5306 8317 1
810 8222 1
3176 4451 1
5120 5683 1
6515 7639 1
6 7673 1
2716 4466 1
1238 4727 1
1265 8802 1
1200 1991 1
733 8941 1
3697 6782 1
314 9711 1
2282 4359 1
4427 7567 1
7013 9986 1
571 7832 1
3544 6725 1
7697 8898 1
1099 7951 1
1164 8346 1
8616 8673 1
2715 6843 1
5647 9899 1
3797 8302 1
4263 9795 1
2319 6119 1
1066 8942 1
1133 3748 1
288 8648 1
233 1771 1
4106 7367 1
2168 5169 1
2613 7505 1
3980 9857 1
3318 5042 1
1021 8418 1
2461 7865 1
2029 8208 1
2277 2860 1
1898 8691 1
709 6611 1
4511 5551 1
1938 9029 1
737 5626 1
2523 3266 1
4988 5890 1
4126 4205 1
5657 9432 1
5189 7866 1
2236 9625 1
975 2007 1
456 6515 1
521 7664 1
5067 7122 1
8145 8283 1
1068 7833 1
672 7833 1
6040 7857 1
2210 5371 1
479 1022 1
3001 4180 1
8219 9895 1
3510 4057 1
550 7089 1
51 9620 1
211 7623 1
5560 7405 1
479 4405 1
5018 5890 1
2817 8974 1
8493 9905 1
1960 5381 1
5100 7420 1
217 2715 1
8546 8977 1
540 3368 1
273 9440 1
918 9178 1
101 288 1
417 4466 1
3746 9410 1
1709 5735 1
432 7218 1
2703 6593 1
2324 3564 1
997 6438 1
5271 7652 1
3662 4986 1
960 6556 1
3830 4570 1
5172 7646 1
7880 9274 1
5572 7765 1
5257 8693 1
2979 9093 1
400 2957 1
5876 7210 1
3989 4068 1
4109 7368 1
957 7978 1
1793 4278 1
2846 3087 1
1170 2609 1
6455 9546 1
533 3486 1
1605 2537 1
3244 9549 1
2703 7882 1
3429 8548 1
1364 9241 1
941 1968 1
5044 6306 1
4696 9006 1
2447 2974 1
70 9030 1
5486 7590 1
2368 6064 1
6353 7175 1
1824 7132 1
1902 2127 1
7720 9527 1
2827 4134 1
485 2075 1
1798 3467 1
6751 9665 1
3799 5233 1
2262 8297 1
4605 9238 1
374 3964 1
1212 5063 1
1592 4530 1
1640 5510 1
6724 8781 1
602 6043 1
750 6695 1
361 4668 1
3081 6121 1
2876 6655 1
3366 8734 1
634 6520 1
51 1244 1
8734 8758 1
2010 8426 1
1614 5228 1
1146 3662 1
211 2630 1
548 5433 1
215 9919 1
2092 9175 1
5640 6313 1
9264 9862 1
1652 5870 1
4993 9885 1
1230 8621 1
5103 5327 1
315 1640 1
917 3960 1
5166 9813 1
4930 8782 1
3932 4018 1
2867 3694 1
2103 3298 1
1982 5223 1
3432 9330 1
2381 8904 1
4932 8828 1
154 9801 1
3590 4254 1
2275 9417 1
8568 9004 1
421 4668 1
423 3051 1
5956 7838 1
378 1588 1
4278 8977 1
5396 8181 1
4410 8904 1
2245 5983 1
4884 5754 1
4634 4825 1
5131 5631 1
3421 6323 1
3135 8935 1
105 2338 1
284 4555 1
1452 9730 1
248 2646 1
2075 2539 1
1457 3658 1
5189 9773 1
4320 4665 1
1298 9263 1
4937 5765 1
116 1938 1
4541 9737 1
642 7646 1
4703 6123 1
5136 6914 1
5979 8357 1
1568 4428 1
3459 3582 1
3706 6657 1
1648 8329 1
6725 7423 1
4973 9367 1
5525 5908 1
7323 9035 1
697 4320 1
3357 4968 1
6270 7782 1
3436 6015 1
6170 6612 1
8539 8774 1
1627 8391 1
2379 7272 1
2210 8217 1
955 3797 1
7223 8804 1
1510 7991 1
1379 9228 1
4395 9511 1
7810 8749 1
3813 6123 1
4173 4214 1
2564 3238 1
1970 9669 1
1194 3032 1
6099 8250 1
6044 6099 1
696 9171 1
6112 7731 1
1141 5091 1
1788 2458 1
2612 3659 1
4733 5719 1
1168 2750 1
6825 6849 1
2448 2504 1
7495 7583 1
353 6738 1
179 9591 1
2461 4429 1
1972 1986 1
1206 6425 1
237 9007 1
3068 3121 1
361 1903 1
3975 9460 1
692 9587 1
3175 6401 1
5007 7392 1
1445 8104 1
2474 9737 1
1328 5075 1
3370 6842 1
1131 9634 1
1787 2391 1
472 4336 1
1477 2165 1
2621 6754 1
6354 9307 1
2035 3624 1
4031 5046 1
4755 5077 1
5271 5371 1
2062 8453 1
4758 8758 1
1835 2812 1
1523 3449 1
5086 5591 1
9107 9365 1
7250 9041 1
4397 7998 1
1269 5784 1
3671 7894 1
71 8314 1
8796 8914 1
6977 8882 1
2765 5348 1
5530 6012 1
1708 9803 1
3425 7838 1
6455 7265 1
9251 9494 1
3258 6412 1
6310 8604 1
3662 7027 1
2481 8972 1
1203 1939 1
6275 9549 1
1736 2402 1
5720 8738 1
1429 9075 1
2599 4497 1
1210 4049 1
2679 8398 1
654 6046 1
5246 6603 1
2983 8809 1
3081 5934 1
3513 5591 1
2193 3028 1
5281 9041 1
1014 5800 1
4846 6669 1
1200 2772 1
3144 9666 1
6353 7338 1
7450 9637 1
931 1601 1
3353 7561 1
31 1344 1
2804 8285 1
4798 4908 1
6553 7399 1
1652 8716 1
2557 5375 1
633 3075 1
4000 8311 1
2006 5272 1
4867 7896 1
1894 2587 1
5143 8703 1
4661 7239 1
1903 3050 1
9470 9551 1
2712 3219 1
731 7555 1
550 8675 1
5686 5720 1
1112 5180 1
23 1052 1
3961 8733 1
6189 9724 1
6576 7918 1
8353 8478 1
211 3732 1
875 6930 1
1957 6669 1
2771 7182 1
658 9147 1
2071 3573 1
1785 7905 1
1028 1510 1
5993 9031 1
1767 6545 1
645 9851 1
5700 8220 1
3701 4837 1
7890 9885 1
8948 9038 1
5044 6603 1
2613 2809 1
51 6668 1
2539 2860 1
1372 4703 1
4753 9837 1
1785 4872 1
4715 5381 1
5131 8477 1
8171 9346 1
4797 6911 1
2443 5781 1
5008 7323 1
3265 3903 1
2594 3698 1
5639 8883 1
7941 9823 1
7220 9309 1
1645 2768 1
7 5780 1
1313 2029 1
728 3096 1
215 6483 1
15 945 1
5670 7415 1
1654 7957 1
696 4312 1
386 9748 1
6439 6465 1
4486 9843 1
3137 9760 1
5647 7431 1
3828 7399 1
1768 5992 1
405 9209 1
2697 9461 1
2652 7998 1
952 9378 1
3686 6003 1
1606 7916 1
2048 2599 1
2523 2892 1
348 3979 1
2499 4750 1
1280 3959 1
2278 3061 1
5144 6029 1
5001 7441 1
7530 7606 1
288 9563 1
701 2562 1
5933 8175 1
3947 4997 1
537 7823 1
750 4898 1
4650 9843 1
2069 9488 1
5166 6727 1
385 1767 1
3910 7589 1
603 3158 1
3672 8175 1
3438 3807 1
1189 8917 1
4854 6640 1
3615 5197 1
7560 8387 1
4585 8667 1
5213 9956 1
560 7403 1
2893 7656 1
443 4374 1
1554 9015 1
40 7367 1
1019 5473 1
1781 9960 1
6929 7766 1
7046 9105 1
6564 6887 1
2674 4350 1
757 7947 1
1407 7275 1
1939 2440 1
817 1582 1
3719 4207 1
80 9425 1
3459 9006 1
2973 6080 1
5416 8945 1
3200 7025 1
1588 4088 1
5271 7278 1
5876 9869 1
2416 6162 1
1413 7470 1
2280 5335 1
2037 9549 1
8391 9604 1
6846 7889 1
3176 9822 1
6015 6271 1
2787 8549 1
419 9241 1
2912 6743 1
6759 9398 1
1384 5197 1
1938 2373 1
2277 6003 1
3061 6085 1
2679 5983 1
767 9924 1
1202 9098 1
3905 4720 1
942 8235 1
35 9251 1
1840 2969 1
2827 5854 1
3947 5131 1
786 4689 1
5617 9012 1
1118 2984 1
371 8419 1
292 956 1
257 4345 1
792 5443 1
6855 7012 1
4661 7857 1
5745 5979 1
2689 8549 1
3176 4695 1
103 1434 1
2109 3544 1
3786 8596 1
3129 4125 1
319 6916 1
2750 9956 1
665 1137 1
2435 4468 1
7945 9271 1
803 2010 1
1238 8354 1
2045 2970 1
1878 6994 1
1913 6988 1
282 4001 1
7069 9573 1
2697 4818 1
2665 7000 1
2331 7878 1
5443 7869 1
6341 9019 1
2007 4556 1
2294 7996 1
1117 8185 1
2757 9972 1
1167 7548 1
1411 6188 1
3822 3880 1
2595 5480 1
2166 8750 1
4714 6713 1
1505 6789 1
3150 3258 1
8447 9266 1
3402 3479 1
3479 3699 1
2935 4767 1
3021 3787 1
1023 8708 1
5541 8562 1
6112 9317 1
3786 7791 1
1365 5439 1
40 6696 1
3799 4054 1
3857 7442 1
999 9253 1
285 3494 1
3165 8612 1
4010 8438 1
2793 6754 1
3512 6441 1
5126 7007 1
1205 2713 1
1963 7990 1
342 9663 1
2995 6888 1
396 3483 1
6884 9954 1
1808 7298 1
793 3119 1
161 6060 1
6606 7731 1
1671 3802 1
737 743 1
3047 3264 1
923 9766 1
5606 9687 1
3373 4188 1
4637 9825 1
1712 5496 1
12 6876 1
4757 9927 1
1861 2586 1
3719 5764 1
4240 7156 1
5735 6310 1
1889 7263 1
3370 7273 1
4863 9764 1
5832 7182 1
4099 9368 1
8672 8929 1
389 6984 1
5117 5335 1
6442 8804 1
695 5189 1
766 1457 1
991 1575 1
1811 8484 1
686 1693 1
6599 9919 1
1212 7401 1
6972 8969 1
16 178 1
3713 5518 1
3513 8116 1
1828 8838 1
8187 9237 1
7117 8569 1
215 2458 1
5029 5114 1
6271 6828 1
770 6652 1
5212 5730 1
2184 4686 1
1845 5220 1
2540 7731 1
1451 3603 1
1132 9485 1
5335 5571 1
5911 7424 1
513 8689 1
6547 8574 1
1857 5230 1
298 4563 1
1357 6570 1
8939 9407 1
5393 6680 1
1845 3126 1
9417 9971 1
771 7412 1
2127 6222 1
2179 2248 1
2318 3346 1
1767 5687 1
1576 6119 1
2154 3881 1
1397 8628 1
750 4845 1
5848 7260 1
5655 5899 1
1837 8900 1
2458 5046 1
2820 9599 1
1123 6524 1
3482 7998 1
8915 9171 1
2504 6330 1
5231 6510 1
6516 8298 1
398 606 1
6128 9879 1
4509 8969 1
2926 4518 1
2021 2197 1
1131 5072 1
1938 6858 1
541 5795 1
8182 8273 1
391 9234 1
4204 5889 1
1629 9486 1
1495 6288 1
5944 9011 1
3860 9462 1
8039 9658 1
353 9881 1
136 4928 1
6123 7441 1
4824 9919 1
8394 9068 1
832 4631 1
107 9825 1
4813 7286 1
1865 9389 1
1643 7290 1
3467 5222 1
936 2510 1
3881 8245 1
1009 9404 1
4357 7420 1
1960 9626 1
2323 7988 1
146 8248 1
6856 7184 1
2599 8795 1
4373 4920 1
2537 5473 1
6341 6738 1
7086 7646 1
5280 7287 1
3721 6428 1
7981 8498 1
822 1068 1
4760 9503 1
3213 7153 1
1888 4246 1
3139 4760 1
7629 9736 1
5117 8986 1
5008 9982 1
7422 7945 1
2854 5530 1
4137 7245 1
1298 1936 1
587 7028 1
2605 8209 1
5762 9663 1
4955 7877 1
6819 8591 1
6060 8539 1
1600 7347 1
2844 9888 1
1127 5437 1
535 1361 1
2775 5587 1
2299 9041 1
5121 5321 1
6449 8499 1
3393 7097 1
1452 3692 1
1402 1885 1
1300 4052 1
952 9004 1
186 4775 1
5012 9700 1
2236 8877 1
5496 7046 1
6112 9264 1
2504 5659 1
1695 3800 1
6321 9603 1
7849 8705 1
2909 6876 1
5151 7765 1
6570 7863 1
1845 3744 1
7355 8547 1
447 1490 1
1085 3467 1
7403 7837 1
3557 4818 1
1004 4067 1
3263 4371 1
852 6679 1
4948 9284 1
6448 8782 1
5883 7283 1
319 931 1
2165 5038 1
989 8081 1
220 6587 1
1588 3714 1
626 859 1
189 5022 1
3840 5291 1
696 6516 1
3032 6286 1
3694 7159 1
4993 8653 1
2353 4685 1
1018 1090 1
8703 9502 1
2048 8775 1
4457 5640 1
6509 8095 1
272 2963 1
3398 9268 1
5614 8182 1
5710 8644 1
2164 9889 1
2740 2852 1
384 9031 1
8185 9512 1
1688 9371 1
945 2682 1
7183 7258 1
2152 7785 1
1892 4448 1
526 4950 1
1123 2954 1
1856 2539 1
1587 7784 1
7989 8819 1
4331 9823 1
1754 4514 1
933 6994 1
1066 4140 1
62 9919 1
1241 4895 1
1132 1727 1
5803 8993 1
794 5115 1
3368 8463 1
7644 9723 1
5825 9691 1
2057 8083 1
4393 8607 1
3624 7113 1
6108 9979 1
587 4263 1
831 2903 1
437 6948 1
4967 6627 1
4203 5477 1
7326 8101 1
576 1630 1
2931 8058 1
2594 6975 1
713 6065 1
374 6599 1
3094 7298 1
1007 4068 1
479 1697 1
4245 6642 1
9714 9724 1
5600 7479 1
805 2621 1
2484 4336 1
4022 4126 1
6907 7336 1
1967 9479 1
2347 9700 1
5296 5755 1
6593 7176 1
177 3991 1
333 6948 1
6852 8568 1
4679 7284 1
319 8770 1
828 8647 1
2827 5614 1
5972 7243 1
757 5963 1
4174 5836 1
3195 3566 1
5423 8721 1
2835 9639 1
3864 4856 1
4001 7571 1
4373 4733 1
4125 7637 1
9961 9981 1
119 6615 1
568 8693 1
525 8057 1
1241 5029 1
5464 9661 1
288 9807 1
2236 9495 1
2867 6329 1
733 4973 1
6920 8860 1
3828 5549 1
4542 4892 1
1209 2458 1
240 9012 1
4739 9378 1
3256 9295 1
5902 7793 1
527 3592 1
3677 6319 1
561 9592 1
2923 6611 1
116 4223 1
1527 2740 1
5651 7393 1
2676 7673 1
4746 5072 1
3421 5575 1
7607 7696 1
267 4392 1
1463 5199 1
6728 9040 1
2364 5866 1
728 2535 1
7652 9159 1
2775 5400 1
8868 8898 1
7496 7865 1
5550 5806 1
3544 3696 1
476 1533 1
5739 6459 1
3903 7012 1
5577 8383 1
3562 6719 1
3989 6032 1
4494 6699 1
540 6621 1
1845 5651 1
663 4742 1
3956 7023 1
1893 4379 1
1785 3156 1
5518 8153 1
1185 6544 1
3200 8208 1
1285 1298 1
593 8884 1
875 5564 1
7678 7697 1
2557 9270 1
4169 5037 1
7052 7420 1
3088 8906 1
421 3115 1
115 3597 1
371 1308 1
4237 7423 1
7666 9565 1
742 9357 1
1671 5656 1
3159 8557 1
4784 7003 1
534 9593 1
367 7201 1
5257 6469 1
732 5636 1
7674 8113 1
2583 4425 1
4585 9045 1
3632 4990 1
1228 2053 1
4571 6895 1
4972 7239 1
2649 9394 1
2236 9979 1
5049 7459 1
949 5112 1
5095 5360 1
436 1329 1
246 3649 1
1068 8187 1
3697 7270 1
6116 8795 1
7668 8483 1
6699 6901 1
1226 7083 1
8165 9289 1
4219 9072 1
845 3419 1
0 7565 1
676 5862 1
2794 4995 1
3441 8778 1
2434 6180 1
376 3880 1
2461 8003 1
7354 9986 1
2048 2172 1
1767 8346 1
2863 7983 1
5583 8682 1
1970 4733 1
2935 7105 1
7976 8986 1
5464 8990 1
490 1915 1
524 745 1
2184 8634 1
6174 6871 1
5945 6819 1
910 8136 1
4043 5032 1
3675 4636 1
1335 7376 1
7035 8139 1
3294 4944 1
8500 9336 1
7373 8134 1
4246 8774 1
4134 5335 1
216 750 1
7205 9489 1
61 3845 1
1668 9656 1
7602 9125 1
2204 9636 1
4207 5813 1
1803 2876 1
4265 9955 1
2037 4800 1
3874 7855 1
3817 7321 1
5685 8935 1
2058 5088 1
3959 4930 1
1782 9354 1
1798 3471 1
4110 9263 1
1939 5396 1
3295 9087 1
1936 4344 1
5757 5778 1
189 1936 1
1888 8999 1
1596 2963 1
439 7746 1
3502 3903 1
822 9204 1
165 4733 1
7582 9947 1
371 7053 1
5147 9417 1
5677 6199 1
3409 4089 1
1898 1958 1
5640 6317 1
6020 6538 1
3694 5012 1
1789 2954 1
4707 8364 1
3045 4566 1
3544 7697 1
5610 8360 1
479 2799 1
8438 8592 1
3233 4802 1
1844 6044 1
144 8178 1
3764 4438 1
1501 7398 1
2729 8652 1
165 6022 1
146 5780 1
5065 5978 1
1553 9251 1
3697 6599 1
7962 9013 1
2843 8939 1
3139 7769 1
479 705 1
1931 3195 1
7302 9906 1
4470 5768 1
3799 7815 1
4258 8329 1
5268 5748 1
4268 6573 1
395 3451 1
4106 6245 1
8054 8198 1
107 6202 1
2125 3411 1
597 1865 1
1688 5130 1
5120 6789 1
6479 8526 1
1649 6865 1
246 4267 1
315 3872 1
2654 7323 1
3986 5547 1
5653 8191 1
2566 9196 1
5112 8776 1
2342 6270 1
9393 9471 1
5005 8155 1
4024 9222 1
6178 7258 1
4631 7914 1
7442 8731 1
4818 5296 1
8443 9070 1
2500 7795 1
2402 5008 1
2071 5403 1
860 3564 1
4829 4896 1
794 1224 1
5837 7904 1
4717 7873 1
2793 6327 1
8617 9600 1
2057 7225 1
386 3873 1
5843 9604 1
6469 8346 1
1115 1804 1
2507 3489 1
8169 8686 1
2071 6342 1
1269 5654 1
9128 9523 1
4251 9736 1
1457 5890 1
6875 8475 1
4311 5091 1
6119 8906 1
3457 8185 1
1010 3858 1
2115 2857 1
1457 9273 1
4012 8407 1
4236 4917 1
41 3996 1
1825 7225 1
5216 6631 1
257 8724 1
6809 7074 1
2397 5172 1
1244 9165 1
1898 7703 1
578 9304 1
3675 6543 1
2779 3022 1
2039 3212 1
399 4643 1
2988 3361 1
789 3108 1
3963 3977 1
5150 9394 1
7366 8870 1
7371 9214 1
2514 2724 1
4124 8998 1
2288 9551 1
1335 6250 1
122 3022 1
3410 7965 1
1 8919 1
6680 8542 1
1845 8981 1
105 9242 1
1098 1584 1
4590 5014 1
4927 7817 1
1983 3438 1
758 5865 1
5799 7746 1
1869 4090 1
4603 4687 1
2710 4706 1
1865 6600 1
8 3832 1
7833 8871 1
2236 2571 1
4753 5385 1
1845 6887 1
5224 7222 1
350 1317 1
3421 4717 1
4470 8480 1
129 5290 1
1576 3464 1
6605 7028 1
3900 4917 1
2231 5610 1
4733 8301 1
514 6794 1
803 8617 1
361 1102 1
2365 2577 1
1749 4331 1
823 1133 1
7779 9924 1
1206 9007 1
5578 7346 1
5647 6951 1
2419 2813 1
1374 8591 1
5252 9805 1
4285 6606 1
1599 4737 1
4782 7412 1
2798 5061 1
7638 9692 1
348 5943 1
458 1385 1
3486 7155 1
644 2329 1
8527 9036 1
2985 8859 1
392 3017 1
9098 9791 1
4643 9697 1
538 9258 1
2480 9855 1
617 3135 1
8259 9221 1
1633 4506 1
2237 7653 1
86 6882 1
1657 3402 1
4938 6612 1
803 3490 1
4189 4804 1
4137 8778 1
5862 8394 1
2569 7833 1
544 5481 1
2908 7299 1
2254 2345 1
7212 8887 1
798 2365 1
2718 7175 1
4945 7941 1
88 1451 1
2980 3388 1
1825 2582 1
402 7468 1
2289 7412 1
5233 5375 1
1229 3490 1
1211 8546 1
752 1616 1
540 8341 1
4848 4975 1
2331 3881 1
1004 6755 1
4113 8727 1
5405 9996 1
1066 5189 1
6871 8220 1
3240 9327 1
2182 3758 1
676 8387 1
325 990 1
1278 5045 1
4466 5812 1
555 1452 1
7750 8539 1
4837 7445 1
1580 8793 1
692 5887 1
3925 3953 1
289 8880 1
1087 8860 1
7102 8503 1
4306 7028 1
3024 8921 1
2373 5396 1
1425 6411 1
1457 6858 1
800 2387 1
6445 7415 1
4827 9359 1
7857 8786 1
2219 2485 1
4667 4940 1
1066 6478 1
3880 9256 1
2516 4169 1
1538 8917 1
3045 7896 1
4213 8907 1
4504 7393 1
4709 9488 1
313 4147 1
1123 9614 1
3833 5653 1
4683 5823 1
3100 4570 1
5626 8436 1
9502 9577 1
1164 7171 1
1138 5950 1
6845 8446 1
9262 9336 1
2712 3707 1
7 8012 1
327 1012 1
5008 6522 1
2857 8003 1
1114 8747 1
4407 5366 1
4826 8733 1
3523 8995 1
6217 9227 1
2514 8014 1
2029 7033 1
2036 5760 1
6526 9982 1
315 6263 1
1488 9338 1
270 2356 1
808 9579 1
1164 8460 1
2007 3487 1
1102 1166 1
7299 9905 1
9274 9696 1
7380 8581 1
1280 9574 1
2913 6972 1
3150 8605 1
4423 4714 1
6527 8113 1
3459 9360 1
1902 2912 1
498 3122 1
3784 9682 1
3927 5264 1
1098 1397 1
1669 8568 1
2906 9184 1
2849 6398 1
5691 8780 1
1319 4025 1
1902 6295 1
1434 3975 1
701 5144 1
4696 7697 1
1642 4678 1
456 6279 1
991 3405 1
3064 7491 1
4141 6132 1
6372 8360 1
4462 6712 1
6079 7549 1
6258 9012 1
1067 3400 1
4766 7123 1
1187 2004 1
1066 7901 1
211 971 1
3824 4920 1
176 196 1
3877 4746 1
3832 9699 1
6306 6959 1
3068 8549 1
2409 9667 1
2839 9251 1
162 2018 1
1289 9636 1
7806 8931 1
5743 6287 1
2515 6121 1
426 8480 1
2196 5587 1
976 8358 1
6370 9603 1
728 8256 1
3061 4345 1
6294 6575 1
3217 9022 1
1548 6305 1
7718 7771 1
739 3692 1
335 633 1
5700 5809 1
8334 9208 1
709 5920 1
86 6695 1
6894 9172 1
3028 6275 1
2075 2974 1
1726 2820 1
2015 2923 1
6451 8602 1
6843 7140 1
957 7153 1
4228 5511 1
9336 9368 1
2935 4771 1
5695 6000 1
4207 5573 1
3 9262 1
3417 3956 1
399 2846 1
3327 7446 1
7138 7438 1
653 2204 1
2082 5434 1
1736 4797 1
3900 8247 1
7697 8341 1
1231 9765 1
4478 7729 1
8364 8804 1
1814 3175 1
5626 6021 1
6183 9322 1
1066 1969 1
1211 6265 1
7871 9810 1
3031 3489 1
5331 7766 1
696 4129 1
8985 9272 1
7882 9410 1
5979 7987 1
2370 8883 1
4340 4358 1
5014 8998 1
5069 8705 1
1645 6907 1
2130 8642 1
1024 2093 1
4458 8551 1
1251 5290 1
2684 3566 1
4067 6451 1
4218 6620 1
6623 8439 1
2165 6384 1
2822 4439 1
4802 5328 1
5211 8007 1
4968 8249 1
6575 8398 1
1193 6224 1
42 464 1
2798 7236 1
1929 4572 1
288 3903 1
3348 7114 1
4967 8778 1
855 3196 1
392 1220 1
6975 9271 1
3031 5717 1
4220 5353 1
3017 3567 1
6819 7977 1
4429 4938 1
592 7697 1
1149 4582 1
1832 8022 1
406 2057 1
1973 7503 1
808 6009 1
639 9206 1
2676 4213 1
3481 9336 1
1182 1497 1
1870 5281 1
1973 4470 1
3096 8182 1
5620 8003 1
3015 7062 1
2793 8181 1
7664 8153 1
5766 7074 1
35 4746 1
1750 8370 1
3835 8521 1
8547 9934 1
6606 8219 1
2332 8725 1
9133 9277 1
3372 8238 1
2362 3649 1
4669 4933 1
1968 2032 1
2480 3870 1
732 4270 1
80 4115 1
8691 9309 1
143 7847 1
2054 9131 1
287 9289 1
1994 6636 1
1281 4485 1
350 943 1
5150 7865 1
2142 8197 1
3510 6078 1
2037 4239 1
2384 7730 1
6090 6208 1
276 1179 1
2337 3942 1
6600 9693 1
1989 6642 1
4771 8219 1
2560 9649 1
2918 2941 1
5600 9764 1
2179 5985 1
5780 8419 1
1699 2150 1
2062 2956 1
6526 9929 1
6254 9241 1
1383 7771 1
4542 5888 1
4767 8450 1
2181 7751 1
2468 7027 1
6527 7121 1
5656 7794 1
2676 7730 1
3555 8830 1
4740 9256 1
4508 9687 1
8969 9761 1
4415 7244 1
7926 9196 1
2436 9209 1
2480 9481 1
2205 5112 1
2043 4784 1
917 8880 1
5179 5361 1
2006 7346 1
6615 9570 1
6725 6732 1
3932 8938 1
1205 7068 1
4448 5822 1
2086 2387 1
26 7396 1
4069 6957 1
7257 9976 1
4337 7711 1
2565 3553 1
3165 7490 1
4856 8276 1
6028 8497 1
1332 9280 1
5850 9888 1
5439 8102 1
3212 8999 1
213 6441 1
5655 9420 1
4989 8805 1
8855 9258 1
3464 4524 1
436 3480 1
4434 5550 1
2003 2510 1
3467 6515 1
220 8551 1
5077 7871 1
1491 7997 1
3265 6566 1
820 1376 1
6654 9309 1
1024 7033 1
750 8716 1
4905 6074 1
163 2540 1
999 6976 1
541 5344 1
971 4928 1
8415 8555 1
1285 6027 1
736 7505 1
6173 9386 1
431 4425 1
892 1602 1
4920 5012 1
7518 8946 1
316 688 1
7184 7380 1
5487 9031 1
2168 2331 1
743 8834 1
2651 7403 1
2775 3497 1
2181 2758 1
2554 7470 1
3459 9791 1
3910 6280 1
479 3311 1
267 5872 1
325 2844 1
6575 8211 1
7287 9171 1
6535 7092 1
1189 8547 1
1457 5329 1
2520 8990 1
6546 6692 1
715 6412 1
3478 3775 1
90 8804 1
1205 2075 1
594 8337 1
2447 3035 1
4902 4971 1
3348 7866 1
2135 5392 1
1202 7439 1
3726 5008 1
3688 4524 1
5473 9109 1
5208 5428 1
4265 6979 1
645 1105 1
7403 8191 1
2613 2923 1
6556 9258 1
3662 4242 1
518 5467 1
6015 8345 1
3150 8231 1
3155 8575 1
25 5534 1
5956 8704 1
8507 8628 1
8381 9455 1
907 7871 1
6979 8802 1
1994 5510 1
4351 6157 1
3117 9222 1
426 2845 1
2231 4699 1
1102 5114 1
2112 3287 1
207 5201 1
3569 6121 1
7629 9069 1
1168 6865 1
540 7296 1
1068 9667 1
4478 9315 1
1591 5278 1
2214 2251 1
1861 9303 1
3067 8354 1
3896 9899 1
156 3923 1
4985 8365 1
2201 5207 1
2793 2867 1
2750 6203 1
5561 9464 1
2075 6788 1
5492 7415 1
3102 4376 1
872 2558 1
4227 6471 1
3270 3960 1
2196 8246 1
3500 4422 1
174 3159 1
4078 6348 1
9337 9620 1
3544 5660 1
7888 8367 1
1068 1157 1
3024 7876 1
123 8297 1
1076 2738 1
1363 6178 1
2113 7430 1
5888 7765 1
2698 3919 1
5296 7853 1
2309 2646 1
2056 8616 1
5034 7853 1
1335 2440 1
5541 6903 1
4457 7283 1
6740 7981 1
1246 6532 1
2027 7097 1
487 6480 1
6225 7535 1
397 7526 1
2468 7779 1
6040 9475 1
4242 6348 1
7547 7700 1
1609 7523 1
3254 3992 1
1774 3426 1
922 6593 1
6180 7011 1
3675 4022 1
4108 8977 1
8446 8486 1
6469 7114 1
1472 6471 1
1617 9858 1
6128 8541 1
5660 6975 1
971 8929 1
1752 9494 1
1499 4884 1
6060 6128 1
446 3631 1
795 8703 1
246 5263 1
180 479 1
1979 8904 1
3638 5271 1
847 8112 1
5740 7089 1
1693 6820 1
4219 4270 1
3126 5096 1
2318 6091 1
1914 3032 1
5962 6909 1
2409 3011 1
3804 7411 1
2894 4746 1
7054 9056 1
2606 3525 1
2365 8566 1
3404 7477 1
1669 6584 1
4737 6303 1
5155 6062 1
3577 5153 1
192 9699 1
2073 8165 1
2527 4171 1
1880 4552 1
3769 9295 1
4851 9034 1
933 8421 1
582 3468 1
2923 9998 1
215 8370 1
4492 9101 1
1068 8057 1
6049 9887 1
2126 7210 1
1577 7934 1
6692 9764 1
3903 7016 1
7000 7665 1
1227 9807 1
6041 8491 1
4377 6118 1
6452 7833 1
22 8914 1
4695 6427 1
6942 7660 1
523 794 1
1951 5142 1
5324 9604 1
3701 8952 1
1657 6358 1
979 4228 1
2255 7216 1
9686 9884 1
4068 8931 1
6222 7721 1
2278 5887 1
6132 6515 1
788 4633 1
5005 5313 1
3897 4353 1
1935 8931 1
2649 7520 1
3738 8238 1
7314 7424 1
273 4187 1
1376 4803 1
4370 7017 1
1105 2997 1
9030 9206 1
6325 7095 1
4785 6478 1
2405 8099 1
628 3597 1
815 9839 1
952 3694 1
802 7133 1
5852 8568 1
5328 8568 1
49 5583 1
809 9243 1
5370 9733 1
406 5066 1
2622 4542 1
8155 9329 1
4783 7721 1
2529 8515 1
1205 6210 1
4689 8059 1
5718 5720 1
2041 6482 1
1786 7653 1
4659 9348 1
3525 9419 1
2071 7822 1
1367 5225 1
2387 4086 1
3061 7972 1
3462 9070 1
4656 9050 1
2671 7817 1
1206 6031 1
683 1560 1
4922 9169 1
605 4121 1
5264 5900 1
1785 9121 1
787 3603 1
1168 6678 1
3422 6638 1
1700 4095 1
5032 5550 1
3060 9440 1
1501 6329 1
6979 8965 1
682 3028 1
1196 9665 1
2038 6719 1
3401 4256 1
6603 7173 1
6286 7466 1
1793 2192 1
1087 1212 1
6145 8924 1
5715 7650 1
4679 8256 1
1050 7746 1
23 4496 1
6478 8575 1
7391 8313 1
139 5610 1
4624 9488 1
5852 9052 1
6633 8863 1
2113 8182 1
6481 9031 1
6515 8615 1
1224 5805 1
5145 7655 1
1244 8901 1
1657 9070 1
3298 7295 1
204 3911 1
1620 2772 1
1544 6160 1
887 935 1
6444 6870 1
2086 8429 1
2552 2752 1
4801 4812 1
3792 7803 1
184 4198 1
136 2464 1
2314 8064 1
1011 2664 1
7189 8155 1
5394 6265 1
7842 9474 1
3212 6181 1
380 2043 1
426 7114 1
1845 3240 1
5878 6085 1
1860 5992 1
2863 9410 1
361 9348 1
5843 7030 1
3678 8805 1
6439 7815 1
2676 6551 1
4431 4878 1
2290 8959 1
3780 7769 1
3191 9626 1
569 7018 1
1558 6566 1
2654 9421 1
2172 7957 1
6898 8514 1
6595 8705 1
6425 6604 1
1184 5601 1
5647 9720 1
5043 6573 1
6237 6553 1
7018 7118 1
342 7012 1
3038 8071 1
4750 5008 1
4428 4957 1
4454 6178 1
2797 8948 1
2771 7727 1
3081 8707 1
651 8521 1
1960 8451 1
1029 4909 1
1813 4991 1
1710 1860 1
1940 8738 1
4075 6532 1
6320 8658 1
552 8892 1
1720 9903 1
1472 9801 1
7036 8047 1
3326 3411 1
6682 8458 1
3408 3975 1
4878 8734 1
348 1141 1
3799 7014 1
1866 3662 1
7506 8346 1
3117 4176 1
1152 1875 1
6754 7021 1
3254 8611 1
6196 8191 1
1323 5894 1
3150 3535 1
3564 6558 1
4121 7415 1
1337 2005 1
2880 2893 1
297 8127 1
288 4631 1
2053 7810 1
1533 9272 1
7882 8983 1
3911 4572 1
1844 4438 1
2799 6876 1
5803 7334 1
97 8446 1
2709 3950 1
5205 9859 1
6564 7432 1
549 1373 1
5898 7571 1
4222 6127 1
9117 9903 1
5266 8792 1
6085 9649 1
662 4468 1
1152 6547 1
620 7440 1
1845 8985 1
5396 5640 1
1488 9879 1
2343 6229 1
2069 8878 1
577 7743 1
3359 9320 1
907 5403 1
4069 4757 1
3265 8904 1
5185 9742 1
5438 5492 1
7392 7412 1
699 5639 1
2724 7991 1
3419 6338 1
5033 7658 1
6089 8428 1
2223 4033 1
979 1492 1
5354 5764 1
1185 7784 1
4781 6656 1
3867 8945 1
1761 8883 1
6830 7150 1
2845 7005 1
5231 9336 1
6647 7443 1
3752 9372 1
3979 6153 1
6021 7920 1
1131 5454 1
52 6178 1
3195 7734 1
745 7862 1
6003 8280 1
1998 5793 1
3833 7267 1
1018 9714 1
7580 7998 1
1288 7323 1
829 6809 1
25 5294 1
5221 8244 1
2468 7405 1
3115 4772 1
2005 5429 1
668 1199 1
4441 4871 1
514 7148 1
688 1851 1
2515 6662 1
2587 5784 1
2320 5440 1
9973 9995 1
1845 2703 1
1241 3720 1
3388 7001 1
1374 8945 1
3513 5949 1
5784 7576 1
3941 7150 1
1216 2909 1
314 5023 1
3264 8628 1
1191 5296 1
879 9905 1
280 7102 1
3675 7970 1
4803 5610 1
1374 3468 1
2181 3002 1
6743 7100 1
6163 8511 1
444 4500 1
1447 3946 1
60 3571 1
780 6112 1
3368 5194 1
126 5322 1
699 2740 1
8028 9827 1
5217 7320 1
6015 7300 1
1624 8719 1
153 3735 1
8518 9462 1
9294 9683 1
2876 8115 1
3339 3675 1
6279 6592 1
3557 5066 1
487 6240 1
3212 7283 1
2623 6888 1
161 8699 1
4466 5816 1
8475 9765 1
486 6015 1
168 1010 1
1384 7165 1
2036 5630 1
721 6821 1
3758 7981 1
2744 8346 1
5836 9405 1
4418 9717 1
447 6060 1
77 4275 1
4922 9250 1
2029 7842 1
264 1657 1
732 3977 1
2717 5210 1
573 9582 1
4554 8265 1
3026 6719 1
1023 4126 1
6623 7691 1
5983 9051 1
675 6826 1
3263 5908 1
9078 9627 1
6148 9118 1
5427 8604 1
3557 3911 1
5511 9995 1
7602 8271 1
4685 7967 1
2773 5492 1
3903 7931 1
634 3792 1
8101 8369 1
5735 9888 1
6855 9919 1
358 1642 1
4124 6587 1
7276 7697 1
3771 4779 1
3578 7582 1
4576 9902 1
1066 6832 1
765 7658 1
1117 9803 1
2839 8182 1
803 4917 1
1066 7771 1
1088 7530 1
3249 7299 1
3032 8762 1
4076 5765 1
3214 8244 1
2715 6611 1
8546 8611 1
5072 7450 1
289 8079 1
235 8782 1
5381 8959 1
2179 3598 1
682 7781 1
3264 7018 1
456 7438 1
945 4219 1
4733 8923 1
3408 6016 1
1340 3028 1
760 4439 1
2358 2782 1
1329 2115 1
4121 5134 1
3467 4344 1
4733 5890 1
1638 3624 1
2589 6098 1
2449 5529 1
716 4517 1
4021 4903 1
179 3346 1
2443 3240 1
719 2536 1
7052 7184 1
6670 7082 1
7272 9402 1
1560 3152 1
1042 5441 1
1935 8691 1
300 4804 1
910 4733 1
4051 9626 1
7783 9325 1
1372 6484 1
1556 9045 1
5589 7918 1
2953 7664 1
3149 4570 1
5026 8744 1
1492 5088 1
1227 1407 1
3911 6613 1
6039 6434 1
7587 8632 1
8411 9833 1
4398 8394 1
957 4929 1
7 7561 1
834 6027 1
1245 5369 1
1584 8999 1
2619 6448 1
3992 7891 1
7089 9294 1
4226 5843 1
587 7089 1
341 3650 1
6762 8899 1
4771 5377 1
6027 6989 1
5137 5700 1
3578 9005 1
1269 6894 1
550 791 1
5921 7502 1
7889 9320 1
5496 5818 1
8398 9197 1
2457 6305 1
7983 9921 1
4485 8928 1
426 2418 1
7423 8766 1
1857 4031 1
3536 5746 1
1141 6335 1
2775 9031 1
1211 7074 1
136 2090 1
5296 6137 1
2474 2687 1
297 2947 1
1558 4903 1
3022 8908 1
1967 9272 1
7225 9690 1
8 2844 1
3676 5002 1
1735 3287 1
5899 8093 1
4538 8939 1
143 4200 1
1870 6895 1
2114 9699 1
7269 9238 1
7439 9649 1
4555 5321 1
3626 6578 1
4092 8071 1
2619 8676 1
138 3075 1
1609 1835 1
633 7218 1
5145 9509 1
1083 3482 1
2342 4611 1
5640 7236 1
2720 7415 1
2899 9632 1
2611 8411 1
5056 5495 1
5911 6009 1
8059 8172 1
2907 4016 1
9006 9214 1
5983 8514 1
2182 6958 1
1052 2075 1
2388 9278 1
974 8800 1
3319 6404 1
5550 8632 1
7520 8833 1
424 5889 1
823 1434 1
6991 9243 1
2784 6245 1
740 7815 1
2913 6655 1
4783 4932 1
4342 7441 1
5264 9177 1
1902 9011 1
9493 9682 1
5288 8073 1
7629 8187 1
344 8754 1
254 5828 1
1844 5808 1
1197 2025 1
2045 7784 1
2451 9226 1
2313 5320 1
7817 8423 1
8338 9815 1
3032 4253 1
1674 9534 1
165 8230 1
6641 9214 1
5166 8992 1
211 6131 1
4318 7205 1
4705 5399 1
7910 8587 1
2860 4146 1
3003 6706 1
136 9929 1
5899 9516 1
2365 5106 1
4175 6338 1
3421 7596 1
265 9750 1
7018 9322 1
184 2214 1
6981 9440 1
1334 7749 1
2614 5783 1
909 6819 1
2297 3632 1
7947 9004 1
2548 7415 1
313 5253 1
896 7523 1
2248 8843 1
412 9396 1
5044 6908 1
1130 3031 1
6821 9158 1
6103 6663 1
4088 8971 1
7947 9943 1
5495 6026 1
3950 5065 1
2632 4295 1
3302 5029 1
8217 8491 1
3747 7365 1
540 4104 1
2815 5850 1
1261 9499 1
358 1589 1
4117 7807 1
5676 6222 1
6911 9209 1
1290 8739 1
297 9981 1
1500 3099 1
161 4458 1
1976 3028 1
2091 3540 1
551 2923 1
5033 7284 1
5511 7848 1
227 6209 1
3300 6272 1
2548 3227 1
2381 8217 1
108 4797 1
7209 9805 1
4939 6868 1
4803 6041 1
92 1820 1
5849 7089 1
1067 6600 1
7042 7598 1
6293 8234 1
3602 9993 1
3311 5091 1
5614 6633 1
4903 7561 1
2520 9665 1
7170 9446 1
5611 6335 1
1027 8113 1
2042 5876 1
4949 6401 1
2024 6236 1
237 9125 1
655 8884 1
3 4757 1
3688 8582 1
1821 7570 1
584 4510 1
1399 3905 1
757 8602 1
592 6091 1
7200 9446 1
5273 7629 1
1066 9357 1
562 7380 1
161 7036 1
1317 6724 1
3270 3346 1
1482 9043 1
264 5471 1
3880 9691 1
164 1857 1
258 7908 1
292 6738 1
13 7323 1
4779 5781 1
4397 4733 1
1501 3808 1
52 8971 1
3049 4286 1
5258 9199 1
7089 8302 1
2390 9568 1
4439 5898 1
3768 5693 1
2054 3203 1
4275 7187 1
5089 7700 1
1670 6246 1
4323 9887 1
861 1381 1
938 8017 1
1781 3044 1
2832 7442 1
6679 7091 1
750 2304 1
5980 7090 1
7377 9873 1
675 8546 1
1785 7889 1
527 9614 1
2197 6113 1
1361 3397 1
8155 9386 1
3580 5992 1
741 7853 1
63 4757 1
3401 8501 1
2406 3254 1
4216 5452 1
100 4824 1
4016 7084 1
4038 6843 1
5948 6239 1
387 5820 1
1962 8875 1
823 8602 1
3624 4759 1
272 5281 1
1585 6673 1
2413 8747 1
4798 5026 1
701 4640 1
5995 8687 1
5470 5833 1
2625 3153 1
1374 6611 1
68 1694 1
3175 7003 1
709 9604 1
5301 7717 1
9266 9839 1
1606 4867 1
336 5831 1
3956 8507 1
2142 8819 1
957 1977 1
1622 8783 1
3320 6576 1
2945 4447 1
2867 7008 1
2930 5078 1
4743 6793 1
4242 9251 1
6074 7236 1
2075 7947 1
1709 1962 1
5795 6131 1
2689 9338 1
1228 9014 1
669 5078 1
7097 7334 1
4428 8852 1
2236 4108 1
4784 8487 1
1021 7223 1
6623 7451 1
3805 5463 1
6043 8862 1
212 4610 1
7595 9304 1
2096 5791 1
9226 9285 1
8734 8823 1
2049 7665 1
1512 9712 1
3960 4253 1
7786 9249 1
2917 4442 1
4696 7327 1
2669 6592 1
1771 9414 1
4902 9647 1
8718 9983 1
2832 5832 1
7183 7266 1
4268 7789 1
7721 8073 1
6451 9037 1
675 4492 1
5026 8370 1
272 9737 1
2872 3918 1
4608 5413 1
5758 9982 1
4091 4894 1
1973 6515 1
7726 9356 1
1938 5740 1
1931 8733 1
4878 8657 1
3526 5839 1
7242 8977 1
4659 7795 1
1865 3949 1
373 2060 1
4666 9905 1
1194 2963 1
8418 8536 1
4462 7631 1
3101 8477 1
2705 8477 1
5632 7025 1
666 7947 1
3742 4309 1
3816 4258 1
5328 9243 1
7656 9152 1
550 3800 1
2816 2831 1
2172 4981 1
1711 7804 1
5112 7898 1
1592 8112 1
6951 9336 1
6851 7412 1
5065 7328 1
4218 5177 1
5610 7616 1
1276 3153 1
732 4221 1
4582 9803 1
3030 3699 1
2037 5695 1
1731 6177 1
3095 4848 1
148 4170 1
3150 8719 1
3869 7652 1
4428 9336 1
3953 6599 1
5594 8022 1
119 6623 1
931 2337 1
5533 9998 1
3135 6906 1
6316 8946 1
2166 8734 1
1085 6187 1
4586 5199 1
7798 8804 1
1129 8179 1
6065 8546 1
5067 9444 1
4024 9633 1
4750 7293 1
8604 8675 1
7422 7766 1
6809 9229 1
3385 7431 1
2043 2857 1
4775 9043 1
1366 9031 1
5583 9711 1
8240 8398 1
1603 8220 1
6319 6369 1
784 947 1
3311 8421 1
2182 6584 1
52 274 1
917 1476 1
261 6275 1
7114 7771 1
2069 3674 1
3029 6456 1
2941 8329 1
5296 8341 1
5088 5194 1
4993 8340 1
1989 7882 1
1727 7882 1
367 8364 1
3048 3473 1
7220 9106 1
4682 7889 1
208 7553 1
2734 5003 1
6858 9656 1
9093 9374 1
5810 9501 1
189 9031 1
2738 5876 1
3376 7853 1
7896 9096 1
16 1906 1
3481 3705 1
6569 8772 1
4444 9414 1
2913 4187 1
7275 9163 1
1938 2036 1
367 6270 1
5052 9270 1
4749 7017 1
790 1677 1
3498 4059 1
4870 8475 1
9464 9667 1
3087 5656 1
9656 9837 1
5836 8039 1
4570 5739 1
4757 7817 1
4069 8197 1
6586 6847 1
3573 3829 1
5008 6904 1
2535 4362 1
3368 5117 1
1268 9007 1
7221 8526 1
4967 6314 1
531 6270 1
6189 7561 1
8245 9226 1
48 8745 1
984 6215 1
24 8159 1
3888 9475 1
1705 4285 1
674 9961 1
4282 7150 1
1947 3818 1
527 9911 1
1310 4695 1
1115 6671 1
2314 6995 1
126 707 1
3200 6822 1
1302 4053 1
2224 5789 1
23 5655 1
6575 7223 1
3782 9429 1
1043 1318 1
1898 8248 1
1602 9418 1
2438 9690 1
3616 9891 1
2665 4219 1
1286 4459 1
1365 4752 1
709 3135 1
3214 6878 1
528 2565 1
2451 9336 1
1883 3402 1
2027 9008 1
8580 9458 1
4131 9209 1
3814 9502 1
1307 5686 1
5014 7018 1
465 4845 1
1211 8607 1
3828 8619 1
1132 1898 1
5299 7187 1
1281 5404 1
9104 9616 1
2967 9229 1
105 8632 1
2011 4876 1
1938 7781 1
2943 5610 1
2504 4220 1
4357 7054 1
3978 6469 1
8243 8883 1
189 2294 1
951 1863 1
1214 5471 1
1023 1739 1
1145 6832 1
458 8346 1
4887 7219 1
3434 9230 1
9891 9972 1
543 3731 1
5362 7485 1
1117 8921 1
4780 5817 1
4704 9205 1
1731 3896 1
58 5379 1
1080 2623 1
3165 5026 1
1818 6524 1
173 3639 1
3977 4904 1
2387 2480 1
3094 6314 1
3087 5335 1
1846 9481 1
1647 5888 1
1074 2054 1
2493 7602 1
1265 1622 1
4540 9713 1
6080 7886 1
1801 3322 1
5813 7542 1
999 6606 1
1265 5005 1
976 4902 1
4742 9847 1
2765 8475 1
1851 8512 1
4669 6336 1
5918 6777 1
1021 9748 1
5945 8600 1
3068 9415 1
64 8957 1
4904 8862 1
2071 7505 1
6735 7184 1
183 9588 1
3395 6777 1
3918 6552 1
4623 6341 1
9019 9238 1
9079 9289 1
2018 3148 1
3649 6135 1
1307 4076 1
8719 8946 1
729 6314 1
1906 6879 1
2484 4641 1
23 9306 1
393 3921 1
284 4917 1
3830 7644 1
1447 9748 1
2768 7783 1
3773 4858 1
3417 3533 1
2587 6459 1
6231 6311 1
1584 7767 1
1064 5257 1
5640 6809 1
2319 6644 1
5378 7563 1
3975 4211 1
7963 8037 1
3230 4057 1
4370 7184 1
1077 2459 1
1372 7480 1
5458 7677 1
1205 5088 1
5606 8329 1
699 6448 1
5826 6383 1
6452 9289 1
1413 5791 1
1857 2799 1
413 8306 1
1376 8353 1
2864 6336 1
3311 5335 1
3715 9360 1
3481 5746 1
2300 7691 1
2290 7003 1
6228 8268 1
2038 7691 1
3232 8425 1
2621 8271 1
413 6212 1
4771 8817 1
4219 5860 1
2911 8784 1
6662 8725 1
1018 6551 1
5457 6112 1
3953 9124 1
123 6638 1
3975 8883 1
1269 1474 1
3519 6388 1
3980 6783 1
288 2541 1
2025 3672 1
3336 4237 1
270 2901 1
7377 7889 1
4297 5901 1
3320 8430 1
4218 5608 1
1339 9760 1
6728 7251 1
2753 9514 1
634 9944 1
1938 5366 1
4395 8129 1
2535 7342 1
5637 9089 1
5152 7354 1
3531 9781 1
3956 4295 1
1613 3354 1
2440 8236 1
8410 9614 1
1347 6618 1
5428 6471 1
5722 8638 1
2062 2399 1
3388 8160 1
2822 5305 1
3210 7107 1
7838 9573 1
3010 8739 1
479 3775 1
6599 9850 1
5064 9577 1
1795 5438 1
3061 6984 1
6559 8731 1
9926 9995 1
1657 7948 1
7508 8880 1
5600 7113 1
3193 4659 1
6971 8675 1
2594 3576 1
3022 4777 1
7008 7776 1
4823 7421 1
7918 7997 1
1034 9662 1
4418 9587 1
8451 8460 1
96 223 1
767 9318 1
5381 9634 1
2932 9206 1
2493 6126 1
6734 7392 1
2880 4320 1
4362 4932 1
7001 8675 1
1798 7964 1
5196 8541 1
2835 6240 1
268 9755 1
4739 8073 1
3989 6821 1
1963 7250 1
7040 8788 1
4753 4938 1
6948 9199 1
558 7989 1
848 4530 1
573 4325 1
366 6476 1
1006 9842 1
6245 7766 1
5503 6375 1
5291 8936 1
7789 9256 1
232 7415 1
3544 5774 1
6746 8691 1
4516 7627 1
7320 8963 1
5780 8346 1
419 4797 1
3667 3895 1
2277 4003 1
5895 9050 1
3961 6062 1
473 5033 1
2922 4680 1
2511 2894 1
3283 3905 1
3159 6313 1
5222 8957 1
3429 3730 1
4714 5518 1
4929 7392 1
2393 4336 1
376 6763 1
5044 7904 1
1551 4249 1
2459 6087 1
35 1774 1
4351 8849 1
5418 6802 1
9284 9699 1
4917 9260 1
3979 6991 1
796 8288 1
1637 2488 1
3235 7247 1
6681 8804 1
6270 7018 1
7457 8271 1
1922 6821 1
3164 4563 1
3061 9346 1
597 6358 1
989 9622 1
2126 2652 1
1938 9017 1
2363 4285 1
6062 7254 1
1031 3617 1
1292 9808 1
60 7092 1
5280 7218 1
1304 3217 1
118 7262 1
4247 8095 1
5197 9435 1
2824 5811 1
2337 4003 1
2335 9592 1
7947 8256 1
3675 5425 1
3774 8814 1
412 6204 1
35 4002 1
6198 6741 1
688 7011 1
1206 8694 1
1246 3397 1
3338 6971 1
2694 2705 1
9256 9879 1
8129 8677 1
6119 9077 1
319 728 1
4374 9748 1
6081 6341 1
926 3392 1
2051 3767 1
543 9289 1
5395 9019 1
4823 8039 1
52 7739 1
7199 8928 1
392 6087 1
757 5276 1
5058 6593 1
2632 7869 1
4901 8861 1
1704 3844 1
2683 6868 1
1155 5322 1
2975 8208 1
4198 9118 1
738 8417 1
2942 5816 1
2362 7227 1
1307 8345 1
2632 4836 1
2925 3368 1
4068 6012 1
25 789 1
8202 9663 1
1212 3762 1
4903 6813 1
3272 7798 1
5166 9667 1
1133 8542 1
2198 6422 1
7270 9868 1
350 1488 1
2239 2259 1
2313 2962 1
4013 4800 1
3872 7793 1
5437 7686 1
3431 6330 1
6287 7856 1
1698 5318 1
206 3429 1
9751 9992 1
3139 5175 1
4842 7476 1
5176 6598 1
3039 4005 1
3113 3954 1
6533 8262 1
5050 8179 1
2577 3193 1
6047 9308 1
913 4230 1
1971 3383 1
5799 9206 1
4691 9000 1
6119 6178 1
1372 2300 1
1155 4517 1
8362 9921 1
6700 8375 1
4881 8343 1
1715 9055 1
1448 8711 1
2955 7690 1
3538 9960 1
5396 8974 1
1086 5097 1
85 816 1
6979 8729 1
6265 9386 1
143 4204 1
6842 7677 1
2988 4605 1
823 5626 1
485 9768 1
439 2253 1
2970 4965 1
4112 4755 1
7895 9115 1
5992 8446 1
897 9712 1
5610 5900 1
2798 7110 1
3422 7691 1
6806 7616 1
4781 6018 1
6918 8611 1
2484 9394 1
569 6648 1
5493 7944 1
5075 8185 1
3896 6793 1
264 6012 1
3117 4611 1
4673 7424 1
473 3907 1
1598 4282 1
643 5816 1
3626 7871 1
4512 9950 1
7848 8895 1
7263 9962 1
48 5606 1
5132 8877 1
1519 4174 1
3523 5649 1
5930 8857 1
464 5292 1
1577 4344 1
2893 5253 1
1802 4462 1
2621 5319 1
668 4533 1
793 9897 1
5953 6774 1
2441 3631 1
1768 1845 1
1551 4062 1
4691 6101 1
8316 9121 1
938 9497 1
681 3425 1
5196 8488 1
292 2152 1
5225 6974 1
3943 4895 1
2740 9333 1
5006 8364 1
6174 7123 1
847 4656 1
4112 7333 1
2236 8487 1
4344 6178 1
7074 8319 1
3263 6075 1
3051 7882 1
3333 6814 1
3481 7466 1
5523 9233 1
6987 9074 1
1693 6747 1
5831 7134 1
5141 8939 1
3212 6295 1
1765 5869 1
6732 7801 1
1892 7896 1
6104 8232 1
6135 9797 1
4071 7682 1
8768 9753 1
2053 4057 1
393 8219 1
832 6603 1
3507 6593 1
879 8112 1
4922 5229 1
1976 8159 1
2337 8138 1
6819 8335 1
1457 9257 1
4303 6877 1
2018 9324 1
901 8810 1
545 3513 1
3747 6430 1
2172 5038 1
5179 5235 1
2278 5464 1
1832 2903 1
101 9888 1
2812 8781 1
1019 9970 1
6026 6605 1
395 1475 1
1112 3745 1
4639 6984 1
1786 8385 1
3959 6471 1
1891 3483 1
1068 5890 1
3 5566 1
440 6321 1
1303 6696 1
2836 6142 1
1002 1106 1
2165 5937 1
400 2758 1
2619 8359 1
945 2292 1
5084 5533 1
4786 6630 1
3000 6738 1
7270 8742 1
4352 9556 1
9453 9990 1
1801 6599 1
4695 5199 1
154 6085 1
6644 6775 1
1861 3432 1
2945 7216 1
288 423 1
1571 9520 1
4446 7878 1
3634 5748 1
1667 3566 1
853 7025 1
8017 8383 1
168 506 1
2649 2909 1
264 6630 1
3925 5897 1
3794 7134 1
5896 8952 1
939 5264 1
3036 7492 1
4175 7765 1
4108 5789 1
4125 5958 1
2461 6995 1
8675 8733 1
5067 8346 1
1297 9109 1
1035 9109 1
3401 9310 1
3676 7263 1
5983 8547 1
6195 6740 1
2406 6507 1
3359 5112 1
5026 7756 1
284 4222 1
3481 6795 1
6586 8059 1
409 7142 1
5751 8197 1
2738 5933 1
4106 7786 1
2941 6292 1
3326 6103 1
7765 9636 1
4157 6031 1
141 6573 1
984 8016 1
5294 5477 1
435 9494 1
695 1497 1
822 3524 1
3767 6785 1
5561 9204 1
110 8391 1
184 4930 1
8728 8902 1
1560 6836 1
6286 7393 1
8705 8918 1
1207 8411 1
5496 8213 1
5890 8332 1
171 6573 1
1285 8479 1
2931 7802 1
1097 6738 1
1221 2078 1
3674 5631 1
5852 8979 1
9007 9606 1
1581 8248 1
5380 9169 1
3828 9481 1
1737 8761 1
1324 2930 1
3519 9665 1
2170 5610 1
3851 8152 1
4647 7305 1
1082 4336 1
4165 9251 1
3964 5585 1
4320 4466 1
1945 6431 1
7779 7948 1
7897 8169 1
3964 8968 1
5913 9790 1
2969 9383 1
7878 9647 1
6948 8959 1
4596 6212 1
594 7406 1
473 9331 1
2596 5610 1
2190 4922 1
1016 8038 1
1993 9481 1
7547 8729 1
2994 8100 1
6406 8383 1
4747 9764 1
5296 6788 1
148 5784 1
2238 9285 1
3752 8681 1
89 9341 1
1400 5934 1
4492 8491 1
3490 8681 1
1018 5640 1
4404 6392 1
4438 5976 1
1678 7376 1
2750 6427 1
2741 8593 1
4284 9481 1
1746 3346 1
4566 6161 1
1907 8367 1
546 9213 1
1289 9486 1
1616 3465 1
2750 9810 1
6122 8974 1
6509 7168 1
1810 2018 1
2469 4872 1
2646 8706 1
4397 5571 1
1973 7674 1
1522 5523 1
5482 6547 1
4739 7028 1
9386 9736 1
1086 1206 1
5568 6321 1
289 8998 1
1125 2854 1
5197 7317 1
820 2218 1
1585 6222 1
6289 9272 1
8202 8939 1
743 8387 1
3675 7279 1
3159 3979 1
5409 6449 1
913 5600 1
1265 3773 1
2908 9995 1
470 1058 1
1189 7161 1
3203 4436 1
761 9343 1
2616 8840 1
6669 7399 1
9604 9972 1
1820 2490 1
2804 5858 1
5992 8877 1
3747 8471 1
2903 5837 1
2953 5200 1
4804 7399 1
3145 5370 1
879 8059 1
6320 6841 1
95 3224 1
97 8023 1
6951 8401 1
6168 7009 1
4062 7701 1
4733 5654 1
1944 2906 1
4022 6582 1
4383 9971 1
5876 9052 1
6110 7004 1
3768 6665 1
3286 4447 1
8446 8494 1
2272 3122 1
1126 1870 1
52 4466 1
1786 8332 1
1089 9158 1
872 4205 1
5793 9956 1
246 4682 1
1433 9907 1
12 314 1
5335 9263 1
727 2511 1
2740 9764 1
5691 8898 1
4923 6286 1
3328 9934 1
467 894 1
8906 9768 1
480 9989 1
8336 9423 1
1813 6341 1
1142 3692 1
5849 6451 1
1088 6839 1
2361 7866 1
881 7300 1
9031 9655 1
584 2583 1
7122 8417 1
307 1551 1
1308 9996 1
5246 5599 1
3119 7666 1
7367 9911 1
1063 3749 1
4607 9813 1
1187 3061 1
5403 8966 1
5506 8155 1
1433 8163 1
461 8784 1
1027 1059 1
1237 1835 1
6992 9475 1
2863 4478 1
216 8199 1
3750 5439 1
2893 8262 1
5254 6399 1
97 8507 1
4517 7826 1
5876 6153 1
606 4220 1
4260 8924 1
7224 9983 1
4297 8991 1
1637 1927 1
1303 6777 1
4818 7939 1
7913 8515 1
1120 5572 1
361 8738 1
1187 4350 1
531 1013 1
207 8271 1
33 4708 1
5640 9444 1
244 5120 1
7305 9009 1
108 8265 1
2005 6645 1
8287 9106 1
2965 3011 1
1845 2980 1
3546 8426 1
4957 6943 1
1090 7019 1
6479 7920 1
2692 2852 1
2504 9217 1
1532 5674 1
5088 6837 1
5862 6231 1
4833 5564 1
862 1907 1
829 5931 1
4536 7263 1
8782 9435 1
3441 4818 1
1237 8385 1
4903 7996 1
7298 9127 1
2969 5008 1
2341 5439 1
3853 4762 1
3197 9561 1
1141 5644 1
2223 5383 1
7193 8552 1
7153 7433 1
4266 7560 1
6265 8691 1
530 4709 1
6080 8911 1
6388 6812 1
8511 9507 1
3461 5820 1
68 8061 1
1057 6855 1
3283 4767 1
4470 7740 1
1660 4115 1
1011 5921 1
6388 7751 1
4247 7668 1
2661 3700 1
5921 9039 1
3075 9167 1
4407 7391 1
6148 9984 1
7 588 1
4986 8007 1
3773 5533 1
1128 9889 1
493 5177 1
2351 9109 1
2482 3176 1
3419 3500 1
2001 8730 1
94 6599 1
5075 8429 1
3671 4475 1
376 5531 1
1200 8452 1
5642 7530 1
4825 5056 1
2975 3459 1
4473 8546 1
4800 7443 1
402 5439 1
5816 8060 1
288 4371 1
7416 9482 1
6224 7885 1
5740 9004 1
699 707 1
1024 4439 1
1562 7498 1
5793 8830 1
697 6296 1
7882 8723 1
810 6173 1
2278 7668 1
5541 7074 1
820 2165 1
1594 7975 1
4278 9209 1
85 6671 1
4904 5699 1
126 6672 1
2979 5271 1
2313 7662 1
1643 3895 1
3071 8243 1
4650 8034 1
3153 8053 1
2558 4460 1
4939 5693 1
2781 6195 1
9419 9981 1
1315 5527 1
1217 2740 1
2015 9136 1
922 6764 1
4898 5103 1
4136 8752 1
7498 9672 1
1966 3767 1
6006 7783 1
4466 7166 1
2903 4845 1
4880 9435 1
1926 4368 1
2671 5276 1
1953 9197 1
5091 5683 1
3272 9815 1
192 8581 1
2742 7371 1
1187 4968 1
2594 8439 1
763 9336 1
3366 9450 1
875 9577 1
736 2817 1
7102 9857 1
5759 9754 1
6026 7654 1
5862 8943 1
1958 6508 1
1012 7596 1
4353 7639 1
3499 9979 1
776 3155 1
4800 6638 1
6873 9970 1
5006 8958 1
111 6148 1
5162 8717 1
183 5270 1
5728 9128 1
5229 8249 1
4909 6581 1
5254 9245 1
3707 7649 1
7924 8329 1
5787 9708 1
4589 5822 1
7008 8101 1
793 9336 1
2115 3085 1
914 1934 1
1758 6231 1
5496 9128 1
1883 5179 1
1066 2705 1
7423 8693 1
1052 2807 1
7975 9206 1
924 7725 1
4454 9919 1
1149 6123 1
4526 9795 1
5541 7558 1
3991 6253 1
4230 4549 1
2933 7100 1
3891 9055 1
1690 8167 1
200 2941 1
1241 6843 1
6315 8672 1
432 4230 1
638 4106 1
1310 5667 1
4818 8102 1
2659 3306 1
6521 7959 1
1865 3445 1
1758 7520 1
2856 7792 1
3924 5381 1
3263 9836 1
2146 9322 1
7416 8811 1
4761 8507 1
7438 8570 1
3431 9420 1
9475 9993 1
6526 9242 1
3159 8732 1
3002 6274 1
1965 2336 1
857 1376 1
1376 8357 1
1061 9285 1
6085 7779 1
3043 4585 1
1938 9558 1
89 3490 1
4695 5443 1
7475 9391 1
489 8305 1
2175 8747 1
597 7838 1
5007 6469 1
654 1956 1
1211 9229 1
7259 9766 1
3298 6043 1
4714 4904 1
473 7802 1
9333 9536 1
2138 3203 1
1477 3686 1
7401 8129 1
5556 6876 1
6091 7974 1
4465 5331 1
6593 9124 1
4991 6875 1
918 9357 1
4923 5428 1
5501 7354 1
852 7017 1
5317 9519 1
436 4887 1
6174 6696 1
6015 8329 1
5700 9257 1
361 4713 1
4755 9981 1
3033 5186 1
1536 4451 1
3354 9708 1
1205 9764 1
6759 9012 1
317 6858 1
2062 4497 1
7638 9920 1
577 1335 1
1810 6905 1
10 699 1
5725 7220 1
8691 9106 1
2514 6469 1
6425 8385 1
1251 8604 1
5327 8113 1
5469 6476 1
1324 4918 1
5338 7713 1
1551 5863 1
5717 9961 1
4344 9484 1
361 3558 1
7785 8253 1
5274 9391 1
2461 3051 1
4921 5331 1
3706 8446 1
1094 8778 1
3153 9960 1
569 3672 1
5670 6358 1
861 5012 1
6547 6631 1
2006 6793 1
4449 8904 1
8925 9286 1
3436 4771 1
2942 7646 1
3558 5700 1
843 2901 1
7269 8494 1
918 8902 1
6567 8976 1
77 5088 1
6527 7857 1
1107 8609 1
2492 5905 1
7891 8248 1
1561 2363 1
3775 7620 1
4754 9890 1
6287 9336 1
1211 6680 1
8738 9810 1
4189 4227 1
216 9569 1
2408 8651 1
288 5473 1
4001 4176 1
3113 5434 1
8612 8947 1
671 6177 1
6478 7591 1
1345 1957 1
4340 4773 1
1933 2127 1
393 1510 1
6833 7001 1
8885 9456 1
4486 4598 1
907 5895 1
1607 4586 1
2393 5495 1
6127 9993 1
5331 6087 1
696 2450 1
3760 7123 1
2041 5043 1
9033 9327 1
3305 9926 1
3081 4556 1
3112 3869 1
2461 6568 1
4331 7851 1
3603 6358 1
1194 3077 1
55 552 1
3706 5547 1
2632 3417 1
1238 5069 1
2255 3467 1
2953 8693 1
35 7255 1
2540 3828 1
945 7476 1
638 6013 1
3568 4270 1
4492 6641 1
3191 4320 1
5264 5400 1
569 1712 1
5869 9711 1
3002 4798 1
187 7245 1
2233 4058 1
4977 5343 1
7258 9378 1
264 8431 1
2335 5274 1
3694 7765 1
2054 9196 1
294 4109 1
2625 3535 1
1967 9951 1
675 7184 1
4 2815 1
2702 3755 1
6062 7258 1
3233 7555 1
3806 4973 1
8962 9810 1
4031 5091 1
206 2949 1
2888 3356 1
541 953 1
6635 8059 1
2213 7913 1
4570 8752 1
1956 6759 1
638 8241 1
550 6142 1
6615 8346 1
6599 9533 1
281 9889 1
5056 8618 1
3657 9172 1
3356 9998 1
7855 9610 1
16 9591 1
1573 3207 1
5007 9665 1
4513 6124 1
7412 9040 1
4726 7171 1
7047 8353 1
1870 2447 1
5828 8316 1
1103 1753 1
1605 7067 1
9284 9837 1
669 2427 1
693 3575 1
684 8185 1
1878 8165 1
592 2180 1
1595 4844 1
4239 9685 1
15 856 1
1164 5789 1
1009 8884 1
4008 8998 1
4629 5144 1
7089 7424 1
6089 8249 1
8217 9036 1
9058 9652 1
1018 1241 1
7544 8004 1
935 9874 1
4020 5036 1
4461 6499 1
8639 9668 1
5356 9795 1
179 4643 1
3121 8387 1
1581 7016 1
2599 9214 1
3070 4635 1
2124 6477 1
3961 8778 1
736 6631 1
2609 4425 1
1189 8828 1
745 4650 1
2840 8495 1
4850 9815 1
7998 9463 1
987 4937 1
3046 6119 1
4527 5375 1
1860 7720 1
1717 5722 1
4566 7023 1
1140 4398 1
813 4003 1
6031 7466 1
4405 5385 1
3792 6848 1
5862 8219 1
2432 9050 1
1558 1878 1
5658 5945 1
3717 4230 1
2948 3490 1
2793 5831 1
2280 9218 1
8694 9324 1
4888 7424 1
4585 7423 1
7052 7676 1
823 9013 1
4863 6613 1
2461 8475 1
510 7735 1
723 8782 1
21 9264 1
4460 8825 1
766 7166 1
3419 6643 1
1139 6216 1
2474 7367 1
5831 7943 1
7749 7954 1
2479 6021 1
2878 5730 1
4980 8302 1
999 3203 1
3550 9543 1
1728 3578 1
3469 6171 1
9845 9957 1
588 9496 1
910 3131 1
653 5949 1
4990 9929 1
2845 4277 1
658 6293 1
1736 8542 1
633 5482 1
4253 4940 1
3900 9548 1
1577 7731 1
1510 5755 1
2088 4271 1
562 2798 1
512 991 1
8185 8642 1
1200 3085 1
2779 2876 1
7 5959 1
7412 9658 1
5586 8647 1
9017 9172 1
3967 7737 1
4051 5930 1
3607 4950 1
4973 8420 1
1964 6864 1
2418 2870 1
1707 7962 1
174 5318 1
728 6658 1
879 9271 1
2486 3004 1
3616 3723 1
2630 3692 1
8581 8992 1
971 5827 1
4990 8774 1
1673 2901 1
3966 8451 1
2378 6854 1
1292 5653 1
15 1474 1
4437 5592 1
3070 4903 1
4331 6859 1
2027 9256 1
1903 6746 1
2274 9133 1
1861 3302 1
510 4836 1
207 8999 1
289 4867 1
3100 8128 1
3148 9108 1
2005 4929 1
4753 6178 1
1964 2676 1
6733 7067 1
7161 7514 1
2347 8830 1
2583 5165 1
6526 6774 1
3706 8877 1
1130 2450 1
2468 3872 1
3321 7723 1
1117 1464 1
3754 6824 1
1715 8738 1
894 7054 1
7460 9274 1
2652 9816 1
3017 8251 1
1709 8923 1
723 4728 1
2872 3174 1
392 9287 1
2839 7198 1
6342 9289 1
1194 4313 1
600 9990 1
2816 9658 1
607 8717 1
4772 9961 1
3767 5716 1
715 8250 1
190 5396 1
3679 7589 1
164 4175 1
16 1833 1
1387 5647 1
2595 5525 1
3060 9237 1
3380 6209 1
6046 8365 1
845 2065 1
3788 6943 1
4903 6630 1
242 8188 1
3996 7646 1
974 7548 1
5695 6041 1
6633 8310 1
2629 8677 1
7570 9388 1
211 3590 1
2654 5701 1
3270 4509 1
1883 4134 1
2075 4304 1
6387 6564 1
3436 7430 1
3183 6984 1
1016 3236 1
3275 3540 1
1143 5263 1
6500 9070 1
6777 7658 1
3162 7046 1
524 6157 1
8528 9249 1
3022 8729 1
3808 9638 1
2210 6599 1
16 1028 1
9649 9882 1
3730 7503 1
3494 4752 1
6751 7376 1
24 2609 1
6520 7443 1
6026 6154 1
591 1902 1
2939 7913 1
119 9262 1
2132 6127 1
3577 9890 1
1363 4633 1
6545 8439 1
1715 9222 1
2646 6348 1
6567 8952 1
736 2256 1
1224 9924 1
1157 7948 1
1522 3165 1
3588 9490 1
7051 8018 1
5953 7746 1
330 6449 1
3427 7852 1
2456 7163 1
1964 4449 1
2676 2965 1
8195 9574 1
2407 5958 1
4845 8479 1
1051 1486 1
5899 6170 1
4001 5091 1
3392 5764 1
293 8452 1
1434 2190 1
479 506 1
7089 8660 1
971 7384 1
1657 4679 1
1232 2995 1
1335 4628 1
6469 8952 1
6617 9604 1
7697 8516 1
3392 6703 1
2504 3797 1
995 2493 1
1115 5793 1
2607 9402 1
2832 7800 1
1927 3227 1
72 6948 1
436 1748 1
931 4171 1
2958 4906 1
1316 8708 1
2381 9998 1
6462 9851 1
77 4259 1
65 2744 1
1510 6507 1
4935 5497 1
7877 9241 1
1220 5213 1
4866 6858 1
1970 4213 1
2242 2457 1
351 8965 1
5454 6062 1
1505 3130 1
5395 6421 1
3547 5651 1
2413 5722 1
696 1271 1
4473 9758 1
1141 3607 1
2393 5255 1
5263 7433 1
4743 4923 1
1677 3587 1
271 9386 1
1802 8951 1
1993 9485 1
162 3966 1
2942 9634 1
2584 9926 1
5072 7084 1
2995 8706 1
1906 4578 1
2458 5091 1
4513 8783 1
492 9735 1
402 4557 1
6663 7639 1
6678 8671 1
3070 5066 1
2127 4173 1
4570 6284 1
6793 6931 1
1480 4362 1
3876 6627 1
1751 4825 1
2005 8125 1
3545 7052 1
451 9330 1
5683 8527 1
79 7472 1
2426 3459 1
3769 9389 1
3315 3557 1
3605 8234 1
1363 7345 1
5134 6972 1
3816 8454 1
2811 4963 1
3800 5477 1
101 256 1
3022 9347 1
5073 6504 1
5661 9118 1
5969 7019 1
881 9264 1
2715 7884 1
3142 7951 1
5925 6720 1
3504 3614 1
118 7026 1
3607 9219 1
3896 9322 1
1265 7160 1
4536 9682 1
742 2689 1
2022 4887 1
6461 8420 1
8790 9463 1
3200 8306 1
6080 7008 1
4760 8609 1
3786 7649 1
386 7191 1
288 6656 1
4106 5375 1
5556 9482 1
3843 5150 1
2822 5098 1
3099 3686 1
3090 6606 1
848 5717 1
6746 8939 1
5555 6224 1
143 9311 1
3603 6602 1
3632 5088 1
3675 6478 1
951 7535 1
4247 6115 1
835 3388 1
264 4353 1
6759 8585 1
3992 4842 1
7189 7415 1
568 3798 1
702 3798 1
6648 8754 1
485 6015 1
8981 9007 1
5600 7845 1
2926 5047 1
8430 8904 1
4569 7105 1
8051 8319 1
5396 5571 1
926 4445 1
2901 4990 1
7302 8231 1
6605 9057 1
6599 8488 1
207 1725 1
6127 9432 1
9172 9891 1
8329 8448 1
1648 8752 1
1297 3799 1
4500 9570 1
1711 6068 1
4990 9205 1
4035 9241 1
6746 8134 1
4242 7999 1
307 3999 1
3753 8774 1
2628 9153 1
630 6904 1
3978 4920 1
5555 6358 1
4548 8456 1
5572 5773 1
1327 3045 1
16 36 1
3 7156 1
5600 7040 1
1431 5088 1
4001 9226 1
3375 4068 1
2415 6012 1
573 8440 1
2746 6526 1
1860 4447 1
2753 5253 1
698 9640 1
3062 9206 1
189 5067 1
5742 8786 1
7729 8402 1
7865 9983 1
403 8968 1
1580 3117 1
2452 3046 1
7410 9588 1
4664 7476 1
4258 6788 1
2718 6171 1
3714 7856 1
653 6864 1
696 7500 1
3715 4294 1
126 4903 1
6987 8704 1
3556 9899 1
5992 7621 1
1777 4570 1
2451 9210 1
5443 8345 1
7401 9475 1
5672 5953 1
6788 8494 1
1688 3000 1
2775 7055 1
6245 6754 1
1453 7075 1
5264 7067 1
7492 8058 1
3442 7518 1
2514 3493 1
1303 1654 1
2003 5263 1
3061 3662 1
1124 9990 1
780 3010 1
2351 3502 1
2481 8456 1
2844 2846 1
3160 8744 1
7298 9131 1
562 2558 1
2480 8985 1
641 3605 1
560 1731 1
5612 9628 1
882 2913 1
2974 4797 1
551 8034 1
1437 3697 1
3634 6533 1
3198 9386 1
409 6638 1
9249 9440 1
5381 6662 1
918 6515 1
2432 5911 1
1690 4520 1
1795 6788 1
5850 9392 1
2242 5787 1
315 3970 1
153 5894 1
495 9041 1
930 8969 1
2448 3411 1
1472 4068 1
1343 1968 1
250 2794 1
4797 7550 1
2445 4803 1
5585 6842 1
853 5716 1
223 5320 1
2162 2236 1
1313 6640 1
4656 7318 1
3940 4896 1
6414 9326 1
3427 8283 1
6527 9203 1
2793 6425 1
4049 7283 1
6112 9927 1
663 6531 1
2772 9520 1
119 7599 1
561 2282 1
5497 6621 1
3346 8294 1
3160 4906 1
4695 5179 1
3986 6934 1
2381 2724 1
2451 4217 1
4323 9737 1
1345 6336 1
1245 5166 1
313 7815 1
2438 4921 1
5626 5688 1
6524 6838 1
4848 5394 1
4051 8268 1
6045 9055 1
1480 4659 1
6679 7880 1
7694 9615 1
4351 5527 1
2293 3227 1
6465 9614 1
7697 9886 1
2616 3880 1
6074 8480 1
556 5479 1
7932 8440 1
6153 9527 1
2901 4803 1
5339 6570 1
3766 6005 1
5736 6206 1
2620 8725 1
3953 9803 1
1298 3083 1
3321 8772 1
2796 5918 1
2613 4521 1
3535 6257 1
3578 7647 1
3671 3674 1
80 3648 1
696 1702 1
1888 3299 1
1845 6635 1
563 4556 1
351 3919 1
1925 4120 1
1999 4069 1
4466 7520 1
3007 7831 1
1570 1677 1
778 6615 1
2894 4921 1
1390 3961 1
2725 5112 1
2857 7483 1
4082 6776 1
4851 5826 1
2846 7324 1
2923 6790 1
715 9649 1
6735 9636 1
4068 7817 1
3856 8126 1
1141 5327 1
1003 7083 1
6037 8547 1
8738 9196 1
5918 7135 1
3941 9927 1
6639 6895 1
6847 7598 1
653 3294 1
3903 7191 1
7497 8646 1
413 9469 1
4713 6242 1
3087 3599 1
2732 5128 1
1510 3100 1
225 1312 1
2236 7930 1
5166 8439 1
8448 8841 1
6516 6680 1
2381 9974 1
1865 2510 1
1407 5604 1
6544 7947 1
5102 7865 1
1845 2797 1
3758 8880 1
885 4741 1
2335 2432 1
1805 3398 1
2720 3963 1
3126 5405 1
1397 1883 1
5352 9733 1
9435 9659 1
350 7026 1
6422 9647 1
2525 5939 1
5121 9046 1
3034 5816 1
4705 5196 1
1616 6128 1
1169 1467 1
4556 9799 1
1609 2705 1
4833 5381 1
2436 7587 1
4829 8645 1
2195 2802 1
4634 9867 1
1539 3629 1
164 8741 1
5080 6012 1
6602 9241 1
4336 8712 1
5946 7624 1
2436 4554 1
2331 7012 1
7105 9303 1
2693 3429 1
1609 7027 1
850 6975 1
795 852 1
4313 7947 1
4062 4164 1
1128 4445 1
4428 5453 1
2516 9394 1
3421 5299 1
3494 8029 1
6546 7969 1
2453 2629 1
930 7843 1
7466 8878 1
4940 8984 1
9322 9731 1
2713 4431 1
5137 7054 1
285 5072 1
896 2782 1
5111 5833 1
892 8490 1
6121 9668 1
6222 8030 1
2794 9496 1
3222 7691 1
3905 7721 1
848 1021 1
58 5066 1
101 4204 1
3294 7567 1
5784 7804 1
1126 6627 1
2815 9030 1
8020 8124 1
1103 5677 1
3140 7100 1
1483 9116 1
6152 6887 1
11 8633 1
7480 7621 1
1475 6222 1
5143 9878 1
3011 5185 1
5958 9273 1
6297 9493 1
1961 4395 1
5816 7877 1
3283 9256 1
4534 9770 1
7865 9125 1
3713 8840 1
2562 7244 1
1394 2069 1
1523 1725 1
642 6406 1
2440 5561 1
5306 6085 1
4656 8420 1
4140 5120 1
530 688 1
1550 6931 1
2539 6479 1
4449 5875 1
9189 9336 1
1861 5103 1
6009 6178 1
7817 9993 1
3989 5890 1
871 4364 1
2779 9349 1
4429 6162 1
2125 4395 1
3938 9308 1
3193 5956 1
2260 5751 1
5331 8185 1
573 9810 1
4757 6378 1
5850 6306 1
3792 4006 1
488 812 1
5672 9417 1
1786 9251 1
8828 8926 1
4635 6388 1
7412 7621 1
87 7823 1
4294 7815 1
1935 6341 1
1742 4226 1
4206 5716 1
3 16 1
665 889 1
647 5945 1
526 7870 1
1488 8281 1
4949 8426 1
7160 7750 1
164 5976 1
1929 4991 1
5031 6738 1
2054 3939 1
2742 8477 1
2680 6845 1
6171 7421 1
550 6951 1
987 7706 1
968 1048 1
926 3266 1
284 3799 1
58 9872 1
1717 2075 1
6412 7483 1
3139 8298 1
2239 3877 1
5317 9202 1
3405 6727 1
1285 6767 1
1832 9380 1
4917 5296 1
1968 4545 1
7905 9193 1
5496 5912 1
8789 8947 1
8985 9825 1
5091 8078 1
2481 6793 1
2909 5742 1
478 2702 1
2988 4345 1
4505 9674 1
2370 5464 1
1384 5433 1
1229 8528 1
769 6823 1
3551 6148 1
822 3451 1
6310 6775 1
4814 7396 1
3766 7241 1
2885 3062 1
7721 8675 1
395 9241 1
9147 9944 1
7244 8521 1
816 6265 1
5298 7216 1
4713 8283 1
926 2461 1
1323 6069 1
7546 8859 1
4941 8110 1
4268 9330 1
1739 9165 1
2128 4022 1
1187 2236 1
3832 9931 1
7065 7997 1
4157 7247 1
8059 8855 1
2880 9484 1
8365 9127 1
5416 8376 1
3214 8606 1
5870 7792 1
1474 8867 1
2436 5306 1
3881 9823 1
615 9365 1
2664 5695 1
1112 3001 1
2519 4028 1
593 8071 1
1278 2512 1
7487 9568 1
3846 9987 1
8280 9204 1
1865 2457 1
4615 7694 1
1217 9591 1
1967 3673 1
7273 9989 1
6330 7376 1
4520 6144 1
4695 6899 1
3547 9546 1
2370 2565 1
5869 7166 1
7522 7660 1
2484 5296 1
4621 7889 1
2398 7242 1
5175 9229 1
6603 7161 1
4032 7494 1
680 5572 1
4757 7935 1
4786 7175 1
541 7857 1
8350 9919 1
962 3191 1
6567 7854 1
8967 9329 1
6615 8834 1
4992 8182 1
4928 6477 1
8952 9960 1
1132 9237 1
1478 3458 1
1581 1893 1
1856 4572 1
732 7051 1
2048 4742 1
793 6738 1
1438 7442 1
1443 7786 1
352 6995 1
5403 7120 1
1592 4876 1
5640 8753 1
494 9330 1
4530 7720 1
925 7042 1
6310 9487 1
1697 9773 1
7552 8195 1
5038 7372 1
3794 5585 1
955 6692 1
2075 6723 1
5770 8984 1
1419 5106 1
1945 6842 1
9223 9268 1
5899 9394 1
35 2750 1
4515 6284 1
1822 3244 1
545 5481 1
2436 4635 1
8387 9935 1
395 2504 1
3996 4938 1
4345 9256 1
899 2037 1
4854 9133 1
525 5768 1
2679 3804 1
91 8694 1
5640 7598 1
7739 9899 1
2978 8567 1
248 764 1
3419 3614 1
1087 4717 1
91 2278 1
7492 9241 1
6994 8964 1
4903 8244 1
5278 7367 1
6623 9960 1
5527 8071 1
5188 8605 1
4737 6454 1
1012 5482 1
8513 9643 1
1251 1334 1
7422 8852 1
3227 4733 1
4070 6176 1
2097 5677 1
2892 6140 1
2362 2942 1
5691 7886 1
2434 2818 1
1938 4866 1
264 5215 1
5095 6320 1
6566 9052 1
86 6606 1
945 2166 1
587 2458 1
456 5385 1
1970 5343 1
3427 4205 1
3167 9004 1
7299 7856 1
1690 5703 1
2175 7438 1
7870 8611 1
2073 7161 1
6391 8647 1
8624 9982 1
6594 7286 1
4665 5396 1
3562 4780 1
7135 9330 1
7844 8329 1
339 6678 1
9091 9633 1
2384 7962 1
3277 5550 1
7738 8842 1
3256 8645 1
4813 8677 1
5408 5854 1
487 8993 1
3526 3810 1
7715 8858 1
3112 4170 1
993 7818 1
2621 4872 1
3075 4288 1
6308 8770 1
2025 9722 1
2591 6161 1
2457 2963 1
4036 9924 1
2966 5284 1
4213 7342 1
6787 9936 1
2971 3184 1
2936 9579 1
6135 8061 1
584 6832 1
7711 9089 1
3003 8357 1
78 8192 1
143 6335 1
7904 9669 1
2787 4760 1
7563 9376 1
7214 9222 1
37 5158 1
484 5847 1
881 9455 1
1781 5016 1
4471 7758 1
6876 9577 1
2172 6335 1
3597 4750 1
3881 4509 1
7786 9798 1
5296 9561 1
4322 7635 1
680 2002 1
3986 9406 1
3160 7378 1
4213 6187 1
4538 9919 1
3421 7153 1
2860 4642 1
3469 8887 1
3491 8646 1
2438 7393 1
1970 5827 1
2018 4555 1
2236 5946 1
9732 9763 1
2461 6064 1
7423 7652 1
6483 8720 1
1058 9882 1
2166 3672 1
3 3830 1
1409 2003 1
