5000
1735 4617 1
2465 4493 1
400 1022 1
2294 3857 1
1194 3512 1
442 2187 1
1486 4852 1
2592 2733 1
133 4061 1
2346 2677 1
1083 4812 1
73 4949 1
1540 2055 1
3164 4063 1
943 4051 1
3320 4576 1
2687 3909 1
534 4755 1
2961 4643 1
3979 4397 1
617 3477 1
2124 2456 1
1195 2959 1
3022 3606 1
632 4539 1
2656 4946 1
242 1321 1
1981 4807 1
1683 1932 1
2774 4443 1
1390 4339 1
975 1845 1
3089 3673 1
611 4951 1
3338 4377 1
2510 4720 1
1315 2071 1
2655 4320 1
2157 4043 1
244 1932 1
948 1496 1
3561 4018 1
2554 3864 1
1585 4002 1
1921 3170 1
971 3550 1
1065 3185 1
2840 4608 1
2669 4726 1
2738 4331 1
307 1291 1
4391 4825 1
1650 3057 1
1591 3416 1
632 1990 1
2024 2894 1
2182 4234 1
850 4320 1
103 2585 1
1295 4936 1
906 2909 1
1926 3490 1
128 4335 1
215 2991 1
2055 3119 1
267 2400 1
910 4721 1
1177 2621 1
1992 2016 1
729 4151 1
1661 4131 1
188 4736 1
2579 2715 1
72 2309 1
2059 4177 1
3229 3763 1
139 1841 1
942 2165 1
1212 3746 1
2354 3536 1
907 3110 1
3780 4805 1
818 3038 1
553 1077 1
580 1934 1
961 2565 1
79 4577 1
1526 2751 1
1427 4435 1
641 4280 1
74 1200 1
662 1370 1
261 1965 1
357 2427 1
200 3941 1
4360 4841 1
482 621 1
1072 4624 1
3785 4344 1
930 3228 1
857 1437 1
3038 4302 1
1092 2243 1
2636 3733 1
1278 1817 1
459 4932 1
217 2366 1
2087 4615 1
1618 2824 1
893 1602 1
1569 3871 1
145 4368 1
2015 3399 1
1426 3004 1
1911 4739 1
1486 3055 1
2850 3446 1
2375 3153 1
1141 3774 1
3354 4642 1
253 1807 1
1526 2080 1
545 3147 1
2129 4036 1
1845 4277 1
2898 3086 1
4047 4986 1
36 3620 1
1703 3820 1
3678 4365 1
1030 2788 1
2260 2425 1
3298 3555 1
1003 1342 1
1756 3831 1
1921 2178 1
2705 3980 1
370 648 1
581 3312 1
4036 4423 1
889 2152 1
4070 4192 1
765 4560 1
2743 4622 1
465 1824 1
3211 3909 1
317 2865 1
2474 4582 1
1929 2015 1
757 1824 1
1845 2317 1
148 962 1
545 598 1
2151 2774 1
1151 3791 1
1161 2035 1
1102 2394 1
807 4920 1
1798 2097 1
2463 4931 1
930 3041 1
1086 2800 1
1179 3745 1
3555 4634 1
1375 4623 1
480 3744 1
457 3760 1
4696 4953 1
1475 3514 1
2395 4423 1
3174 4161 1
2484 3714 1
2449 4659 1
476 4160 1
211 4643 1
418 3401 1
1542 2642 1
425 2128 1
242 3175 1
2243 4941 1
2593 4007 1
1657 3504 1
2846 3140 1
1462 4726 1
1168 4279 1
3463 4240 1
736 2370 1
580 1076 1
3668 4645 1
1245 1466 1
476 3355 1
383 912 1
265 4074 1
1885 2176 1
1463 4927 1
2655 4080 1
1297 2945 1
2145 4732 1
256 3207 1
634 2601 1
4436 4759 1
2063 3387 1
96 4423 1
3222 4312 1
1303 3110 1
3273 3311 1
2361 3983 1
1710 2710 1
894 1370 1
197 3916 1
2415 4219 1
386 405 1
743 2894 1
36 2278 1
3065 4486 1
974 1514 1
152 359 1
1337 4949 1
117 3556 1
526 2263 1
736 3793 1
3423 4544 1
285 888 1
233 698 1
672 2088 1
1678 4461 1
1780 3425 1
2507 4693 1
914 1971 1
2083 3584 1
2909 3168 1
531 1452 1
2296 4631 1
3447 3975 1
4035 4899 1
3104 4575 1
2465 3127 1
1014 3491 1
136 2993 1
921 1987 1
3856 4560 1
540 2295 1
292 4445 1
1835 3081 1
2329 2835 1
1188 3620 1
701 1058 1
4474 4730 1
1762 3892 1
96 4102 1
3391 3800 1
3464 3524 1
926 4559 1
1936 1978 1
1719 4195 1
2354 2491 1
2656 4519 1
1106 3214 1
1322 1526 1
2282 3554 1
1540 2917 1
686 3759 1
1957 3205 1
367 781 1
998 4031 1
110 2845 1
2114 4320 1
2840 4986 1
2790 3179 1
3825 4792 1
1165 1700 1
1368 4503 1
719 4057 1
786 2835 1
993 1593 1
454 1315 1
95 1382 1
1768 4972 1
1259 3405 1
904 962 1
449 1321 1
2529 3380 1
3273 4063 1
4743 4850 1
1410 4109 1
3273 4413 1
2383 4844 1
810 1835 1
2601 3791 1
1633 2811 1
1910 3119 1
2114 2360 1
2895 2925 1
412 3667 1
1463 1841 1
757 4833 1
397 4298 1
3127 3433 1
479 1856 1
1569 3176 1
2551 3273 1
968 2020 1
1855 4701 1
2629 4095 1
198 1055 1
1803 2067 1
3731 4486 1
602 4299 1
3310 3675 1
356 2580 1
2243 3278 1
2121 4978 1
1537 3237 1
1024 3618 1
1681 2427 1
19 4099 1
211 4269 1
1243 2201 1
1055 2150 1
272 4895 1
1783 4582 1
3037 4805 1
2338 4804 1
3181 3803 1
2479 4285 1
2470 2479 1
1845 2427 1
293 4459 1
3367 4158 1
1486 2494 1
2723 3864 1
32 897 1
2544 3367 1
3481 4445 1
4113 4133 1
200 3864 1
1218 3618 1
2159 4815 1
3704 4086 1
2243 3762 1
519 2304 1
2917 3706 1
4252 4857 1
4219 4909 1
798 938 1
1895 3429 1
176 4567 1
1387 4716 1
2020 2377 1
1863 4645 1
2228 3080 1
1400 4389 1
1718 2978 1
3113 4934 1
1454 4625 1
1701 4502 1
1730 2988 1
3753 4513 1
337 1078 1
2990 3938 1
3633 4569 1
1038 2064 1
848 1940 1
232 1442 1
1378 2105 1
4313 4678 1
540 2726 1
386 2259 1
3446 3780 1
211 4887 1
2843 3487 1
742 4523 1
317 3593 1
2 2269 1
1109 3004 1
2098 4272 1
4073 4817 1
3731 4299 1
1484 3820 1
881 3527 1
1694 3815 1
675 4590 1
1322 1957 1
3787 4581 1
148 2629 1
920 1388 1
2488 3272 1
377 3620 1
767 2085 1
433 2963 1
3414 3437 1
19 879 1
1524 4693 1
3292 3447 1
2054 4858 1
2916 4099 1
622 3774 1
2760 2805 1
580 3548 1
1968 4525 1
197 777 1
1401 1445 1
23 3630 1
711 998 1
1674 3297 1
4423 4926 1
502 4796 1
2647 4032 1
1979 2590 1
2210 4997 1
2018 4238 1
943 4889 1
1272 3667 1
2959 2991 1
3038 4038 1
820 1291 1
388 1634 1
2067 3349 1
699 3216 1
3758 4135 1
4175 4423 1
703 1645 1
4506 4937 1
3030 3581 1
738 4083 1
34 2984 1
2 1948 1
910 1342 1
1543 2975 1
507 4335 1
264 2133 1
358 1768 1
2439 3463 1
1722 2159 1
1635 2914 1
2335 2359 1
841 3807 1
1847 4490 1
2198 3027 1
465 4459 1
1841 3140 1
745 4634 1
2104 2961 1
2636 4542 1
3341 4331 1
127 4063 1
1207 2975 1
1678 1806 1
2049 4193 1
494 2544 1
3 4936 1
3831 4343 1
1654 4603 1
1327 4208 1
3442 4009 1
2507 2977 1
2305 3782 1
1420 4557 1
685 2647 1
927 4624 1
346 4120 1
4219 4990 1
141 682 1
4143 4214 1
1447 1657 1
2542 3321 1
171 332 1
539 1482 1
3446 3727 1
428 3371 1
807 3367 1
1175 1319 1
1341 2520 1
1659 2829 1
1062 4825 1
936 2242 1
500 2843 1
2358 2803 1
1218 2305 1
571 2494 1
4210 4631 1
2756 3788 1
266 2797 1
1333 1504 1
1659 1674 1
1318 1381 1
1512 4630 1
4215 4416 1
1679 4743 1
51 2993 1
12 3038 1
683 991 1
307 2397 1
1674 2305 1
3009 3456 1
945 1341 1
3697 4961 1
510 632 1
3514 3564 1
4033 4129 1
3820 4021 1
1543 4077 1
3115 3451 1
1537 2542 1
2425 3004 1
3171 4514 1
2730 3051 1
2757 4874 1
2733 4288 1
386 1885 1
1244 1916 1
1175 4031 1
1032 2033 1
2119 3836 1
2067 3646 1
1766 4472 1
504 3045 1
2353 4417 1
1195 1650 1
1368 2332 1
1932 4360 1
2746 4119 1
1648 4601 1
968 2398 1
2962 3185 1
23 3122 1
501 2932 1
2106 2446 1
400 2291 1
1580 4093 1
442 3456 1
3097 3760 1
2556 4345 1
892 3692 1
71 2008 1
580 1885 1
278 4930 1
2372 2723 1
1032 4611 1
1026 4042 1
1540 4263 1
2655 3950 1
741 4812 1
4073 4577 1
1233 2241 1
145 213 1
962 4407 1
3147 4762 1
48 280 1
1789 3812 1
2565 4033 1
2797 4541 1
445 1794 1
1924 4387 1
554 4181 1
383 4299 1
2358 4844 1
1537 4099 1
518 4874 1
2488 4321 1
401 1091 1
2310 3268 1
797 4474 1
2121 3746 1
1140 4813 1
715 1631 1
3583 4645 1
656 1209 1
69 1641 1
1911 2596 1
61 999 1
4066 4240 1
516 4023 1
2333 3228 1
144 2165 1
789 2088 1
854 4957 1
3061 4317 1
1394 2427 1
153 1877 1
1510 2787 1
2329 3644 1
904 3731 1
2005 2766 1
2215 4296 1
1839 4948 1
2441 4050 1
242 3797 1
271 2283 1
2661 3070 1
639 989 1
567 4496 1
280 4439 1
1302 1683 1
1713 4435 1
3134 3640 1
2583 4291 1
12 4624 1
485 4844 1
2417 3999 1
1914 3378 1
442 1175 1
4232 4262 1
1701 3270 1
307 4922 1
2128 4246 1
827 1925 1
454 1185 1
722 4383 1
961 2679 1
1116 3748 1
2714 4343 1
21 1303 1
2694 3876 1
211 4810 1
4041 4852 1
2819 2824 1
3414 4165 1
2347 3768 1
3259 4816 1
215 3239 1
12 436 1
4285 4431 1
2000 2906 1
370 3527 1
1292 2819 1
1563 4036 1
3161 4631 1
2127 3620 1
1664 2398 1
3083 4940 1
153 267 1
435 3363 1
2482 3030 1
389 3927 1
764 3804 1
103 1089 1
2128 3441 1
1102 3045 1
183 4990 1
3189 3831 1
2249 4899 1
1617 2178 1
2926 4360 1
135 4949 1
2824 4083 1
1032 4908 1
1139 4805 1
2047 4391 1
863 2655 1
3170 3939 1
1276 2824 1
1790 3045 1
12 570 1
68 1633 1
4491 4633 1
1132 3984 1
3428 4355 1
2905 3267 1
4315 4757 1
2751 2800 1
173 464 1
2315 3401 1
1150 1907 1
1253 3348 1
465 1804 1
2216 3395 1
1902 4925 1
3105 3678 1
1675 4919 1
4217 4757 1
2259 4381 1
1257 2127 1
1546 3950 1
4016 4474 1
2776 2806 1
3909 4762 1
731 741 1
1940 3473 1
1028 4145 1
1683 4571 1
1817 4571 1
2192 3694 1
2120 2128 1
3590 3669 1
1835 2898 1
3061 3325 1
1313 3725 1
1921 3581 1
2747 3165 1
2373 4644 1
2450 4110 1
2128 4059 1
1030 2097 1
641 824 1
1855 3900 1
4325 4424 1
275 3103 1
1136 1153 1
709 2806 1
805 824 1
2071 2370 1
2622 3412 1
1863 3360 1
3993 4974 1
149 2590 1
1934 2257 1
1194 2447 1
1642 2048 1
2916 3485 1
741 4572 1
1153 2796 1
2928 4219 1
2522 3531 1
3760 4749 1
171 1194 1
565 1313 1
1864 2807 1
1594 2165 1
2473 3265 1
2079 3900 1
630 2647 1
3040 4810 1
113 4572 1
3618 4292 1
862 903 1
1803 2689 1
1978 3444 1
680 2360 1
2674 3147 1
2756 3711 1
903 1843 1
3332 4810 1
194 1154 1
902 4624 1
482 1032 1
1939 4620 1
96 3248 1
1197 3229 1
2071 3793 1
507 2782 1
1565 1935 1
362 4121 1
591 975 1
1420 2520 1
119 4363 1
2490 4908 1
2937 3907 1
383 1965 1
3266 4348 1
827 2356 1
1734 3060 1
3334 4482 1
1391 1940 1
1392 3296 1
1175 4759 1
3367 3841 1
2446 4959 1
407 457 1
2091 2516 1
769 846 1
1804 2459 1
303 2736 1
19 2977 1
3955 4169 1
488 1735 1
345 3901 1
2246 3743 1
648 1458 1
527 2629 1
4713 4750 1
158 1042 1
21 929 1
3371 3744 1
3472 4550 1
1259 2901 1
161 2629 1
3397 4376 1
265 2228 1
507 4205 1
1221 2794 1
632 3153 1
3522 4263 1
429 3733 1
9 3147 1
3942 4068 1
2533 3934 1
2048 2953 1
927 4949 1
2644 2984 1
1439 2845 1
465 1885 1
1032 4184 1
841 4616 1
3182 4730 1
1100 3564 1
2521 2769 1
743 1048 1
1677 1855 1
2501 3056 1
900 2163 1
1170 3744 1
1541 4411 1
2782 4237 1
109 2573 1
3813 4196 1
124 2881 1
1347 2101 1
2255 3939 1
3105 4109 1
2709 4109 1
2120 3714 1
721 1824 1
3962 4669 1
1634 3447 1
942 4617 1
386 4170 1
1025 3339 1
3671 4089 1
2267 4299 1
3144 4572 1
3596 3915 1
1400 3401 1
701 3400 1
2873 4459 1
1601 2344 1
3629 4213 1
976 2292 1
862 2944 1
1624 3267 1
2916 3782 1
1324 2975 1
2253 3438 1
1418 4330 1
3756 4927 1
1175 2128 1
2384 3140 1
613 2590 1
640 4413 1
910 1830 1
2329 4372 1
769 4042 1
256 4423 1
1531 2298 1
2274 2571 1
137 3950 1
206 3555 1
880 1025 1
2135 2412 1
3418 4127 1
1171 2894 1
276 1261 1
458 743 1
1299 1359 1
3907 4291 1
1217 4932 1
1193 4346 1
205 270 1
967 4003 1
1588 4121 1
701 4823 1
1272 1606 1
1065 2067 1
3127 4486 1
343 2082 1
1594 2596 1
1556 2304 1
2476 3213 1
2187 3110 1
545 4660 1
2026 3916 1
2664 4203 1
1635 3536 1
2665 4805 1
282 2745 1
2942 3393 1
2262 3634 1
1281 4701 1
195 3500 1
3049 4953 1
1425 1447 1
127 2807 1
187 2858 1
619 2515 1
1221 4835 1
3099 3727 1
654 4953 1
1718 2608 1
4440 4888 1
4062 4713 1
1436 2895 1
4139 4179 1
741 2104 1
904 3788 1
2165 4990 1
2278 2423 1
2335 4620 1
3514 3568 1
854 2920 1
2507 2660 1
1998 4476 1
3745 3851 1
2721 4282 1
365 4045 1
1151 2510 1
216 1478 1
3820 4375 1
1109 1695 1
2865 3630 1
2294 3841 1
3056 4164 1
346 1709 1
820 4975 1
987 1705 1
4004 4088 1
169 1258 1
946 4333 1
266 4574 1
1258 3107 1
2736 2846 1
321 1248 1
1540 2978 1
3022 3590 1
274 4815 1
112 2013 1
229 3352 1
2243 3071 1
2114 4381 1
319 3245 1
138 201 1
1356 4739 1
418 2470 1
253 4877 1
2729 2964 1
2801 2840 1
4160 4577 1
498 1675 1
3638 3714 1
3242 3714 1
1003 4062 1
889 2994 1
1126 4627 1
683 4057 1
1746 3554 1
586 4124 1
2554 3498 1
123 458 1
126 4139 1
1624 3564 1
564 3584 1
2135 3514 1
4908 4978 1
584 1957 1
1076 1665 1
2349 2692 1
2665 4618 1
4850 4973 1
1319 4806 1
3208 3325 1
3273 4474 1
2910 4422 1
620 2553 1
481 4838 1
19 4026 1
2446 3914 1
3323 4187 1
2942 4495 1
3437 4474 1
1745 4217 1
2309 3801 1
350 4139 1
1000 1215 1
2361 4341 1
124 3796 1
2214 2601 1
534 2913 1
1707 2770 1
449 2805 1
149 2513 1
968 3370 1
4824 4825 1
2294 2715 1
594 4849 1
2065 3417 1
332 4849 1
671 4315 1
1769 4587 1
1375 2216 1
2052 4121 1
510 2677 1
2468 3807 1
4068 4475 1
232 4618 1
865 2087 1
2105 4105 1
578 717 1
605 820 1
2262 2776 1
3624 4784 1
214 440 1
1449 3427 1
4279 4486 1
1246 1755 1
2335 2473 1
2456 3931 1
2962 4291 1
2820 2895 1
98 615 1
863 4619 1
2773 3988 1
209 3048 1
452 554 1
2993 3762 1
474 4285 1
726 4506 1
1805 2284 1
1089 2868 1
3890 4687 1
3013 3825 1
809 3982 1
1597 2520 1
2445 4307 1
354 3587 1
2675 4769 1
3411 3871 1
1648 4902 1
4092 4205 1
680 1478 1
1979 2972 1
3524 4687 1
66 1026 1
1618 4097 1
1372 4630 1
582 3013 1
2526 3491 1
3744 4811 1
4167 4914 1
488 2597 1
2446 3727 1
1343 3111 1
1560 1648 1
3688 4687 1
2174 3039 1
1306 3229 1
1681 3106 1
1388 1541 1
266 683 1
618 2828 1
418 3706 1
154 1381 1
496 4528 1
487 1032 1
179 4070 1
3807 4355 1
1654 2757 1
3225 3441 1
2180 4493 1
4486 4643 1
773 1022 1
3482 4006 1
1931 2476 1
2868 3554 1
3013 3154 1
518 4825 1
930 4769 1
780 1038 1
365 2516 1
1237 2445 1
168 1413 1
651 2321 1
685 1151 1
4720 4823 1
96 756 1
1204 3436 1
75 4605 1
2673 4375 1
2000 2589 1
1055 3313 1
3871 4474 1
48 715 1
2884 3282 1
110 4976 1
1729 2476 1
8 535 1
218 2065 1
1281 1562 1
408 1408 1
3558 4135 1
358 2984 1
253 1470 1
3164 3457 1
1342 3908 1
2625 4869 1
1720 2548 1
1297 2445 1
2234 2769 1
79 536 1
1700 2835 1
1447 2389 1
1452 2733 1
1617 2800 1
963 4262 1
183 2579 1
185 962 1
747 2163 1
3152 4736 1
1715 2554 1
127 957 1
1935 4772 1
261 957 1
257 3467 1
55 2020 1
103 3000 1
2308 4007 1
1971 2143 1
264 2544 1
4603 4907 1
516 3519 1
677 1932 1
4028 4383 1
943 2051 1
1094 2220 1
382 4643 1
726 4453 1
2665 3089 1
1192 3694 1
3851 4871 1
3985 4871 1
1001 4099 1
69 332 1
1316 2390 1
1560 2750 1
197 3900 1
294 4772 1
3504 4517 1
2263 3967 1
1482 4156 1
3510 3773 1
4430 4682 1
1703 2812 1
2561 4563 1
498 1919 1
3364 4887 1
623 867 1
1617 2479 1
3757 4589 1
307 2324 1
1771 2165 1
4307 4467 1
141 2032 1
280 3130 1
257 3146 1
116 1975 1
2991 4497 1
4474 4580 1
1852 4224 1
1097 1847 1
2243 2510 1
2490 4107 1
843 1149 1
3325 4908 1
346 3726 1
1977 4461 1
2259 3393 1
559 4773 1
566 3500 1
2697 4558 1
3629 4538 1
715 3973 1
670 2510 1
3452 4087 1
4634 4996 1
58 4383 1
366 2284 1
1486 2315 1
1823 1900 1
630 2330 1
1149 2895 1
781 2499 1
2260 2840 1
484 3444 1
3524 4313 1
4033 4190 1
540 4507 1
1471 1633 1
275 826 1
756 1099 1
3590 3620 1
2482 2660 1
978 1700 1
499 1473 1
724 4035 1
1382 4944 1
914 3378 1
2521 2773 1
1700 1843 1
2028 2840 1
2542 3061 1
3185 3692 1
2510 4277 1
266 309 1
302 3938 1
911 4019 1
747 4554 1
3018 3929 1
26 2542 1
1342 4205 1
1099 2003 1
4059 4606 1
1483 4595 1
1080 1172 1
786 4108 1
856 4847 1
2484 2840 1
481 4411 1
138 3291 1
3386 4863 1
4542 4551 1
4431 4720 1
357 3594 1
850 2938 1
2431 3364 1
566 3179 1
103 1203 1
2067 3841 1
188 3004 1
2114 2344 1
476 1192 1
1381 3513 1
1845 1927 1
403 1845 1
3949 4572 1
1707 4437 1
1645 2805 1
1182 1583 1
1356 2702 1
2216 4314 1
1120 2425 1
187 4472 1
1983 2800 1
2506 4827 1
2119 4381 1
607 2025 1
1203 2810 1
1685 1830 1
829 1845 1
1017 4525 1
3038 3725 1
858 3714 1
3862 4926 1
2244 3864 1
3266 3360 1
3055 4079 1
3099 3597 1
683 3309 1
1657 1825 1
1106 1722 1
383 1327 1
1677 2477 1
2905 3731 1
1372 1841 1
272 1496 1
869 3472 1
270 4833 1
626 3714 1
2971 3038 1
1426 2077 1
2425 4033 1
592 1851 1
578 3673 1
3604 4644 1
1479 2088 1
1945 3581 1
599 3961 1
2518 4382 1
4037 4122 1
81 773 1
2603 3931 1
97 717 1
3154 4973 1
526 4772 1
1734 4650 1
2434 4095 1
3762 4075 1
4119 4312 1
2636 4229 1
2589 4383 1
1243 2319 1
3359 4035 1
3763 4650 1
2316 4224 1
1313 4778 1
69 2991 1
2710 3397 1
1975 3931 1
494 2231 1
2135 2900 1
215 2816 1
1011 4413 1
244 1302 1
1916 4290 1
1358 3208 1
1072 3376 1
332 2812 1
3472 4851 1
1512 2894 1
2023 3598 1
1353 2083 1
1766 2252 1
1153 3715 1
2700 3059 1
1022 4198 1
0 1292 1
794 1338 1
3046 4635 1
2182 2315 1
711 1303 1
402 3931 1
481 4224 1
2332 3013 1
773 1400 1
3161 4558 1
993 3618 1
3309 4456 1
1185 3788 1
3402 3866 1
2722 4107 1
3436 3450 1
494 1426 1
1302 2094 1
2571 4877 1
1292 4035 1
4459 4487 1
3399 4507 1
2031 4374 1
386 2243 1
3246 4642 1
619 3942 1
2747 3763 1
1728 2094 1
3808 4153 1
1227 3798 1
3909 4205 1
1920 2264 1
79 1719 1
2460 3706 1
3179 4359 1
181 683 1
1416 3670 1
40 2895 1
1561 3270 1
1356 3804 1
3788 4036 1
2494 4606 1
3364 3708 1
1932 2624 1
1097 2762 1
2051 3255 1
4135 4524 1
169 457 1
1292 4169 1
3917 4796 1
3585 4057 1
1410 4390 1
1052 4682 1
893 3871 1
415 863 1
502 3491 1
407 2665 1
3170 4000 1
2521 3554 1
1072 3055 1
2624 2743 1
1089 2470 1
1116 4293 1
4340 4525 1
1399 4389 1
3030 4370 1
225 1089 1
2021 3389 1
2344 4796 1
571 2665 1
1935 3056 1
3278 4822 1
1048 3004 1
482 4313 1
480 4240 1
2193 4785 1
1217 3944 1
448 2450 1
1955 2927 1
1700 4852 1
342 2963 1
1419 2358 1
4291 4582 1
1691 3985 1
1342 3831 1
856 4123 1
2998 3842 1
2865 4252 1
352 4031 1
2222 4560 1
1200 3374 1
1967 3287 1
1316 2768 1
3662 4946 1
582 1460 1
3486 4720 1
3769 4254 1
820 3503 1
2222 2466 1
1900 2415 1
3749 4541 1
827 3893 1
1907 4525 1
136 3221 1
329 1172 1
719 3801 1
3382 3966 1
1968 3488 1
94 3749 1
2134 4689 1
590 4330 1
1089 1799 1
2597 2878 1
111 4103 1
1409 2154 1
2124 4351 1
3667 4485 1
116 1414 1
123 141 1
1218 1805 1
1868 3607 1
632 3401 1
755 1522 1
335 4346 1
2544 2843 1
1495 4715 1
1092 1292 1
3705 3814 1
2722 4054 1
2897 4809 1
2835 3931 1
1988 4998 1
333 2179 1
1193 3037 1
1134 3396 1
261 3242 1
317 2585 1
2193 2370 1
2845 4245 1
2141 3900 1
850 3987 1
2304 3140 1
342 548 1
452 4880 1
699 4757 1
807 4290 1
3640 4866 1
493 1656 1
1017 4285 1
2474 3147 1
989 2991 1
3444 4173 1
104 3766 1
1520 2627 1
2946 3896 1
2177 2402 1
224 2370 1
2758 3845 1
583 4932 1
1338 1832 1
1601 4686 1
1821 2740 1
841 1965 1
3647 4882 1
667 846 1
187 394 1
1176 3352 1
3127 3311 1
71 219 1
945 975 1
1194 3931 1
850 4121 1
1502 1832 1
1421 1843 1
2334 4025 1
4418 4513 1
2093 4343 1
4434 4457 1
1022 1730 1
2309 4907 1
4127 4714 1
1160 3357 1
3075 3097 1
2428 3286 1
573 1345 1
1421 3132 1
856 3131 1
2819 4605 1
1274 3644 1
3975 4293 1
899 2269 1
742 3783 1
3455 4257 1
819 4003 1
1087 4949 1
292 4486 1
1319 2074 1
1900 3517 1
2330 3101 1
3188 4852 1
383 1571 1
2724 3405 1
1504 2012 1
1476 4128 1
545 586 1
2598 4205 1
769 3485 1
3411 4493 1
3041 3462 1
1401 4893 1
967 2157 1
921 1223 1
3063 4160 1
2717 3523 1
1151 1685 1
153 3337 1
1345 2490 1
2262 3882 1
257 4626 1
2165 3949 1
1817 4929 1
2514 4103 1
302 3056 1
415 489 1
611 2121 1
3718 4212 1
1803 3718 1
3659 4571 1
1728 4298 1
2128 4417 1
989 4898 1
1746 4123 1
1579 1731 1
2934 4288 1
545 4103 1
32 320 1
1835 4545 1
641 2121 1
2431 4576 1
337 4339 1
927 1172 1
2589 3472 1
2243 2835 1
1408 3165 1
382 2769 1
1072 1526 1
884 1475 1
1412 3846 1
2394 4135 1
1167 2702 1
33 2773 1
571 3580 1
62 4642 1
1442 1594 1
788 3056 1
910 3985 1
1378 3272 1
571 1486 1
1274 4612 1
116 1845 1
1864 3165 1
169 4889 1
833 4869 1
3730 4706 1
703 2544 1
3523 4413 1
1203 2867 1
1428 2985 1
2253 4788 1
2669 4474 1
1024 3309 1
1425 4407 1
1507 4217 1
923 4920 1
1131 4869 1
262 2959 1
1486 4279 1
1314 1543 1
1506 1713 1
3290 4942 1
1265 2590 1
4179 4286 1
1151 3242 1
3167 3788 1
352 3791 1
1002 3119 1
2510 4952 1
219 2858 1
2872 3089 1
1156 1492 1
2298 3002 1
97 2868 1
1512 3756 1
2050 2119 1
444 882 1
1997 4178 1
457 3561 1
116 3268 1
2907 3618 1
458 938 1
400 933 1
1322 2669 1
374 3684 1
2328 3352 1
2013 4280 1
4571 4651 1
481 2992 1
1226 3900 1
1492 4019 1
1569 3485 1
4063 4595 1
1914 4651 1
1343 1452 1
1486 2669 1
882 3686 1
1081 4835 1
996 3973 1
141 426 1
1507 3896 1
3809 4836 1
3613 4924 1
1453 4599 1
2303 4769 1
109 1642 1
97 4291 1
2658 4179 1
1486 3958 1
2000 4179 1
412 2582 1
309 949 1
1893 3558 1
435 1253 1
4024 4616 1
1737 2264 1
3831 4221 1
1 1735 1
96 4224 1
1966 3255 1
4077 4627 1
2512 3953 1
1486 2803 1
916 3404 1
2074 3727 1
2070 2265 1
69 4471 1
2629 3949 1
281 2664 1
2436 3554 1
1692 3810 1
2548 3768 1
4285 4899 1
2485 2665 1
3763 4036 1
523 2547 1
1052 1356 1
1198 3625 1
919 1766 1
1507 4380 1
1531 2522 1
743 1540 1
386 2434 1
75 4235 1
159 4872 1
1601 2702 1
1003 4473 1
1612 4554 1
1237 2425 1
1504 1988 1
4095 4751 1
943 4580 1
786 4596 1
1267 2425 1
2316 3744 1
619 2389 1
2520 2985 1
2664 4427 1
448 2507 1
1805 4171 1
480 1264 1
690 2040 1
5 1937 1
1965 3113 1
213 4303 1
3238 3386 1
146 3081 1
294 2979 1
4062 4587 1
988 4299 1
1604 2353 1
553 1927 1
3554 4531 1
1799 4514 1
2993 4494 1
4668 4747 1
1080 1794 1
1098 4817 1
136 2928 1
2419 4757 1
1766 3411 1
0 7 1
848 1794 1
1471 2739 1
3745 4075 1
2442 2647 1
2502 2698 1
310 2118 1
4654 4825 1
3949 4255 1
2352 4824 1
1554 4063 1
516 2344 1
292 2636 1
2472 2647 1
775 1292 1
2400 3710 1
552 2940 1
397 1871 1
1030 3504 1
1210 4603 1
797 1990 1
1569 4721 1
105 4099 1
1172 2806 1
444 1313 1
1698 2098 1
335 2309 1
383 4043 1
1210 2509 1
2151 4295 1
827 1990 1
1136 3499 1
2335 3823 1
382 4757 1
340 1313 1
2143 4784 1
3371 3594 1
220 3648 1
356 4475 1
2157 3901 1
818 4506 1
968 1821 1
400 2303 1
3242 4877 1
317 548 1
1072 3864 1
2990 3121 1
461 3710 1
2305 3018 1
450 1077 1
149 1903 1
378 2894 1
1298 3803 1
1420 4732 1
3273 4348 1
479 502 1
902 1359 1
332 1206 1
1987 2335 1
1368 3983 1
1442 3932 1
2446 3788 1
539 1657 1
2287 2977 1
2328 2978 1
103 1504 1
2140 2927 1
2246 2572 1
2332 2346 1
2032 2054 1
634 3772 1
2903 4764 1
1000 1089 1
2739 2855 1
325 2613 1
1101 2834 1
187 2679 1
1766 3224 1
652 3947 1
4066 4468 1
482 4667 1
769 2253 1
757 930 1
607 3615 1
1498 3594 1
2466 3985 1
532 1751 1
2629 3225 1
271 4605 1
1233 1798 1
971 1798 1
1215 4410 1
1222 3137 1
3159 3390 1
2949 3580 1
4158 4592 1
1157 3651 1
1966 3820 1
2098 3939 1
1198 1962 1
1043 4303 1
513 1859 1
1266 1342 1
617 3148 1
1042 2388 1
55 2886 1
1498 1850 1
2050 2363 1
3442 4802 1
4109 4299 1
2294 2723 1
3520 3904 1
820 3857 1
2017 4108 1
1601 1978 1
1728 4005 1
19 3579 1
2216 3005 1
12 2408 1
1937 3590 1
2054 4175 1
80 4986 1
3779 3791 1
30 3179 1
3446 3581 1
2685 2702 1
117 4272 1
3233 3473 1
244 4047 1
2460 3523 1
1013 3097 1
488 3626 1
1405 2574 1
482 3057 1
948 4550 1
2512 4063 1
1681 1691 1
1173 4668 1
804 4047 1
31 1845 1
3198 3987 1
3750 4500 1
408 1014 1
2493 4171 1
777 2574 1
2535 4582 1
1618 4910 1
171 320 1
3644 3700 1
185 3601 1
1026 4217 1
1504 4781 1
1053 2630 1
2520 3900 1
574 1841 1
1799 4140 1
2011 4962 1
1417 4223 1
2052 2519 1
940 4042 1
408 4181 1
1729 2216 1
3460 4121 1
2866 3382 1
2303 4208 1
3063 4835 1
865 1774 1
1486 4336 1
204 2257 1
1393 1893 1
1140 3699 1
3477 4825 1
2233 3038 1
929 4418 1
457 1390 1
2383 2982 1
354 3140 1
684 1554 1
1007 4459 1
1678 2412 1
1852 4285 1
482 3325 1
3298 4486 1
1381 4111 1
3730 4897 1
2575 4091 1
1537 4624 1
2263 2284 1
1339 3885 1
60 3043 1
1341 3931 1
629 3725 1
2492 3275 1
33 4603 1
1934 4445 1
1304 2551 1
1882 4285 1
1345 2360 1
2697 3680 1
852 2427 1
857 4491 1
611 1052 1
1794 4815 1
3442 4965 1
134 871 1
3410 3737 1
1845 4753 1
482 2520 1
332 482 1
2405 3814 1
634 3264 1
3882 4082 1
458 2284 1
1803 4877 1
1261 2608 1
4285 4472 1
333 1057 1
1881 3255 1
655 3737 1
2608 4523 1
1486 3665 1
4355 4652 1
592 3388 1
41 3285 1
1104 4502 1
885 1920 1
735 2161 1
435 4343 1
1113 3275 1
159 4445 1
436 781 1
742 4271 1
1356 1690 1
79 3927 1
3121 3179 1
1426 4903 1
2150 4934 1
2840 2937 1
701 3681 1
3796 4257 1
398 1428 1
19 4815 1
1187 3574 1
1610 4431 1
3998 4391 1
966 1885 1
2977 4339 1
2519 4427 1
1261 2742 1
31 853 1
1256 2398 1
1025 2465 1
1049 3990 1
348 910 1
1390 3502 1
1939 4498 1
997 4739 1
615 2193 1
389 4102 1
2589 4765 1
1560 4852 1
1510 2291 1
1267 3287 1
108 3301 1
4082 4223 1
617 2424 1
242 268 1
548 1506 1
2442 3375 1
2521 3668 1
71 386 1
139 520 1
53 1685 1
1026 2420 1
615 1388 1
3051 4772 1
1475 2246 1
2700 3791 1
2118 2123 1
3706 4474 1
841 4360 1
736 2846 1
87 4652 1
1940 3514 1
3182 4474 1
2798 3545 1
1759 2944 1
1807 3924 1
607 3375 1
1 3565 1
1282 2009 1
548 701 1
609 4360 1
363 921 1
1297 2482 1
1011 1896 1
338 864 1
1982 3524 1
2241 4916 1
109 223 1
926 4417 1
4513 4701 1
1077 4586 1
1426 2488 1
2114 3828 1
1095 4603 1
966 2503 1
1449 3411 1
868 4597 1
2545 3233 1
3487 4655 1
1655 4418 1
488 2097 1
2587 4398 1
2335 3396 1
1140 3191 1
834 3673 1
1570 2775 1
3280 3803 1
1747 1913 1
607 3859 1
1421 4372 1
3055 4624 1
1957 4352 1
1482 1615 1
695 2925 1
3694 3793 1
65 2529 1
784 2216 1
1656 2145 1
173 2062 1
732 3746 1
1551 4603 1
1919 4999 1
3758 4717 1
81 2473 1
2032 2432 1
4170 4661 1
2573 2756 1
3170 4732 1
2165 2961 1
2218 4285 1
408 3807 1
67 3514 1
1277 3438 1
2421 4994 1
1987 2258 1
2071 2895 1
3418 3871 1
916 2119 1
869 2273 1
1526 2048 1
3796 4204 1
1602 2043 1
46 4865 1
1851 2747 1
3436 4800 1
3565 4456 1
3730 4523 1
1498 4322 1
802 2340 1
3040 4985 1
656 3454 1
1287 2008 1
2629 4892 1
488 4809 1
1541 3618 1
1730 3517 1
455 2417 1
916 1314 1
2727 4646 1
310 1504 1
2316 3614 1
1588 2121 1
1173 1879 1
624 2603 1
333 4871 1
219 4769 1
1990 3040 1
2769 2778 1
1001 3465 1
378 4240 1
116 1796 1
2508 2629 1
1526 3471 1
250 2900 1
4701 4915 1
3173 3369 1
1824 3286 1
951 3132 1
975 4472 1
2145 3866 1
809 2490 1
2176 2398 1
3590 4596 1
743 1089 1
884 2260 1
1486 4580 1
1438 3600 1
778 4493 1
2956 3677 1
4844 4977 1
389 2439 1
1452 3656 1
2150 3405 1
2301 2820 1
3942 4243 1
905 1393 1
103 3923 1
2518 4740 1
4161 4546 1
1845 3708 1
300 2747 1
4334 4474 1
261 2230 1
242 1988 1
2291 2482 1
849 2400 1
899 2517 1
477 4514 1
1625 1840 1
2236 3714 1
267 705 1
346 998 1
554 1701 1
3759 4135 1
2372 3760 1
624 4160 1
3165 3396 1
1429 2867 1
1370 1506 1
1387 1675 1
1 1902 1
43 3067 1
683 1707 1
2018 3612 1
1703 4540 1
595 3580 1
242 4216 1
1541 2492 1
1341 3370 1
2433 3073 1
1032 3554 1
1949 4946 1
2205 2657 1
1687 4946 1
648 4345 1
460 2574 1
3636 4270 1
754 4741 1
102 4586 1
1000 1764 1
1043 2400 1
1418 2277 1
581 4032 1
295 1948 1
407 2189 1
2330 2544 1
1017 2118 1
289 1379 1
3783 3916 1
2596 2663 1
4025 4388 1
2800 2843 1
477 4998 1
1172 4099 1
3030 3305 1
795 4341 1
1398 3099 1
1652 1703 1
2063 3489 1
1426 2114 1
3427 3880 1
3523 3588 1
1458 4843 1
346 2421 1
2030 4480 1
2443 3895 1
3145 4167 1
2334 4891 1
104 3827 1
4546 4625 1
3940 4815 1
234 675 1
1851 4922 1
183 1087 1
3326 4363 1
435 3782 1
2359 4547 1
418 2832 1
2345 2397 1
1969 3049 1
652 4167 1
2634 3439 1
3791 4291 1
4687 4806 1
2142 3916 1
1687 4275 1
909 1729 1
2576 4373 1
2323 3927 1
1097 4409 1
1102 2309 1
445 1221 1
629 3782 1
222 2869 1
805 975 1
1342 2900 1
2862 3050 1
2984 4733 1
3321 3564 1
389 4480 1
2225 3927 1
765 4959 1
634 2032 1
3784 4759 1
1487 1719 1
253 2340 1
1103 4173 1
3202 4030 1
3587 3841 1
860 1971 1
1405 1505 1
3829 4128 1
3508 4487 1
404 2859 1
1091 1345 1
448 4097 1
609 2510 1
3031 4498 1
1137 2629 1
3196 3811 1
2735 3224 1
4603 4838 1
819 3259 1
545 1936 1
2014 3841 1
2093 4888 1
9 1175 1
53 2413 1
1667 3733 1
1684 3148 1
1388 4318 1
3061 3744 1
581 1751 1
94 4107 1
912 4739 1
3714 3750 1
1213 4852 1
1932 4539 1
519 2943 1
937 3456 1
2962 3364 1
85 4179 1
1172 4262 1
2195 4360 1
3523 4340 1
849 1542 1
2165 3205 1
2230 3600 1
743 2809 1
1302 4493 1
655 3928 1
1049 4047 1
514 2757 1
2365 4956 1
2573 3939 1
3235 4812 1
1694 3970 1
807 2420 1
638 4863 1
383 4344 1
3975 4972 1
188 3122 1
2278 4371 1
1089 2291 1
2136 2975 1
862 3416 1
36 1388 1
3774 4285 1
1907 3273 1
1296 3119 1
1314 3698 1
192 2840 1
4092 4567 1
159 448 1
458 2959 1
1017 4643 1
1094 4863 1
736 2903 1
3975 4167 1
2129 4032 1
4692 4747 1
805 1727 1
1787 3514 1
1455 2775 1
827 4869 1
598 2565 1
444 2098 1
2176 3447 1
309 1681 1
507 4140 1
1526 2776 1
857 3206 1
1694 2360 1
549 2272 1
1342 1908 1
356 1877 1
1281 3884 1
507 2046 1
3347 3793 1
699 2216 1
537 4140 1
1975 2760 1
712 4895 1
446 989 1
3744 4368 1
258 1692 1
920 1811 1
308 4438 1
1404 4075 1
860 979 1
1345 2714 1
103 4972 1
2577 2986 1
1541 4346 1
322 3555 1
623 4449 1
1342 4136 1
944 3309 1
127 835 1
512 646 1
266 1179 1
3077 4440 1
489 2914 1
1583 1724 1
320 3859 1
2622 4799 1
736 1293 1
1863 2303 1
1713 2736 1
1438 1750 1
887 4091 1
1560 3433 1
1322 4019 1
1965 4650 1
3616 4317 1
619 1832 1
624 2176 1
1628 4476 1
1769 3957 1
270 3341 1
1531 2099 1
1694 3783 1
507 2530 1
601 2165 1
413 2114 1
1810 4897 1
1911 3259 1
1656 4430 1
4047 4661 1
3601 3820 1
2397 4815 1
1487 2150 1
2463 4122 1
2984 3070 1
126 4127 1
1426 2813 1
1017 3517 1
1359 4974 1
237 1083 1
281 3075 1
2237 2624 1
1794 2054 1
827 4682 1
0 739 1
3983 4221 1
2620 4432 1
977 2182 1
1522 2470 1
2005 2624 1
3373 3888 1
904 4528 1
549 2085 1
507 1859 1
3546 4755 1
343 2367 1
2867 3154 1
520 1505 1
1877 2415 1
2422 4955 1
2083 2291 1
1203 4164 1
427 1691 1
1547 1722 1
1478 3056 1
1965 3174 1
1359 3364 1
2845 4684 1
2745 3514 1
363 4308 1
781 4821 1
1032 2188 1
2016 4802 1
482 2687 1
401 1567 1
1328 1957 1
539 3194 1
673 942 1
1070 4550 1
2477 3857 1
4277 4778 1
1687 2425 1
2347 4915 1
2722 4038 1
458 3390 1
1569 1615 1
3248 3330 1
454 3621 1
2185 4772 1
1684 3258 1
1707 4181 1
843 1861 1
653 3457 1
735 3267 1
704 1702 1
3543 4567 1
408 2872 1
3983 4839 1
3 2005 1
488 1296 1
1066 3222 1
169 2482 1
267 2990 1
3861 4445 1
53 1718 1
540 1836 1
2568 3705 1
2872 4870 1
36 3242 1
332 2072 1
1156 3273 1
824 2534 1
973 4320 1
1699 1980 1
398 3823 1
3445 4917 1
609 4043 1
3644 3814 1
2094 2509 1
137 4987 1
680 3694 1
2232 3382 1
60 1734 1
3200 3773 1
4404 4441 1
1278 2862 1
175 2246 1
2835 2894 1
2993 4234 1
362 2072 1
1981 2982 1
1313 2294 1
176 2067 1
816 4871 1
420 2427 1
922 3577 1
3367 4825 1
3744 3994 1
805 3931 1
392 1318 1
476 2709 1
1049 4291 1
483 4819 1
3038 3953 1
3567 4482 1
941 2664 1
2811 3947 1
110 292 1
17 101 1
1957 4035 1
3029 3086 1
2807 4205 1
2750 3671 1
4419 4698 1
3259 3548 1
2961 3891 1
2978 3306 1
3924 3938 1
591 1504 1
945 4476 1
1580 2772 1
3491 4056 1
3196 3384 1
312 3782 1
711 3491 1
3938 3994 1
994 3587 1
2592 3620 1
1302 1488 1
1306 1607 1
3081 3784 1
1302 4871 1
3979 4934 1
428 1863 1
2492 3389 1
1967 4507 1
396 2325 1
401 2669 1
2722 3851 1
2176 4846 1
2126 3039 1
1102 2716 1
2151 4035 1
964 2782 1
386 1987 1
2017 4974 1
1911 3235 1
1256 4472 1
175 1925 1
536 2870 1
382 2403 1
560 2675 1
550 1987 1
1585 3600 1
895 3153 1
320 4908 1
1462 4698 1
770 1172 1
639 4661 1
2845 2887 1
3268 3744 1
1715 3831 1
1285 1803 1
1092 4606 1
3500 4252 1
2824 2949 1
2775 4750 1
366 715 1
1341 2085 1
374 3050 1
962 3220 1
1316 4472 1
821 2049 1
3948 4792 1
759 3800 1
3447 3463 1
1642 3329 1
2762 3360 1
699 4688 1
1798 3842 1
626 1177 1
1725 4303 1
2052 2446 1
1021 1706 1
4662 4670 1
2449 3021 1
1101 2574 1
968 2984 1
770 4689 1
632 4755 1
3574 4335 1
1531 4787 1
1242 4684 1
3398 4109 1
452 623 1
916 1481 1
9 4749 1
174 4062 1
795 962 1
1223 1409 1
2589 4879 1
1911 3503 1
548 3714 1
1248 3159 1
1692 1887 1
2593 3308 1
2071 4135 1
2157 3909 1
4459 4849 1
3113 4475 1
2139 4269 1
549 1845 1
3699 4572 1
571 1604 1
717 1429 1
660 895 1
4025 4742 1
171 1670 1
3871 4275 1
3164 4413 1
294 3955 1
1102 2179 1
1272 2590 1
1336 3514 1
2308 4613 1
2003 4731 1
2324 4557 1
256 1569 1
168 3442 1
1854 2164 1
742 3714 1
1387 3452 1
3381 3485 1
360 3612 1
652 788 1
951 3299 1
1109 4639 1
321 2903 1
4175 4285 1
4574 4933 1
3397 4368 1
1504 4387 1
3567 4779 1
3486 3659 1
2675 4383 1
2303 2525 1
2380 2745 1
3391 3772 1
588 4536 1
889 1266 1
1166 4018 1
1791 3289 1
397 4941 1
3105 4317 1
440 3325 1
651 3545 1
219 882 1
398 3099 1
802 3714 1
449 2098 1
261 2047 1
3455 4322 1
2216 2879 1
249 3915 1
852 3427 1
477 1298 1
3212 3783 1
741 1344 1
3436 4430 1
18 1888 1
1156 4188 1
566 939 1
2419 3773 1
2386 3825 1
2023 3773 1
104 127 1
2772 4800 1
3063 3286 1
2971 3697 1
2665 4179 1
1617 4024 1
916 944 1
1151 1750 1
4315 4375 1
2830 3465 1
352 2299 1
3648 4097 1
1172 2977 1
1261 3958 1
2751 2768 1
4234 4544 1
1302 3208 1
1398 2916 1
1917 3481 1
888 3568 1
1504 1622 1
1313 2054 1
614 2053 1
72 3948 1
3716 3800 1
2017 2372 1
2143 2511 1
360 2136 1
353 965 1
2473 3554 1
1368 2865 1
1041 1716 1
2309 4651 1
1247 4036 1
3465 4339 1
3957 4801 1
335 1675 1
139 4769 1
944 1756 1
391 4990 1
589 3285 1
3725 3862 1
1141 1546 1
719 4297 1
1219 4620 1
1512 4842 1
1939 4909 1
2530 4596 1
1021 3292 1
3457 4986 1
2268 2906 1
3338 4540 1
172 2034 1
1409 2650 1
1534 1598 1
1730 2476 1
1538 1717 1
1278 3106 1
31 4431 1
977 2589 1
1498 1537 1
395 1675 1
2055 3148 1
2106 3113 1
3310 3781 1
292 3425 1
156 4318 1
4181 4239 1
4048 4649 1
2241 3688 1
580 4996 1
2824 3514 1
1659 2020 1
2488 3565 1
3365 4592 1
844 4288 1
685 3477 1
759 3426 1
1172 3595 1
2304 2697 1
4024 4413 1
2553 3401 1
2076 4910 1
3039 4957 1
307 2743 1
3865 4541 1
267 1624 1
3620 3956 1
1290 1722 1
219 829 1
21 2507 1
1939 4238 1
3056 3217 1
2354 3699 1
1543 4423 1
429 1928 1
1083 4438 1
281 3750 1
1270 2544 1
2474 4932 1
20 188 1
75 649 1
572 701 1
3610 4907 1
50 2282 1
994 2087 1
2088 4869 1
4783 4949 1
1842 4813 1
540 604 1
1823 2319 1
775 1410 1
1272 2216 1
2533 3418 1
975 3915 1
183 717 1
1461 2088 1
2120 4942 1
2097 3238 1
1708 1965 1
3788 4024 1
3086 4506 1
2802 4747 1
1093 4321 1
1876 3269 1
642 2170 1
1934 4937 1
105 4217 1
3061 3695 1
1078 4952 1
135 4059 1
480 1061 1
363 3694 1
3890 3927 1
1316 4716 1
895 2242 1
61 2016 1
3629 4502 1
195 2016 1
3090 4224 1
51 924 1
363 1950 1
1731 3803 1
975 1016 1
849 1843 1
66 1205 1
63 907 1
71 4932 1
2048 3860 1
580 4809 1
1645 1935 1
3788 4508 1
1388 4753 1
2819 4646 1
502 2674 1
4061 4108 1
2927 4179 1
3317 3610 1
2954 3558 1
1522 2474 1
79 4419 1
1556 4687 1
441 2556 1
1584 3702 1
2627 2732 1
3750 4000 1
3257 4067 1
1043 2193 1
1342 3014 1
1433 4630 1
1185 4528 1
68 2516 1
534 3255 1
17 2736 1
571 4076 1
3688 4411 1
864 2608 1
1872 3364 1
2730 4149 1
2446 4390 1
4858 4936 1
1738 4303 1
2722 2753 1
4272 4812 1
2178 4575 1
378 2341 1
185 4390 1
2526 4504 1
699 4611 1
914 2321 1
1982 3882 1
1440 1613 1
1113 1218 1
3166 4837 1
719 2984 1
736 2399 1
507 2347 1
1033 1639 1
1932 3364 1
758 1003 1
1394 2907 1
3147 4571 1
2309 3472 1
2743 3175 1
2120 3950 1
2646 3242 1
1247 3796 1
2965 2995 1
3154 3648 1
1172 1932 1
2918 4869 1
332 4170 1
564 1295 1
400 2584 1
3900 4377 1
2071 2903 1
2229 4243 1
2647 4756 1
231 3714 1
3457 3807 1
3 854 1
651 4273 1
3438 3942 1
4160 4866 1
741 1722 1
2115 2801 1
2422 3483 1
4481 4665 1
1200 3175 1
1439 1471 1
4035 4578 1
1459 4567 1
159 2656 1
897 2585 1
412 850 1
386 3601 1
3841 3931 1
1803 2283 1
1667 3176 1
957 4706 1
965 4567 1
1533 1641 1
848 1538 1
638 1728 1
249 455 1
3569 3593 1
747 4115 1
857 4475 1
2297 3730 1
1420 2114 1
773 2303 1
2464 3089 1
2627 4773 1
1089 2539 1
1968 3639 1
2102 3639 1
4060 4769 1
2799 3567 1
900 3017 1
2020 3048 1
1297 2653 1
3132 4127 1
947 4526 1
1180 2253 1
1675 2232 1
333 4074 1
223 1462 1
258 3900 1
4603 4765 1
1614 2895 1
1705 3013 1
1342 2961 1
2988 4728 1
335 2053 1
3273 4897 1
61 1292 1
1043 3079 1
2624 4451 1
1258 4953 1
659 2150 1
306 4506 1
3229 4036 1
623 3624 1
1447 4825 1
265 3916 1
2135 2193 1
3601 3800 1
753 3855 1
1065 4881 1
1805 2439 1
3679 3841 1
367 3038 1
832 2054 1
317 4614 1
3671 4138 1
1052 3491 1
1138 2511 1
854 4445 1
463 4035 1
2428 3892 1
64 2074 1
370 1592 1
356 3414 1
189 1022 1
2629 2835 1
548 4523 1
747 1700 1
1729 1797 1
858 2470 1
962 1480 1
2884 2953 1
862 4282 1
101 1151 1
1811 4431 1
1401 2466 1
3063 4766 1
3436 3816 1
3176 4643 1
862 2188 1
421 725 1
247 2824 1
358 3594 1
549 910 1
3857 4223 1
634 2711 1
1489 3225 1
1948 2985 1
1178 4272 1
908 4411 1
994 2465 1
242 386 1
3885 4177 1
1722 4335 1
1087 3595 1
854 2835 1
3546 3930 1
1175 2661 1
2201 4720 1
2984 3668 1
1659 4171 1
1804 2805 1
701 2189 1
1551 2359 1
496 2723 1
2512 2518 1
4559 4629 1
409 2727 1
223 3503 1
1258 2672 1
2632 3751 1
49 3323 1
1193 1496 1
296 3200 1
2770 4624 1
320 1342 1
1185 2544 1
1175 1856 1
4041 4824 1
2090 2421 1
1856 2190 1
326 2261 1
408 3791 1
699 2277 1
1898 2601 1
19 2518 1
1225 1569 1
2337 3402 1
2719 3504 1
2008 2180 1
1509 4711 1
4580 4701 1
1207 1902 1
4339 4989 1
1811 2016 1
518 1276 1
1256 4423 1
2811 4382 1
187 3391 1
192 1291 1
2301 4280 1
875 4731 1
3222 4101 1
199 3401 1
386 3227 1
293 784 1
2161 4650 1
850 1641 1
2565 3013 1
257 3756 1
969 4716 1
308 2755 1
1913 4521 1
1968 1976 1
2011 2612 1
1353 2612 1
715 2355 1
1544 3900 1
219 4403 1
1428 3725 1
3081 4219 1
292 717 1
27 1200 1
391 4860 1
389 4033 1
194 1313 1
2267 4645 1
1575 3371 1
2574 3075 1
3375 4292 1
1398 2920 1
1210 3623 1
20 3762 1
2542 4476 1
7 2776 1
3769 3815 1
1465 2048 1
1149 3505 1
1916 1920 1
821 3639 1
2717 3137 1
1516 1986 1
1500 3173 1
565 2895 1
788 4630 1
2407 3096 1
2434 3953 1
1020 3475 1
63 964 1
3688 3984 1
814 2818 1
505 2248 1
3061 4236 1
4291 4627 1
2442 3440 1
1998 2460 1
2125 3733 1
79 4476 1
3811 4175 1
3939 4360 1
3677 4360 1
356 4195 1
1632 4739 1
1207 3809 1
656 3706 1
38 4825 1
3171 3441 1
2011 2291 1
127 1864 1
2556 4077 1
219 4082 1
377 2978 1
975 4590 1
1338 2198 1
188 1736 1
2423 3174 1
2257 3636 1
655 1387 1
1555 3364 1
1257 4461 1
2916 3457 1
1764 4642 1
3259 3796 1
339 3975 1
1082 4056 1
4341 4474 1
1875 4631 1
1885 3067 1
122 3344 1
3603 4895 1
2 17 1
383 648 1
1401 2092 1
1110 4360 1
464 987 1
175 884 1
2721 4628 1
339 726 1
2962 4690 1
840 4657 1
126 3062 1
829 3744 1
814 1342 1
418 4560 1
694 1425 1
4299 4732 1
1420 4720 1
3705 3993 1
3364 3700 1
2932 4043 1
721 2467 1
733 1538 1
3465 4506 1
2647 4813 1
3512 3571 1
667 891 1
4243 4958 1
1650 3842 1
494 1902 1
1267 3515 1
971 4685 1
4330 4553 1
1720 3268 1
3939 4173 1
1706 4501 1
3184 4240 1
1567 1713 1
1382 3623 1
3029 4891 1
2143 2812 1
1535 4619 1
477 3022 1
43 3669 1
920 1498 1
1342 2884 1
4124 4461 1
242 1785 1
1601 1832 1
966 3536 1
381 4603 1
2220 3567 1
1342 3823 1
836 1211 1
1734 2361 1
975 2309 1
126 297 1
2937 3558 1
3381 4538 1
1909 2335 1
727 1426 1
1021 1149 1
281 1339 1
232 2386 1
1061 3931 1
3033 4959 1
1342 1729 1
4309 4749 1
514 4701 1
1436 3993 1
675 862 1
1979 2700 1
348 467 1
2397 3213 1
807 4953 1
717 2027 1
1302 4932 1
3931 4015 1
3368 4841 1
1998 4635 1
353 1750 1
2390 3173 1
2455 3568 1
514 2607 1
1646 1709 1
3308 4009 1
765 1694 1
2771 3804 1
2079 4974 1
1116 3614 1
1066 1807 1
1296 2269 1
4179 4652 1
409 2971 1
2427 4344 1
747 4656 1
1752 2485 1
2032 4754 1
862 2916 1
3121 3220 1
715 1176 1
2768 4795 1
4762 4828 1
1807 2542 1
408 652 1
2386 4878 1
388 939 1
1167 4841 1
545 2054 1
1166 4616 1
2988 4919 1
1319 1448 1
54 2756 1
2913 4745 1
1543 3785 1
1096 3096 1
257 1772 1
2917 3174 1
3378 3569 1
871 3917 1
1717 4877 1
2432 4822 1
2899 4473 1
961 3029 1
1026 1172 1
3166 4036 1
2572 3297 1
653 3815 1
2431 4755 1
643 4036 1
450 4395 1
25 3465 1
2165 3323 1
432 4755 1
1922 3565 1
824 4047 1
454 2824 1
3993 4572 1
389 3338 1
1378 4606 1
4064 4223 1
1433 4313 1
1421 2990 1
3004 4243 1
445 1957 1
233 3764 1
1016 2712 1
372 4862 1
2232 2451 1
270 4585 1
297 4688 1
1381 2810 1
2157 3031 1
1756 2872 1
408 2425 1
1929 2800 1
943 3523 1
146 735 1
1025 1835 1
1486 2230 1
679 1198 1
51 875 1
904 1316 1
2034 2035 1
1089 2759 1
4726 4850 1
1156 1537 1
927 3929 1
1734 3463 1
756 4047 1
379 1845 1
1625 3678 1
2828 3212 1
1398 4453 1
789 962 1
245 2030 1
2263 3211 1
580 4760 1
2412 2745 1
1679 3914 1
3747 4650 1
4541 4696 1
105 680 1
2321 4320 1
2071 3391 1
4661 4963 1
1361 3231 1
1832 2062 1
2365 2525 1
4175 4696 1
756 3242 1
689 2020 1
3302 4542 1
0 4427 1
91 3791 1
3833 4178 1
648 3150 1
2896 4793 1
1194 1374 1
2067 4911 1
957 4844 1
1655 3654 1
733 4547 1
3116 4917 1
39 194 1
2124 3351 1
1243 1616 1
2010 4003 1
1115 2370 1
888 3145 1
1717 4690 1
2811 3500 1
2178 3587 1
863 4778 1
1305 3433 1
281 3864 1
353 2986 1
1374 4701 1
307 2052 1
1358 3444 1
2023 3834 1
2102 4127 1
1959 2129 1
534 1462 1
769 3022 1
2020 3536 1
3355 4687 1
1708 1729 1
2747 4804 1
4187 4251 1
85 1077 1
1229 1694 1
348 3931 1
642 1934 1
4033 4723 1
213 481 1
698 2216 1
75 2991 1
2544 4071 1
2660 3465 1
1491 4481 1
2303 4359 1
457 4224 1
483 2412 1
126 3306 1
415 965 1
3338 4467 1
2460 3003 1
1390 2335 1
2294 4431 1
2772 4995 1
1982 3378 1
2121 3722 1
545 1196 1
161 267 1
145 3706 1
2738 3132 1
2130 2495 1
2634 4472 1
1302 4558 1
1541 2854 1
3385 3882 1
2699 3554 1
1399 2397 1
3171 4303 1
2945 3960 1
2176 2439 1
729 2013 1
814 3814 1
1729 4379 1
267 4584 1
1650 4436 1
1583 2460 1
2908 3677 1
2838 3847 1
1589 1716 1
123 1048 1
3414 4946 1
4133 4633 1
2249 3452 1
3193 3257 1
989 3414 1
3752 4941 1
1221 3949 1
4187 4869 1
2205 3153 1
892 3481 1
3574 3888 1
1675 3338 1
3306 4073 1
2094 4453 1
467 2147 1
1932 3344 1
81 2111 1
2835 4838 1
1381 3241 1
1250 4478 1
2466 4217 1
2743 2805 1
532 1983 1
580 2963 1
507 1172 1
386 3097 1
4005 4582 1
414 4364 1
1630 1851 1
2798 2862 1
2397 2518 1
3376 4788 1
348 3744 1
3368 4146 1
278 1470 1
1198 3133 1
788 4955 1
428 2168 1
534 2564 1
2698 3570 1
1421 3555 1
3242 3633 1
552 4274 1
1398 2790 1
1888 4869 1
1607 2375 1
2548 4915 1
1872 3612 1
1075 3268 1
2336 4470 1
937 3334 1
3056 4567 1
95 4745 1
1101 1456 1
927 3555 1
2283 2365 1
1140 4602 1
2193 3411 1
1131 2796 1
367 2400 1
849 1420 1
3901 3962 1
377 2714 1
488 1764 1
161 1369 1
1221 4567 1
80 4413 1
482 1195 1
144 2893 1
1988 2201 1
2455 4296 1
1046 4916 1
4254 4615 1
682 4639 1
4061 4974 1
69 625 1
354 3238 1
545 4526 1
440 3012 1
3523 3763 1
2723 3710 1
1462 1754 1
2015 3623 1
732 1319 1
2244 3860 1
2550 4132 1
1279 4871 1
1272 3700 1
1013 1719 1
135 1221 1
3681 3948 1
346 3885 1
821 4932 1
3097 4651 1
2309 2915 1
1342 3880 1
307 1678 1
3699 3938 1
1598 4974 1
2321 2336 1
549 2150 1
427 3850 1
284 1852 1
795 2556 1
2150 3393 1
2315 2706 1
2759 3851 1
371 1447 1
1756 4405 1
904 1910 1
963 2490 1
3485 4894 1
333 2094 1
267 3726 1
1478 3121 1
1416 2243 1
3436 4251 1
1531 2193 1
320 354 1
1426 4651 1
1025 4307 1
2518 2634 1
3798 4078 1
2991 3046 1
2204 4164 1
19 4563 1
1319 2660 1
2917 4975 1
2254 4631 1
1194 4651 1
3083 3924 1
894 1915 1
3774 4781 1
2260 3133 1
1043 1449 1
898 2788 1
2054 2476 1
1813 3353 1
507 4852 1
2742 4570 1
1752 3831 1
1506 4364 1
3248 3395 1
963 2624 1
211 545 1
33 1936 1
4410 4591 1
2047 3375 1
367 4441 1
291 1413 1
1153 2906 1
1832 4884 1
507 3697 1
2141 3949 1
442 2521 1
278 3056 1
3779 4320 1
1544 2912 1
780 1762 1
2521 4355 1
1543 2687 1
963 4852 1
959 3390 1
1745 1855 1
680 1531 1
1239 3215 1
3097 3175 1
783 4103 1
1977 4083 1
743 2984 1
1082 2450 1
4416 4732 1
1487 3667 1
1413 2405 1
91 2425 1
2907 3586 1
3396 4531 1
429 2420 1
916 2538 1
2629 3083 1
1980 4889 1
3568 4234 1
990 4150 1
742 1604 1
79 1260 1
2159 3319 1
1414 3165 1
856 4335 1
488 3939 1
42 2132 1
1836 3797 1
699 1907 1
2405 3725 1
943 3930 1
513 2656 1
36 4946 1
468 1193 1
1717 4263 1
3360 4069 1
4147 4799 1
840 4340 1
1041 3310 1
315 3206 1
1713 2427 1
1674 4916 1
2806 4018 1
3683 4291 1
2874 3398 1
4474 4820 1
3549 4476 1
1739 3998 1
797 1795 1
1635 2894 1
3555 3732 1
540 641 1
158 347 1
2305 3628 1
3931 4019 1
2437 3747 1
3595 4070 1
2898 4896 1
1475 2612 1
3957 4651 1
2000 3931 1
979 1627 1
2283 4219 1
4089 4955 1
645 3444 1
146 2565 1
1935 3886 1
1250 3783 1
591 4147 1
1478 3418 1
2197 3105 1
1393 2556 1
1048 4773 1
199 3515 1
54 882 1
781 2150 1
771 4091 1
1053 3777 1
1607 4363 1
1908 4291 1
975 4086 1
1049 4035 1
2010 3255 1
2490 3892 1
2505 3234 1
442 590 1
786 2120 1
3153 3455 1
2141 2957 1
3056 3522 1
1552 2562 1
2267 4759 1
1843 4431 1
1717 1848 1
2751 3825 1
356 442 1
1455 3568 1
1177 1345 1
3021 4817 1
2336 4714 1
777 3855 1
169 966 1
1031 2459 1
411 499 1
27 3542 1
618 3983 1
2598 4872 1
829 4395 1
619 4585 1
359 2002 1
1472 4272 1
345 3824 1
1172 2290 1
1046 3871 1
2971 4299 1
1503 3558 1
56 3132 1
403 4179 1
703 3882 1
3339 3944 1
291 4877 1
905 2296 1
1832 1932 1
2085 4098 1
113 3824 1
1123 1243 1
1852 3338 1
2299 4781 1
1001 3697 1
71 3009 1
909 4108 1
1826 3056 1
418 4056 1
1205 3877 1
3581 4766 1
1296 3241 1
2076 2800 1
1856 3056 1
995 4417 1
434 1906 1
3804 4407 1
1932 3051 1
590 4139 1
3267 4202 1
488 2142 1
1318 1845 1
103 988 1
2584 4145 1
3740 3833 1
1935 3699 1
1200 1789 1
2415 2646 1
2079 2697 1
3758 4412 1
3851 4603 1
4540 4798 1
970 4895 1
2694 3909 1
1504 4802 1
1554 4165 1
408 2913 1
333 1049 1
4036 4891 1
86 4740 1
1507 3945 1
499 937 1
2012 2360 1
109 1691 1
2984 4213 1
2503 3351 1
39 3581 1
2432 4639 1
1575 3298 1
1507 1851 1
841 1990 1
1417 3089 1
79 886 1
2596 3700 1
1271 4957 1
1274 4474 1
280 3801 1
2675 4932 1
994 3144 1
1091 4208 1
3004 3121 1
1813 2658 1
1526 3382 1
2456 3289 1
202 1077 1
1160 3032 1
933 3807 1
1612 2375 1
1722 1981 1
3093 3351 1
1659 4850 1
1855 2510 1
2944 3228 1
2135 4779 1
2770 3075 1
1551 3038 1
1378 2329 1
2706 4753 1
786 2417 1
1592 3978 1
1490 1981 1
79 1020 1
306 1965 1
1935 4317 1
1885 2510 1
2435 4640 1
3569 4569 1
1401 3629 1
1425 2525 1
1218 4676 1
3871 4153 1
356 739 1
2071 4363 1
471 1251 1
3452 4169 1
1153 3500 1
4095 4800 1
2542 4887 1
2544 3270 1
3464 4179 1
324 2894 1
962 4871 1
580 605 1
1104 3234 1
332 1442 1
2263 3378 1
1014 1247 1
4160 4232 1
4047 4328 1
2354 4435 1
996 4990 1
4108 4981 1
2585 3779 1
2284 4605 1
555 1083 1
1210 3229 1
1212 1612 1
3047 3086 1
834 1437 1
457 1679 1
507 1042 1
496 4825 1
391 3311 1
2615 4560 1
571 1966 1
696 914 1
904 1617 1
993 2598 1
425 3080 1
244 2510 1
2231 4570 1
780 2490 1
408 632 1
2335 2449 1
2572 4082 1
1502 3414 1
1967 4682 1
2539 2629 1
3896 4293 1
976 4472 1
2528 4160 1
2674 3985 1
4580 4925 1
1185 1613 1
1981 4930 1
2574 3754 1
1094 3188 1
2451 4852 1
2088 4800 1
947 3892 1
3810 4899 1
3491 4365 1
1569 2892 1
1496 1855 1
3239 3740 1
32 479 1
2819 3154 1
2544 2949 1
1057 3656 1
631 2501 1
1226 2152 1
2193 4570 1
2088 3056 1
1761 1907 1
2721 4689 1
1136 2609 1
465 1650 1
539 4605 1
678 2697 1
332 2060 1
1469 1506 1
1247 2625 1
223 3056 1
1153 2963 1
2529 4869 1
1538 4494 1
2954 3355 1
421 4734 1
3437 4263 1
1735 2564 1
3698 4038 1
743 1752 1
545 1013 1
3378 4033 1
1871 3364 1
1160 2040 1
4875 4953 1
374 4514 1
3029 4818 1
2979 3011 1
1542 3273 1
951 2051 1
675 4627 1
2065 2267 1
365 3647 1
2583 3950 1
1115 4899 1
1492 2405 1
1218 3334 1
920 1425 1
1136 2743 1
900 1712 1
3761 4336 1
1851 1934 1
3573 4285 1
1706 3273 1
3402 4403 1
117 3703 1
224 382 1
1416 1979 1
1302 2631 1
4917 4963 1
385 2959 1
832 3648 1
4235 4377 1
71 2769 1
1659 2114 1
864 2405 1
594 2544 1
1855 3746 1
332 2544 1
1214 1471 1
2218 3017 1
3906 4286 1
816 1610 1
146 849 1
1080 1656 1
2769 4059 1
2800 3372 1
479 2190 1
1613 2119 1
2 2790 1
3181 4003 1
5 55 1
1885 3746 1
2002 4331 1
1835 1939 1
683 2370 1
3782 3819 1
4487 4574 1
4165 4523 1
3021 3906 1
194 866 1
516 917 1
596 4818 1
4047 4275 1
3851 4363 1
1915 2992 1
2768 3433 1
2344 3105 1
1585 2299 1
2495 2520 1
947 3705 1
2445 4096 1
788 2894 1
153 2154 1
223 641 1
566 4952 1
3464 3671 1
1227 3880 1
3004 3686 1
1056 1554 1
1076 4650 1
1823 3352 1
3225 4035 1
2182 3470 1
463 1575 1
844 4650 1
2136 3475 1
1149 2253 1
46 1637 1
2568 4795 1
3430 4036 1
623 1648 1
2694 4153 1
555 4897 1
975 3793 1
1845 2895 1
4423 4642 1
2625 3235 1
581 641 1
257 3927 1
2216 2249 1
1758 4589 1
46 482 1
1878 3193 1
269 719 1
2397 3758 1
4028 4493 1
2398 4360 1
1322 2157 1
18 4291 1
1245 1910 1
1049 1998 1
1092 2634 1
813 3219 1
1885 2270 1
899 2993 1
2230 4934 1
3267 4930 1
3471 4171 1
1496 1936 1
1104 2055 1
2267 2722 1
434 540 1
904 1243 1
14 1674 1
1292 2291 1
333 3871 1
1470 3317 1
200 3527 1
386 499 1
3500 3569 1
1198 2629 1
3732 4858 1
477 3246 1
1433 4374 1
1856 2979 1
267 3409 1
2424 2682 1
1421 3990 1
2993 3364 1
708 1839 1
3211 4755 1
482 1496 1
3042 4946 1
1711 3914 1
245 3246 1
4063 4217 1
3686 4459 1
914 1126 1
1991 4493 1
3300 4423 1
1729 4493 1
144 161 1
715 916 1
1843 2528 1
247 4231 1
2750 4895 1
1597 2472 1
2421 3673 1
1729 2399 1
975 4411 1
2029 2102 1
329 3482 1
2071 2513 1
1426 3529 1
3364 4192 1
4140 4413 1
409 1906 1
2159 4962 1
4408 4578 1
709 1794 1
408 2620 1
1574 3750 1
1180 1379 1
2680 4849 1
4175 4757 1
3564 4603 1
3302 4603 1
1049 3555 1
228 1871 1
1310 1610 1
613 2436 1
1516 3930 1
4341 4645 1
3625 4475 1
2156 4290 1
3795 4886 1
727 2723 1
598 4033 1
753 1692 1
448 1056 1
1478 2133 1
1495 1548 1
1610 2252 1
166 1343 1
1969 4814 1
1950 4572 1
1200 4074 1
1642 1975 1
1554 2128 1
1247 4829 1
250 3673 1
1387 3119 1
1019 1969 1
1151 2088 1
1927 2309 1
3038 4506 1
1140 3427 1
1353 4474 1
2271 3058 1
94 1066 1
2534 2879 1
2281 2433 1
1971 3705 1
388 2452 1
1644 3310 1
555 4844 1
2511 2895 1
971 2278 1
1237 2397 1
2858 4696 1
1989 2032 1
2048 2612 1
520 1066 1
2228 3711 1
3460 3983 1
2243 2299 1
2573 3931 1
1138 2576 1
1719 4773 1
440 3931 1
400 2812 1
1885 4661 1
2515 2613 1
739 3217 1
71 2529 1
1101 3798 1
772 2576 1
534 718 1
2982 3927 1
2450 4066 1
2405 2603 1
2690 3526 1
775 780 1
392 2705 1
2726 4122 1
3076 3188 1
2895 4308 1
670 3588 1
1165 3567 1
2025 4425 1
1097 2120 1
2148 4266 1
13 965 1
1551 3229 1
3056 3071 1
3953 4750 1
1804 4025 1
2352 4796 1
2398 2697 1
2712 4550 1
799 2439 1
2892 3205 1
1233 2896 1
146 4476 1
1665 1772 1
2757 3919 1
465 1223 1
580 4179 1
4075 4874 1
759 2609 1
3916 4063 1
382 407 1
518 1207 1
1635 4350 1
3985 4018 1
1502 4760 1
1032 2367 1
4153 4541 1
354 3620 1
1940 2892 1
2358 3405 1
936 2255 1
2436 3473 1
529 1342 1
615 1116 1
219 4334 1
2875 4274 1
1644 1968 1
3273 4320 1
1212 3442 1
1217 1342 1
3323 4033 1
40 1716 1
1965 2898 1
553 1712 1
609 1055 1
1811 3370 1
245 778 1
317 654 1
1793 3730 1
2302 3607 1
257 3232 1
408 3401 1
821 3570 1
3317 4753 1
951 2108 1
994 3498 1
25 3636 1
153 3821 1
667 4042 1
402 4525 1
63 895 1
4144 4912 1
3803 4619 1
1487 3781 1
3093 3705 1
388 1594 1
687 4105 1
613 1712 1
2862 3957 1
1284 3048 1
2067 4248 1
332 2601 1
4270 4620 1
968 4505 1
209 3699 1
756 3868 1
871 4572 1
74 1030 1
3699 4804 1
1304 1421 1
1706 4619 1
2000 2622 1
1306 4685 1
1676 4218 1
3447 4179 1
80 3669 1
990 2170 1
1805 3285 1
831 1359 1
1507 3628 1
691 4762 1
383 445 1
2573 4362 1
1200 4639 1
200 738 1
2347 4773 1
1409 4224 1
2572 4891 1
2126 3084 1
104 4413 1
1050 4291 1
1812 4614 1
1843 3927 1
4541 4867 1
1025 4234 1
2048 4332 1
1356 2304 1
3398 4825 1
1593 4691 1
418 3418 1
116 4773 1
709 2843 1
3119 3316 1
1353 2356 1
1998 3814 1
46 3438 1
1988 4035 1
4054 4698 1
680 2263 1
1313 3896 1
442 3603 1
1950 4682 1
2788 3337 1
23 1175 1
2170 4456 1
1470 1601 1
215 1345 1
3056 3502 1
933 4779 1
3147 3620 1
1937 4635 1
2850 4565 1
245 3624 1
2688 3456 1
3083 3985 1
545 4266 1
2465 2660 1
1716 2542 1
2037 3122 1
1462 4877 1
1137 2865 1
2527 2757 1
736 2521 1
2862 4925 1
1420 4651 1
4412 4540 1
2230 3702 1
96 2346 1
786 1295 1
1751 3667 1
1441 4939 1
1725 2254 1
345 3804 1
329 827 1
1101 3558 1
865 4779 1
2601 3056 1
116 719 1
281 786 1
2239 2825 1
568 3445 1
1855 3616 1
148 3825 1
2558 4298 1
2518 3179 1
2117 2835 1
437 895 1
1251 1408 1
449 720 1
528 1013 1
457 2301 1
1338 4036 1
1028 3056 1
1480 2399 1
826 3861 1
447 3276 1
4437 4731 1
3349 3457 1
2533 3837 1
943 1413 1
1151 4560 1
312 3990 1
554 3523 1
2111 3555 1
3766 4684 1
3783 4099 1
281 3364 1
1876 3688 1
2359 4596 1
1247 2174 1
599 2892 1
1089 4971 1
822 4627 1
1966 2800 1
383 1547 1
2809 4243 1
715 4006 1
0 1028 1
813 3760 1
493 4344 1
1845 2631 1
448 1568 1
1709 3524 1
2481 3781 1
1347 2354 1
2288 4140 1
3083 4603 1
1680 4634 1
2079 4905 1
854 916 1
1922 4167 1
1149 4217 1
732 2616 1
2215 2699 1
1695 4915 1
3338 3967 1
397 3831 1
672 1784 1
2600 4203 1
1172 3827 1
1463 2313 1
3 4843 1
3045 4095 1
2867 4732 1
2629 3628 1
1089 3011 1
3885 4486 1
476 2030 1
1035 3714 1
2518 3797 1
1347 2488 1
2406 4495 1
3638 4959 1
2370 2586 1
1668 2314 1
3037 3049 1
420 3037 1
3952 4368 1
2071 2704 1
1078 4700 1
1238 4423 1
708 1225 1
317 1569 1
955 1102 1
3464 4964 1
1888 4690 1
2796 4276 1
1342 3433 1
1393 1678 1
1594 3654 1
516 4788 1
966 1052 1
621 3269 1
2302 3367 1
335 431 1
311 3228 1
2216 2253 1
4815 4877 1
1083 2926 1
2948 3865 1
2421 4348 1
3857 3861 1
276 359 1
3225 3584 1
3782 4441 1
1982 4651 1
3174 3804 1
2341 4769 1
971 4563 1
2731 3234 1
1104 2059 1
2165 4893 1
2141 4307 1
2399 2845 1
1089 2690 1
356 853 1
448 1381 1
1101 2700 1
2379 3317 1
2114 3800 1
3234 3831 1
1706 2285 1
1530 2059 1
578 1612 1
4605 4612 1
2692 3255 1
3999 4802 1
1036 4153 1
2182 3153 1
1497 3050 1
1470 4610 1
1645 4611 1
2013 3317 1
1713 4745 1
2828 4432 1
1601 2060 1
692 2249 1
721 735 1
1206 2470 1
2879 3616 1
1824 4734 1
274 3429 1
2612 4026 1
2751 4370 1
682 1911 1
1184 3061 1
2156 4160 1
1094 4107 1
3069 4652 1
87 3953 1
1522 3056 1
2769 4360 1
1233 2953 1
1534 2127 1
333 976 1
1864 3759 1
3765 4355 1
580 853 1
0 2264 1
494 3553 1
3630 4130 1
1092 4411 1
4165 4474 1
32 4431 1
1967 3857 1
775 2260 1
1167 1552 1
243 3153 1
3257 4299 1
2087 2461 1
573 813 1
4075 4931 1
4050 4874 1
1698 2127 1
435 4262 1
3456 4135 1
207 3092 1
223 592 1
3151 4438 1
1261 1722 1
3793 4844 1
976 2492 1
458 4781 1
3090 4135 1
3070 3668 1
1215 1727 1
4155 4644 1
975 3960 1
2740 2975 1
2253 4577 1
1900 2769 1
3187 3694 1
3625 4829 1
480 3200 1
731 4539 1
2205 2816 1
2047 3196 1
687 3678 1
2811 3565 1
583 2574 1
1895 2775 1
1428 4063 1
994 1327 1
121 1173 1
2136 2837 1
40 4217 1
64 2359 1
1533 2544 1
1402 3781 1
1104 2811 1
3354 3561 1
3526 4799 1
2130 4870 1
3465 4331 1
1987 4592 1
4089 4158 1
257 845 1
372 3801 1
2309 4054 1
876 3334 1
611 3817 1
2205 2950 1
200 3694 1
370 4105 1
231 563 1
1428 3258 1
2400 4357 1
1791 4249 1
3153 3813 1
2452 4897 1
559 4916 1
961 2452 1
415 4413 1
1465 4614 1
2439 3130 1
3051 3886 1
1766 2098 1
2077 3680 1
2359 2612 1
320 4526 1
3352 3999 1
1141 3177 1
1708 2278 1
808 4465 1
1296 3465 1
4090 4867 1
1022 1950 1
3119 4178 1
276 3823 1
2134 3783 1
682 3013 1
2564 2613 1
1179 3819 1
2529 4312 1
3360 4240 1
3783 4343 1
2319 4502 1
1615 4157 1
2165 4035 1
95 220 1
1461 3690 1
4060 4062 1
2620 4615 1
836 4769 1
116 1447 1
704 1617 1
2722 2798 1
3337 3825 1
842 2490 1
781 2776 1
1465 2654 1
2263 2634 1
1872 4698 1
848 965 1
3 2859 1
2331 2768 1
917 3953 1
2450 3399 1
320 2916 1
3220 4714 1
1313 4303 1
1803 3938 1
172 1705 1
2665 3179 1
655 1859 1
717 3491 1
846 3147 1
887 3148 1
188 3147 1
1655 2727 1
1657 2773 1
1707 2136 1
3035 4560 1
294 540 1
1061 1207 1
937 3615 1
621 4318 1
3097 3159 1
4475 4946 1
2596 4863 1
366 3045 1
857 4036 1
598 1301 1
1172 2327 1
552 4339 1
786 2291 1
1603 4765 1
409 2341 1
2225 3765 1
2201 3179 1
480 4436 1
1703 2902 1
3564 4099 1
1313 1404 1
998 2332 1
988 1644 1
397 1176 1
1482 4596 1
1845 2204 1
1342 1583 1
348 3354 1
678 4986 1
215 3764 1
1419 4432 1
1474 4139 1
2709 4874 1
2690 4632 1
2432 3842 1
386 613 1
1368 3154 1
110 4879 1
3766 3802 1
3822 4865 1
868 4679 1
1258 4864 1
401 3523 1
2259 3483 1
1213 3401 1
2824 3669 1
936 4032 1
216 4874 1
937 2944 1
233 1845 1
126 3668 1
924 3648 1
2697 4998 1
111 4299 1
3426 3895 1
3029 4424 1
2700 3202 1
242 968 1
795 2837 1
719 3781 1
1302 1887 1
2959 3089 1
2284 3674 1
1900 2745 1
476 3242 1
4002 4004 1
719 1687 1
1845 4916 1
1695 1939 1
4286 4702 1
2824 4153 1
1200 2899 1
2879 3860 1
2464 3618 1
850 4772 1
2751 4614 1
3871 4645 1
2456 2976 1
488 4541 1
4277 4774 1
303 2509 1
3028 3552 1
31 1821 1
187 2334 1
1057 1436 1
9 1281 1
1774 4460 1
1507 4116 1
1043 2669 1
1426 4127 1
2916 2937 1
3473 3794 1
2024 2541 1
864 2145 1
377 3747 1
1089 2263 1
497 4603 1
1687 3121 1
658 764 1
1156 4424 1
920 3393 1
4063 4949 1
3825 3845 1
395 2232 1
2473 3656 1
1198 2556 1
1717 3121 1
1538 2624 1
1541 2895 1
127 2417 1
519 955 1
161 1247 1
2303 4184 1
3179 4986 1
1611 2321 1
73 87 1
821 4676 1
2808 4292 1
3248 3810 1
2344 2845 1
3512 3856 1
652 4086 1
4083 4611 1
937 2757 1
257 2244 1
2136 3081 1
3796 4554 1
360 1433 1
2405 2717 1
3276 3764 1
4158 4381 1
78 1720 1
3618 3878 1
3111 4047 1
1592 2055 1
372 662 1
3370 3749 1
1942 3373 1
457 2655 1
290 3481 1
1663 1706 1
61 211 1
1463 3338 1
1086 2634 1
821 3871 1
2400 3662 1
2075 3902 1
3370 4688 1
338 2182 1
2781 4293 1
2845 3554 1
386 910 1
703 4000 1
1754 1982 1
1585 2173 1
948 3050 1
1657 2049 1
153 1089 1
524 2722 1
3697 4120 1
457 4883 1
2150 2332 1
467 3127 1
1151 3759 1
545 3949 1
2470 2687 1
2530 2738 1
1316 3045 1
292 2722 1
1111 3579 1
2398 3750 1
2192 3093 1
1003 2733 1
135 3677 1
3175 3792 1
2516 4910 1
2750 2862 1
1242 4412 1
278 4894 1
75 2845 1
3099 3955 1
1032 4575 1
4825 4927 1
3364 4603 1
458 516 1
1426 4879 1
2105 3447 1
1267 4068 1
2726 3565 1
3927 4716 1
219 3159 1
2054 2354 1
1166 3612 1
223 4971 1
2415 4053 1
417 1804 1
4095 4650 1
598 1061 1
611 3740 1
2156 2257 1
488 4838 1
1716 3648 1
1019 4474 1
1754 4694 1
1089 1271 1
3382 4377 1
1657 1728 1
3477 4614 1
3554 4080 1
840 1856 1
909 1461 1
415 4336 1
1757 3248 1
1115 3781 1
2811 4911 1
138 4967 1
9 2867 1
2665 3773 1
2575 4819 1
322 2051 1
807 1534 1
442 655 1
529 4973 1
1280 4383 1
1287 3110 1
3745 4563 1
219 4932 1
2522 3064 1
397 3514 1
908 3464 1
2098 2736 1
3335 3352 1
491 3526 1
2543 4291 1
1046 2058 1
636 3126 1
742 1832 1
2511 3440 1
2165 2803 1
850 2304 1
3733 4687 1
4700 4853 1
1567 2295 1
545 2607 1
2386 2398 1
1453 4445 1
2468 2962 1
3342 3718 1
788 1776 1
2431 3080 1
25 4234 1
27 1863 1
651 4696 1
2753 4262 1
3505 3897 1
924 3542 1
1465 3866 1
2690 3132 1
302 4138 1
1674 2700 1
261 1104 1
1300 4179 1
1097 1376 1
2768 4893 1
172 3506 1
1835 2244 1
599 4482 1
3288 3616 1
1175 3137 1
1550 2260 1
272 3306 1
253 4784 1
924 2737 1
741 3784 1
536 4318 1
534 3491 1
2017 4328 1
96 3265 1
758 4138 1
1496 4067 1
3056 3616 1
643 2845 1
920 3153 1
1298 2547 1
267 1807 1
2182 4930 1
1311 1439 1
5 2938 1
805 3553 1
1961 3241 1
2767 4802 1
4644 4812 1
2242 2702 1
4153 4952 1
3706 4263 1
2541 2769 1
849 1758 1
308 653 1
1641 4175 1
474 3574 1
520 2229 1
2493 4391 1
2675 3119 1
3119 4853 1
2862 2945 1
2554 2600 1
1103 3718 1
2507 4474 1
1404 4612 1
2519 3545 1
480 2049 1
3970 4844 1
4234 4890 1
12 79 1
2240 2790 1
1486 2328 1
2215 4423 1
890 1516 1
284 1706 1
1550 4972 1
116 3061 1
861 963 1
527 1841 1
1332 2800 1
1430 4089 1
3801 4634 1
3038 4059 1
2021 4715 1
4349 4624 1
808 2241 1
2887 4829 1
1725 2852 1
1902 1990 1
2600 4772 1
1903 4844 1
2215 3618 1
1083 2072 1
1172 3807 1
1421 2067 1
2504 4660 1
267 4869 1
3426 3952 1
843 3524 1
1170 1667 1
3317 4948 1
2207 3915 1
488 1081 1
2508 3089 1
169 2267 1
640 1852 1
904 1898 1
1048 2586 1
2495 4732 1
1342 3063 1
5 4495 1
9 1204 1
4219 4877 1
3378 3480 1
2474 2700 1
3814 4949 1
111 4490 1
1238 3248 1
243 2165 1
2689 3793 1
51 4624 1
2230 2690 1
2495 3927 1
1038 4476 1
394 1930 1
2472 3916 1
145 4609 1
317 1683 1
2431 2572 1
2295 3465 1
397 3140 1
75 3089 1
2510 4558 1
1794 2136 1
1546 2788 1
2129 4866 1
2203 4815 1
3364 4847 1
2595 4107 1
1492 3491 1
1466 4522 1
2390 4641 1
1796 2182 1
1530 3783 1
1215 1678 1
1368 2674 1
962 1232 1
2781 2927 1
348 3224 1
1846 1895 1
504 3737 1
516 2808 1
91 1124 1
2432 3712 1
2545 2835 1
2051 2300 1
965 1099 1
795 3162 1
3902 4499 1
1101 2680 1
2544 3364 1
3447 4858 1
3137 3878 1
1404 3620 1
156 4343 1
309 421 1
1009 4030 1
1845 4302 1
1752 1859 1
2049 3543 1
219 2598 1
2246 4996 1
1845 4652 1
3714 4047 1
1494 3671 1
2243 4698 1
4139 4196 1
256 386 1
3352 3816 1
862 3579 1
87 550 1
2145 2850 1
2745 4535 1
358 4985 1
549 2301 1
1852 4668 1
1851 4443 1
2971 4474 1
371 4631 1
119 623 1
540 2373 1
309 3938 1
2303 4725 1
211 1151 1
1420 2163 1
708 1957 1
1010 3985 1
1689 4273 1
868 2589 1
833 4288 1
666 1142 1
1248 3749 1
1382 3749 1
4036 4582 1
1998 3688 1
735 905 1
1538 2949 1
2257 2636 1
1115 2065 1
275 4303 1
482 809 1
2182 3401 1
2917 3032 1
322 2779 1
3510 3546 1
836 4720 1
72 3570 1
3358 3714 1
3268 4952 1
1196 4474 1
2758 4850 1
3804 4932 1
1089 2133 1
963 3714 1
218 2806 1
378 4781 1
561 701 1
1151 3950 1
816 4603 1
613 2554 1
2373 2945 1
2665 4285 1
2269 4285 1
32 3740 1
1025 2498 1
2205 2580 1
2370 2647 1
1939 3592 1
658 1923 1
1888 3812 1
458 2801 1
1115 1610 1
215 1353 1
3783 3839 1
820 938 1
1038 2329 1
1092 2565 1
699 3802 1
516 4849 1
1617 2386 1
519 2114 1
625 820 1
3172 4974 1
2160 4476 1
3638 4215 1
0 1707 1
3097 3110 1
127 1482 1
1974 2027 1
2065 2145 1
1724 1852 1
1462 1852 1
1304 2397 1
514 2278 1
185 2776 1
916 1534 1
1151 2340 1
1698 4953 1
200 4747 1
3259 3414 1
743 4208 1
2365 2383 1
1723 2916 1
2 1729 1
1987 2962 1
1275 2002 1
1958 2032 1
11 502 1
4553 4914 1
1574 4486 1
1247 3337 1
3447 4000 1
477 2372 1
1258 2937 1
2510 2895 1
1056 1298 1
1656 2983 1
2781 3358 1
71 903 1
3159 4472 1
2284 3491 1
854 3234 1
1502 3455 1
1347 3517 1
1380 3465 1
1032 4445 1
784 4343 1
2662 4955 1
482 4944 1
516 4528 1
1285 2824 1
1009 1428 1
2332 4262 1
85 3029 1
1642 3061 1
1153 2870 1
2141 3913 1
534 1320 1
92 975 1
2576 3841 1
2601 4837 1
3673 3888 1
1426 2655 1
3038 3148 1
820 2845 1
448 987 1
849 4714 1
2399 4329 1
1022 4642 1
2335 2624 1
482 756 1
48 4436 1
1526 4175 1
1486 3056 1
2601 2743 1
1677 4344 1
876 4066 1
2162 3046 1
1935 3821 1
548 3446 1
2963 4263 1
17 3029 1
1192 2959 1
1971 2697 1
2542 3452 1
474 4436 1
571 4719 1
315 3975 1
2216 4571 1
1512 3472 1
3489 4844 1
2325 4514 1
1475 2092 1
322 1921 1
965 4242 1
3140 3909 1
3224 4546 1
1911 4874 1
2623 2636 1
310 1537 1
2452 4474 1
3174 3678 1
906 1568 1
1099 3683 1
2894 4792 1
1113 2800 1
2114 4829 1
786 2405 1
1121 4381 1
3051 3463 1
3130 3756 1
2702 4972 1
1126 1692 1
281 4340 1
152 1486 1
2220 4474 1
1394 3200 1
1591 3714 1
894 1342 1
372 2923 1
881 2800 1
2295 4998 1
53 4109 1
1750 2431 1
2230 3068 1
583 4274 1
1854 4474 1
548 2775 1
112 1656 1
2218 4936 1
3374 4624 1
2832 3109 1
1471 1703 1
1541 3196 1
348 1374 1
2427 3962 1
1775 4716 1
1448 4321 1
842 2067 1
1671 3612 1
3023 4932 1
807 3766 1
2301 4947 1
1900 4603 1
2710 3654 1
2579 4891 1
1834 3983 1
3370 3700 1
840 2344 1
3121 4127 1
733 969 1
34 968 1
4610 4964 1
3939 4759 1
1678 3628 1
520 4059 1
1650 2334 1
1089 3987 1
3432 4928 1
1118 2473 1
794 1595 1
2055 3551 1
1087 4291 1
257 4773 1
3648 4179 1
3242 3491 1
719 862 1
2434 4486 1
2083 2751 1
30 3269 1
359 3710 1
109 2781 1
2220 4153 1
857 2674 1
1175 1263 1
1861 4974 1
1104 2551 1
1589 4286 1
460 4701 1
1408 2962 1
208 1447 1
3047 3558 1
653 3783 1
3337 4825 1
937 4481 1
3477 3492 1
1852 2013 1
3552 4605 1
26 4974 1
1170 3147 1
2300 3866 1
3986 4308 1
2903 3378 1
840 4706 1
2422 2516 1
1632 4117 1
2432 4924 1
1678 2018 1
3200 3749 1
1803 4349 1
2569 3882 1
2617 4862 1
1526 3317 1
507 1648 1
64 3522 1
3238 4391 1
2577 4682 1
732 1177 1
1195 3338 1
3536 4206 1
3880 4016 1
720 3984 1
3772 3924 1
91 2470 1
528 3225 1
3492 4284 1
2263 4468 1
1048 1167 1
695 3523 1
1044 4431 1
3224 3688 1
1572 4550 1
3122 3411 1
2848 4340 1
353 3759 1
915 4960 1
1794 3616 1
1732 2738 1
1979 2615 1
1302 4847 1
4015 4567 1
1172 2522 1
2949 4772 1
4064 4459 1
1046 4103 1
2165 3909 1
408 4755 1
4291 4623 1
2434 4299 1
1193 3749 1
496 3821 1
389 1480 1
2295 4140 1
208 910 1
2470 4895 1
553 1322 1
1115 3277 1
96 854 1
127 921 1
1023 3688 1
565 4530 1
1794 3750 1
51 4494 1
1635 2939 1
4360 4736 1
2099 3797 1
2474 3859 1
3401 4249 1
1159 3360 1
216 747 1
2867 3561 1
53 2446 1
1338 2544 1
1382 2062 1
3746 4634 1
3130 3382 1
860 1199 1
294 2508 1
1832 2298 1
2331 3931 1
1115 3411 1
909 4474 1
219 3273 1
317 398 1
1318 2427 1
2790 4603 1
3244 4773 1
3813 4701 1
353 994 1
98 2165 1
1982 3346 1
1157 1728 1
1683 4218 1
2144 2361 1
1557 2601 1
1586 4285 1
1056 1087 1
2971 4799 1
2721 4624 1
1138 2617 1
1647 2494 1
2488 3110 1
1089 4418 1
4542 4702 1
1463 4070 1
699 2920 1
2564 3105 1
172 1713 1
2083 2243 1
4595 4713 1
81 4978 1
2660 4506 1
4597 4759 1
3463 3517 1
3110 4153 1
2430 4394 1
1613 1920 1
855 2278 1
2824 4698 1
2476 3234 1
962 1586 1
329 892 1
12 1185 1
3797 3928 1
2427 3722 1
1267 2572 1
1850 4650 1
3782 4559 1
3861 4852 1
4219 4560 1
743 882 1
985 2859 1
365 4871 1
843 1463 1
1106 4317 1
741 1186 1
2747 3296 1
1465 4435 1
2450 4241 1
1223 1869 1
457 4810 1
1888 2259 1
2879 3600 1
678 1022 1
2424 3959 1
624 4169 1
4306 4313 1
120 2946 1
2518 3594 1
3123 3179 1
933 3234 1
480 2700 1
559 2993 1
7 36 1
507 4523 1
1706 4847 1
777 1940 1
2700 4015 1
1461 2572 1
3620 4924 1
3558 4046 1
1486 3568 1
4624 4972 1
1502 3512 1
3383 3641 1
1421 3523 1
2176 2675 1
3478 3878 1
2215 3569 1
4006 4936 1
2421 2856 1
3276 3370 1
1459 1721 1
3222 4073 1
427 756 1
1720 4098 1
1839 2477 1
4846 4926 1
1683 1937 1
264 3744 1
1327 3241 1
2963 4320 1
619 3154 1
2587 4972 1
340 4493 1
1032 2542 1
818 1270 1
1807 2538 1
1153 4000 1
3200 3859 1
450 4257 1
2303 3119 1
278 767 1
2358 3580 1
1709 3134 1
3465 4315 1
2198 2544 1
1902 3714 1
4567 4706 1
3882 4603 1
4569 4752 1
2437 4223 1
444 1594 1
1102 3257 1
1804 3529 1
1852 2257 1
212 3688 1
1296 1810 1
3667 4018 1
1826 1975 1
2751 3228 1
480 2163 1
347 4263 1
2252 4069 1
436 1302 1
2071 4408 1
4115 4558 1
1537 4474 1
3338 4866 1
2641 3248 1
335 846 1
483 3750 1
1420 4074 1
1222 4089 1
566 4916 1
2665 4773 1
1962 3310 1
1033 4567 1
1683 2205 1
721 2760 1
3787 4850 1
3465 4799 1
1213 3222 1
1942 3597 1
2551 4644 1
2869 3233 1
1521 4506 1
32 2134 1
4121 4322 1
449 3176 1
3174 4219 1
1063 4567 1
820 4809 1
3194 4871 1
49 3242 1
3927 4456 1
24 4875 1
607 4701 1
2083 3613 1
516 2304 1
3694 4635 1
3624 4805 1
315 1267 1
3107 4286 1
2580 4769 1
2466 2977 1
592 3238 1
1297 4747 1
2119 2869 1
1105 3234 1
2094 4502 1
1426 3814 1
667 3762 1
2160 3809 1
2526 3378 1
3859 4456 1
1593 3927 1
153 1447 1
4179 4811 1
3226 4893 1
2087 4620 1
282 4486 1
4447 4976 1
571 2145 1
1856 4687 1
548 4605 1
553 4949 1
498 2798 1
104 3433 1
961 3993 1
2138 4558 1
2470 3045 1
171 1622 1
1449 2993 1
157 3444 1
2376 2629 1
683 2736 1
3931 4308 1
2722 4205 1
1641 4102 1
124 1402 1
3628 4657 1
58 3973 1
54 3265 1
1305 3779 1
516 2572 1
961 3188 1
328 2521 1
17 4322 1
108 4440 1
2358 2938 1
1353 2665 1
2373 3246 1
852 2090 1
329 4035 1
67 4035 1
611 715 1
516 3861 1
655 4205 1
113 2690 1
4075 4541 1
1678 4303 1
611 4098 1
3291 3678 1
2942 3524 1
404 4559 1
2336 3714 1
2826 3349 1
2600 3760 1
1313 4555 1
3097 4566 1
564 2747 1
3697 3807 1
727 4431 1
2702 4976 1
358 3810 1
1093 2687 1
1222 3097 1
179 3286 1
4474 4788 1
323 2661 1
3824 3925 1
4624 4732 1
3089 4459 1
2629 4474 1
824 4340 1
3931 3987 1
2028 2564 1
902 998 1
2736 3782 1
566 2769 1
1694 4381 1
1242 2005 1
3623 3992 1
591 732 1
1212 4048 1
4198 4866 1
2346 2442 1
2425 3489 1
4307 4809 1
2751 3659 1
900 3180 1
1237 2011 1
1987 3263 1
2630 3140 1
818 4279 1
3005 3017 1
2085 4737 1
259 3534 1
962 4408 1
4299 4517 1
494 3781 1
2333 2745 1
2417 3382 1
138 3365 1
3161 4819 1
2029 3273 1
1333 2257 1
1263 2427 1
3147 3608 1
705 4351 1
187 224 1
1601 2422 1
1644 3058 1
2215 3813 1
683 805 1
805 2488 1
2321 2519 1
743 1610 1
1448 4809 1
1694 1832 1
3433 3598 1
3224 4363 1
1851 3886 1
92 4659 1
1205 1267 1
1462 1832 1
696 4773 1
2798 4147 1
3291 3491 1
4280 4759 1
403 4147 1
2977 3331 1
3488 4035 1
2359 4450 1
7 1703 1
2601 3983 1
899 3038 1
1966 2654 1
2088 4337 1
3277 3973 1
962 3737 1
3718 4847 1
967 1637 1
397 4490 1
2707 4759 1
969 1683 1
267 2165 1
2405 3640 1
3371 4924 1
2894 3804 1
3768 4560 1
1185 4317 1
2521 2660 1
2446 3240 1
2236 3430 1
448 2711 1
1568 2742 1
168 1381 1
3583 3625 1
1540 1633 1
359 4332 1
624 843 1
1962 2265 1
1032 2331 1
2006 4257 1
696 4102 1
1126 2932 1
3519 3990 1
3706 3816 1
499 555 1
3785 4109 1
2319 3441 1
271 324 1
703 735 1
2488 2846 1
499 4877 1
3126 3133 1
1269 2809 1
1439 3220 1
719 4062 1
1026 3990 1
862 2835 1
2071 3847 1
187 976 1
733 3364 1
2494 3391 1
2972 3955 1
1143 3235 1
2373 2872 1
1017 4062 1
1199 1824 1
669 2790 1
719 2907 1
507 4714 1
2259 2743 1
476 2368 1
1131 1316 1
246 2845 1
4318 4864 1
4018 4572 1
57 3323 1
1194 2769 1
115 1049 1
1278 1716 1
2781 4895 1
2425 3570 1
2 4555 1
1399 3174 1
139 2574 1
736 4550 1
1935 4874 1
1852 3119 1
3433 3545 1
153 1691 1
3066 3751 1
359 1567 1
352 588 1
1291 3991 1
2740 2800 1
1026 4474 1
1908 3401 1
17 1049 1
1156 1322 1
548 4849 1
3998 4835 1
1504 2944 1
1650 2769 1
185 2703 1
2425 2765 1
671 876 1
1292 3438 1
61 4330 1
1888 4223 1
3896 4716 1
97 1543 1
2545 3998 1
4451 4938 1
3751 3803 1
2656 3048 1
2243 4572 1
832 1359 1
145 2873 1
1055 3094 1
1805 2094 1
4110 4271 1
2797 2879 1
3411 4270 1
1077 4546 1
1526 3618 1
1283 4614 1
3061 3110 1
32 4285 1
352 2011 1
3884 4840 1
983 2817 1
3364 4050 1
1101 3038 1
2677 3120 1
2926 3824 1
968 3448 1
574 1077 1
2743 4871 1
138 3930 1
1832 1981 1
3743 4985 1
1086 3854 1
4714 4893 1
2811 4224 1
1302 2920 1
1659 2403 1
2665 3086 1
824 3295 1
1185 2520 1
1694 2397 1
711 3768 1
3216 3347 1
1807 3213 1
1492 1889 1
409 959 1
3671 3927 1
519 565 1
3497 3774 1
2510 3306 1
271 3654 1
2715 2957 1
1032 4506 1
1370 3747 1
2049 4035 1
159 1319 1
1633 3568 1
1203 2294 1
853 4359 1
476 4409 1
3960 4006 1
496 1089 1
2297 4487 1
1550 4472 1
2024 3574 1
3939 4068 1
2914 4082 1
1470 3927 1
1688 3066 1
862 1038 1
519 4082 1
87 4425 1
267 3080 1
418 2495 1
12 1807 1
798 2716 1
2768 2917 1
1991 3225 1
1258 1388 1
3338 3447 1
800 4482 1
784 1505 1
2107 4339 1
781 1207 1
366 1931 1
3098 4899 1
3292 3452 1
814 4538 1
499 3214 1
2032 2071 1
561 1059 1
87 3620 1
3046 4335 1
1227 4303 1
1194 1911 1
110 1537 1
2665 4643 1
4472 4823 1
258 1408 1
1678 4360 1
2127 4186 1
2039 2087 1
1845 4473 1
3436 4089 1
1151 2564 1
103 1655 1
2541 4176 1
1787 3714 1
1425 2574 1
2520 4238 1
430 710 1
4571 4778 1
219 675 1
3727 3864 1
652 2220 1
987 2698 1
852 2281 1
2545 3140 1
1089 3914 1
215 906 1
1341 4135 1
1150 4567 1
209 2589 1
1438 2755 1
779 3873 1
1990 3268 1
2961 3176 1
267 665 1
1764 4618 1
764 1471 1
611 2195 1
400 1194 1
1219 2051 1
2895 3495 1
701 4340 1
1979 4957 1
3851 4815 1
1067 1657 1
303 1261 1
477 2380 1
2087 4490 1
2959 4419 1
1593 1703 1
280 3529 1
994 2872 1
1250 4747 1
570 2544 1
704 2544 1
580 788 1
3465 3998 1
3544 4291 1
1722 4742 1
1013 4053 1
2033 2160 1
3089 4650 1
582 4998 1
3235 4475 1
578 1092 1
3038 3372 1
4263 4917 1
1276 3874 1
1735 3634 1
2361 4850 1
2736 3973 1
788 1841 1
545 2083 1
767 4936 1
2303 4091 1
1133 2253 1
1957 3454 1
756 2303 1
1067 3885 1
95 342 1
377 3438 1
1655 4809 1
865 4690 1
3191 3772 1
2561 3568 1
895 2088 1
1813 4614 1
1471 3187 1
2052 4630 1
907 4542 1
788 3130 1
910 4059 1
2421 3157 1
1712 2468 1
776 4998 1
387 2971 1
223 4260 1
2797 3444 1
1420 3757 1
3044 3321 1
1597 2895 1
148 1642 1
549 2740 1
531 1380 1
256 1175 1
87 4372 1
1692 3132 1
534 2617 1
397 2319 1
440 703 1
1968 3188 1
2052 3825 1
398 3860 1
3231 4436 1
49 2925 1
1673 4179 1
2029 3814 1
2730 3861 1
2518 3224 1
3774 4082 1
30 3814 1
1537 4291 1
1611 4240 1
3983 4421 1
724 2690 1
2751 4334 1
1982 3594 1
2455 3060 1
1295 2664 1
3616 3846 1
4514 4996 1
832 2408 1
94 2644 1
2215 2260 1
1222 4256 1
124 3984 1
2421 4580 1
675 1643 1
1491 3892 1
1641 2146 1
653 2234 1
2772 3467 1
4506 4889 1
19 4348 1
4179 4494 1
738 4035 1
1089 2572 1
476 4035 1
507 3348 1
1271 2054 1
195 1541 1
1172 3738 1
465 3122 1
1210 4030 1
1729 4595 1
1462 4251 1
39 1967 1
2894 3056 1
1750 2439 1
2611 3899 1
3022 3241 1
66 3763 1
139 4241 1
1233 3051 1
2383 4422 1
793 1998 1
2872 4586 1
1447 1475 1
3931 4341 1
1014 1593 1
458 3590 1
518 4395 1
2051 3841 1
1104 1486 1
3364 4644 1
1177 4216 1
1292 1722 1
116 4765 1
546 3595 1
3144 3365 1
179 2835 1
566 1029 1
2859 4135 1
1754 3446 1
225 1675 1
185 4720 1
1983 3683 1
860 3354 1
672 4057 1
4605 4978 1
3122 4895 1
1216 3366 1
3112 3618 1
1055 1728 1
2751 2858 1
2566 4798 1
3302 3900 1
3371 3505 1
1394 2887 1
2253 3520 1
4345 4650 1
2344 3638 1
1906 3412 1
1252 4874 1
2520 4803 1
2811 4952 1
2126 4849 1
1715 3063 1
980 1153 1
25 3441 1
865 3832 1
3628 3669 1
1847 4121 1
1244 1384 1
526 1333 1
548 2812 1
71 1692 1
79 3273 1
1341 1667 1
880 4490 1
95 773 1
2259 4223 1
356 548 1
68 81 1
3318 3978 1
974 2812 1
1292 1401 1
887 3567 1
4474 4605 1
3871 4312 1
545 1359 1
580 3797 1
1194 1216 1
1111 3433 1
1180 3038 1
1568 4840 1
1036 3259 1
1965 2032 1
522 3977 1
580 1703 1
4224 4965 1
1416 1975 1
1032 1046 1
82 1426 1
519 1427 1
436 3644 1
2698 3465 1
3474 3686 1
2693 3121 1
2156 2916 1
626 2987 1
2759 4872 1
54 3700 1
2425 4245 1
946 4281 1
3580 3708 1
2723 3121 1
2074 2675 1
1936 1987 1
943 3983 1
2519 4257 1
8 2951 1
618 3634 1
2231 2285 1
3595 4339 1
1721 2156 1
1263 2244 1
2431 3255 1
4215 4986 1
574 4651 1
17 3013 1
3440 4586 1
1506 2352 1
832 1095 1
1341 3224 1
534 1438 1
418 1263 1
867 1089 1
1078 3753 1
2098 4334 1
1519 2183 1
755 1787 1
3690 4360 1
3774 4997 1
899 4949 1
1150 1562 1
2322 3446 1
2544 4047 1
733 1624 1
4375 4813 1
2782 2872 1
2315 3406 1
1233 1388 1
458 4021 1
1979 4396 1
3565 3668 1
1063 4360 1
1123 4411 1
4292 4936 1
2690 3441 1
281 1880 1
3104 3458 1
1065 1962 1
1140 4765 1
2282 2303 1
946 4899 1
87 1233 1
1864 3483 1
1960 3191 1
1227 4360 1
3691 4315 1
358 2635 1
1727 3370 1
4108 4603 1
356 2939 1
2246 4874 1
3383 4320 1
2165 4885 1
196 1876 1
418 3975 1
3299 4033 1
1743 4603 1
1746 4120 1
3107 4213 1
3957 4383 1
3048 4572 1
4624 4846 1
1766 2493 1
1038 4972 1
54 2358 1
4224 4912 1
463 3694 1
671 4397 1
989 3740 1
215 1902 1
672 1589 1
3478 3752 1
383 1486 1
1334 1708 1
783 2359 1
1486 4731 1
1799 3730 1
2824 3901 1
695 2889 1
855 892 1
1113 3402 1
609 1425 1
1151 3694 1
1906 3038 1
2176 2899 1
1543 2232 1
4099 4974 1
274 2832 1
188 614 1
1165 2811 1
1461 1641 1
196 2949 1
4074 4163 1
281 2498 1
2244 3218 1
2434 3315 1
1052 3284 1
564 1251 1
4299 4631 1
1718 1832 1
1292 3121 1
2472 3957 1
1137 3772 1
1092 2309 1
683 3013 1
461 4886 1
1927 3110 1
2782 3624 1
1669 3983 1
208 3659 1
1692 1900 1
219 2505 1
840 1657 1
348 2915 1
1280 2895 1
1460 1550 1
2544 3055 1
1113 4825 1
61 3208 1
1115 4871 1
2600 3337 1
1763 2840 1
2572 4672 1
46 4024 1
1583 4343 1
1368 4943 1
2519 3533 1
1313 1449 1
2181 4642 1
188 293 1
910 1217 1
2665 3708 1
294 719 1
3454 4134 1
651 3208 1
1893 4360 1
1965 4236 1
2902 4560 1
2835 3338 1
636 833 1
54 4615 1
226 935 1
1124 2839 1
3004 3524 1
2758 4057 1
1297 4487 1
2445 2779 1
1649 2845 1
2867 3411 1
4205 4833 1
3804 4489 1
2106 4252 1
2063 2835 1
1462 3369 1
1845 4827 1
723 3969 1
91 494 1
571 1885 1
2291 3601 1
4474 4849 1
621 659 1
299 4580 1
189 2722 1
923 997 1
30 1911 1
2293 4586 1
958 4401 1
3179 4413 1
3746 4268 1
481 4412 1
1988 4889 1
2000 3960 1
1145 1194 1
792 1830 1
1109 1537 1
1048 3513 1
933 1311 1
9 4575 1
792 2769 1
360 860 1
900 2302 1
356 3370 1
2178 3673 1
455 905 1
1845 4961 1
4135 4578 1
2977 4063 1
4682 4747 1
941 3242 1
1939 2344 1
540 2898 1
550 1142 1
1883 2220 1
38 967 1
2008 4551 1
2722 3140 1
3947 4685 1
3370 4115 1
4244 4871 1
352 1507 1
3364 3546 1
1964 4629 1
286 4078 1
2221 3504 1
3783 3880 1
1641 4915 1
3456 3485 1
877 3765 1
2535 4603 1
4445 4753 1
799 4074 1
292 4243 1
2510 4546 1
705 4412 1
2711 4270 1
1233 4531 1
955 1554 1
2246 4850 1
999 1102 1
627 1496 1
1024 4542 1
2961 4603 1
1488 2956 1
3790 3896 1
820 2268 1
2895 3983 1
4474 4528 1
358 1456 1
504 3725 1
1199 2072 1
2214 2309 1
1856 2601 1
3465 4486 1
428 1636 1
554 3438 1
2624 4809 1
1442 3900 1
1109 1216 1
677 1559 1
704 3382 1
1982 2309 1
516 1641 1
3932 4487 1
103 4855 1
2184 4106 1
4293 4651 1
2097 2417 1
581 2386 1
963 990 1
1656 2674 1
2578 4410 1
1399 3772 1
51 4291 1
1510 3788 1
3738 4779 1
1482 2494 1
2748 4040 1
1935 2439 1
1706 2387 1
964 1750 1
1304 2572 1
371 4619 1
1969 2208 1
3975 4318 1
219 1781 1
335 2895 1
2236 3491 1
121 4629 1
1764 4435 1
2615 3487 1
149 3644 1
2903 3927 1
2698 4461 1
3436 4390 1
2284 4821 1
111 4291 1
4035 4160 1
3374 3697 1
2355 4472 1
3121 4005 1
356 4472 1
1893 4791 1
1864 3861 1
4054 4560 1
258 904 1
621 4928 1
352 2259 1
3404 3697 1
195 3773 1
386 1089 1
377 3255 1
421 1083 1
386 4472 1
97 4369 1
1055 1598 1
2722 4242 1
3056 3364 1
933 4641 1
3274 4755 1
2025 2624 1
1032 4620 1
464 1130 1
4536 4869 1
2 4482 1
571 4410 1
2541 4611 1
138 4528 1
105 2136 1
943 3235 1
439 1258 1
1089 3060 1
3470 4293 1
2468 4483 1
1112 3421 1
124 3317 1
1871 3446 1
195 2968 1
3641 4525 1
3295 3888 1
2894 3544 1
81 3620 1
2470 3216 1
1104 3718 1
407 4544 1
1902 3698 1
3081 4309 1
292 807 1
2322 3503 1
827 1316 1
2017 4560 1
2165 4458 1
1418 3477 1
0 3789 1
545 3323 1
2485 3093 1
1420 2769 1
665 1927 1
87 3384 1
1172 4360 1
3792 3889 1
1538 1677 1
700 4550 1
568 4596 1
1932 4987 1
645 1810 1
4796 4876 1
1420 4058 1
656 3662 1
843 3488 1
1779 4930 1
1448 3073 1
2817 4747 1
2760 4213 1
2397 4161 1
1585 2031 1
2884 4279 1
2431 2991 1
2329 2714 1
736 773 1
3571 4428 1
1598 1677 1
1099 4208 1
1181 2328 1
599 660 1
2044 4423 1
534 1174 1
153 2236 1
2608 3418 1
548 2011 1
2516 3829 1
914 2334 1
2195 4942 1
540 1369 1
3747 4630 1
2014 3618 1
854 3222 1
126 1729 1
3465 4917 1
824 2067 1
3342 3763 1
854 4161 1
1421 3454 1
1703 2386 1
2539 2658 1
3607 4219 1
1449 4721 1
2859 3013 1
42 4633 1
1048 4562 1
60 4650 1
1175 4337 1
1706 3973 1
1852 3798 1
561 3885 1
1079 2535 1
2553 4784 1
1203 3510 1
580 4285 1
1731 3629 1
1447 3870 1
1264 4917 1
4445 4513 1
1055 1545 1
46 564 1
619 2146 1
1949 2926 1
2733 4728 1
3644 3831 1
1421 1494 1
505 2956 1
1401 3471 1
1349 1591 1
642 975 1
540 3142 1
770 3604 1
2303 3050 1
3094 4303 1
135 2864 1
3749 4005 1
2083 4215 1
777 1550 1
176 2084 1
1258 3543 1
432 1515 1
2305 4035 1
1092 1561 1
699 2798 1
523 2572 1
1784 3774 1
1426 4066 1
2013 3045 1
673 2516 1
2548 4143 1
72 3050 1
2862 2990 1
1499 3763 1
57 3681 1
2832 4841 1
4098 4135 1
625 4138 1
854 1746 1
1292 4601 1
1799 4405 1
367 2567 1
2344 3939 1
1311 1618 1
3773 4725 1
3828 4432 1
553 2168 1
2017 2763 1
2329 4755 1
954 4205 1
460 2916 1
1707 2722 1
805 4082 1
1574 3132 1
1288 2738 1
2186 3888 1
1057 4303 1
1280 1342 1
4504 4772 1
1026 3677 1
892 1233 1
3364 4274 1
2636 4474 1
1269 3785 1
1066 2702 1
1009 2168 1
3837 4844 1
84 1824 1
2216 4827 1
72 4473 1
1832 3144 1
2556 3175 1
125 135 1
138 2060 1
229 2178 1
3871 4613 1
860 2984 1
1393 3447 1
1675 2379 1
3464 3700 1
2800 4474 1
1604 3667 1
1797 1810 1
1984 3888 1
719 2944 1
4161 4567 1
1461 2800 1
4408 4444 1
622 2230 1
2685 4874 1
1423 3447 1
2582 4372 1
781 947 1
607 794 1
2170 2334 1
984 3935 1
4024 4804 1
3762 4804 1
2064 4567 1
534 4638 1
967 1487 1
1729 1810 1
1059 4459 1
1288 2067 1
348 691 1
2490 3628 1
640 2031 1
2608 3849 1
1338 4813 1
1344 1595 1
14 2508 1
2352 3105 1
1655 3931 1
2892 4547 1
333 2261 1
1803 3048 1
1471 2309 1
2150 4849 1
3746 4809 1
2334 3623 1
3105 3500 1
1706 4054 1
1329 1852 1
69 3504 1
3554 4235 1
595 2796 1
4533 4815 1
1086 1313 1
2629 3921 1
266 4957 1
2723 3556 1
318 394 1
1097 1852 1
291 3674 1
1665 4753 1
2114 3825 1
75 2329 1
1422 2551 1
831 2083 1
499 1344 1
534 3028 1
2134 4450 1
4942 4996 1
3061 4086 1
139 1940 1
3060 4615 1
1401 3552 1
3393 3512 1
2083 3357 1
1116 4322 1
517 1519 1
2542 3871 1
1274 1498 1
1716 1843 1
1019 2669 1
363 1052 1
2534 3229 1
1716 2782 1
95 1237 1
346 2576 1
339 1597 1
1686 4825 1
120 2987 1
2460 4219 1
1193 4892 1
1568 1571 1
33 1298 1
1731 3255 1
1650 2135 1
2548 3285 1
961 4542 1
910 2510 1
1185 4435 1
457 3696 1
3901 4426 1
1382 4949 1
427 4985 1
1745 3311 1
4580 4714 1
2054 4066 1
3718 4160 1
1968 3733 1
2442 2835 1
1420 3147 1
4345 4443 1
4035 4217 1
822 2639 1
1297 3686 1
926 4682 1
1438 1824 1
937 4282 1
4285 4550 1
699 2424 1
162 499 1
621 4985 1
2808 3723 1
1376 1885 1
3561 4869 1
2011 3564 1
3390 4987 1
1817 1978 1
45 1792 1
270 4354 1
662 2892 1
1372 4745 1
257 2614 1
998 2060 1
934 4519 1
1498 4103 1
3282 4114 1
1845 1932 1
2490 2636 1
1471 3411 1
2869 4884 1
1713 2944 1
1936 4679 1
425 2548 1
959 4175 1
1492 4638 1
3952 4474 1
1680 4874 1
386 1280 1
32 1691 1
4354 4639 1
1461 3231 1
583 2733 1
4029 4290 1
2422 2451 1
1907 2005 1
1200 2143 1
2163 3688 1
2054 4684 1
2031 4700 1
1153 3236 1
73 1291 1
3056 4844 1
3130 4793 1
1648 1902 1
1560 3186 1
555 2913 1
3861 3901 1
3004 4280 1
25 3852 1
1537 2421 1
4508 4651 1
3386 4547 1
2278 3587 1
2119 2776 1
329 1230 1
2082 2894 1
2572 4973 1
2305 4629 1
2269 2720 1
724 1759 1
178 2000 1
195 1415 1
267 1291 1
962 3802 1
2135 2905 1
1068 4952 1
646 1287 1
1260 2678 1
1401 3849 1
944 4135 1
2616 4117 1
2481 3700 1
1462 4475 1
3179 4230 1
2895 4471 1
2417 3126 1
1794 3901 1
1964 4312 1
1207 4895 1
735 1113 1
4411 4852 1
2181 3788 1
1494 2858 1
1246 2756 1
671 4511 1
103 1021 1
308 1426 1
113 3402 1
3512 4389 1
253 2658 1
2668 2721 1
1682 3444 1
2400 2906 1
2574 4779 1
12 502 1
907 2135 1
927 1067 1
759 4866 1
1210 1355 1
3388 3949 1
2932 3706 1
843 3813 1
1794 4035 1
2570 4256 1
773 3983 1
1398 1591 1
4561 4745 1
975 4871 1
149 2843 1
2850 3492 1
1150 4872 1
940 4096 1
1401 2239 1
1177 3285 1
591 4127 1
3533 4461 1
914 3814 1
840 1421 1
912 1674 1
1468 3060 1
850 4179 1
442 2664 1
1667 1957 1
1515 4569 1
1200 3245 1
1613 2660 1
3957 4765 1
2246 3512 1
1342 2547 1
1988 4385 1
1938 2578 1
2129 3866 1
3023 3554 1
552 1115 1
1761 2127 1
1195 3436 1
2344 2707 1
320 3209 1
1101 3774 1
1353 3995 1
2201 3338 1
3592 4586 1
3730 3796 1
1613 1855 1
2879 3401 1
3092 4448 1
683 1167 1
830 3846 1
66 3450 1
95 1936 1
2037 2533 1
1729 2188 1
1677 3718 1
11 4682 1
1982 3765 1
2739 2990 1
4531 4582 1
2296 2420 1
3648 3740 1
1841 2779 1
1057 4360 1
1083 3329 1
2067 2533 1
1341 1675 1
2176 2476 1
3782 4844 1
3856 4793 1
2722 4864 1
1562 3714 1
2054 4176 1
3017 4223 1
2800 3242 1
1557 4309 1
409 2984 1
3827 4213 1
2512 3714 1
643 3565 1
673 963 1
2434 3242 1
3270 3514 1
756 4381 1
1217 3278 1
219 1143 1
1778 2564 1
742 3170 1
3782 4039 1
4260 4603 1
96 2241 1
3632 4280 1
1140 3216 1
1537 2852 1
2065 2971 1
3722 4173 1
482 4936 1
2216 3140 1
191 788 1
4164 4491 1
4292 4676 1
3681 4522 1
971 2067 1
3130 4419 1
3794 4399 1
1722 3921 1
1598 2165 1
3733 3931 1
3545 4634 1
2528 3038 1
3563 4651 1
2663 2674 1
3126 4650 1
1780 1832 1
1766 2688 1
2722 3254 1
788 1020 1
4112 4866 1
2608 3906 1
2510 3371 1
1486 3048 1
2298 2926 1
613 3648 1
3426 4538 1
69 4716 1
1683 1872 1
1715 4039 1
2071 2920 1
3593 4651 1
1024 3367 1
4451 4682 1
400 507 1
135 990 1
1506 4804 1
4178 4523 1
1197 4234 1
856 3941 1
1792 2165 1
481 2566 1
720 862 1
623 929 1
568 1030 1
3563 3846 1
187 3782 1
4019 4651 1
233 1683 1
2782 4974 1
4282 4472 1
3426 3733 1
120 466 1
3038 3624 1
169 2048 1
604 1976 1
2188 3804 1
2384 4682 1
1341 4871 1
281 3393 1
3323 4143 1
477 4271 1
833 3906 1
2455 4333 1
442 1806 1
1218 1273 1
533 4553 1
4293 4765 1
117 1642 1
994 2669 1
335 781 1
390 1242 1
135 2413 1
504 3973 1
268 2942 1
1510 3902 1
3994 4324 1
2488 2537 1
1650 2192 1
1526 3846 1
1507 3604 1
483 4035 1
1597 3497 1
1337 4324 1
3097 3749 1
1832 4303 1
1722 2445 1
445 4682 1
672 1463 1
2728 3128 1
348 4749 1
1413 2629 1
850 3455 1
1734 2455 1
3833 3975 1
1845 4888 1
40 4754 1
675 3050 1
3763 4899 1
3061 4627 1
2607 2959 1
3550 4791 1
630 2526 1
662 4693 1
2554 3483 1
2664 3651 1
1086 1988 1
1390 3153 1
1421 2466 1
120 145 1
1016 4632 1
2158 4422 1
1728 3148 1
965 4852 1
968 2871 1
820 3939 1
4943 4957 1
2352 3914 1
2025 2738 1
4540 4725 1
1257 4852 1
1876 4335 1
1408 2015 1
12 2840 1
400 4642 1
1981 2816 1
26 3677 1
507 3950 1
87 3364 1
3234 3376 1
1797 1948 1
2839 4540 1
356 4720 1
2097 3149 1
53 4719 1
4716 4927 1
1223 3524 1
3556 3777 1
4567 4804 1
1539 3760 1
2152 2647 1
2807 4039 1
3436 4772 1
1447 2077 1
270 1512 1
566 1281 1
1426 2139 1
144 4032 1
2442 3510 1
169 1056 1
107 178 1
1153 4232 1
3491 4829 1
531 1445 1
1907 3351 1
3744 3962 1
2405 4567 1
1245 4171 1
2434 3807 1
1076 4362 1
1716 3002 1
185 1939 1
1780 2263 1
1504 3119 1
2079 4747 1
103 3977 1
3119 4260 1
3590 4784 1
3099 4732 1
293 317 1
320 420 1
2837 3234 1
1013 2858 1
179 188 1
1882 2489 1
1052 2971 1
1217 3038 1
821 3038 1
2473 3896 1
583 1180 1
1111 3551 1
87 3982 1
3595 3973 1
3352 4215 1
2308 4179 1
1601 4317 1
2466 3075 1
933 1185 1
537 1185 1
788 4968 1
3381 3640 1
1507 3901 1
1509 2284 1
1756 4605 1
2530 3999 1
398 3470 1
2097 4117 1
103 1078 1
1046 4445 1
55 4070 1
435 4291 1
607 611 1
354 2417 1
1656 1930 1
208 4285 1
574 1602 1
2879 3779 1
4138 4908 1
3541 3871 1
3233 3718 1
430 1072 1
175 2243 1
927 1124 1
2630 3425 1
2079 4076 1
2590 4026 1
1194 4851 1
1108 1135 1
1097 4918 1
3089 4878 1
1222 3866 1
3524 4806 1
95 2664 1
411 4590 1
552 4071 1
1589 2347 1
534 2711 1
401 3121 1
329 1555 1
1359 2824 1
158 1673 1
356 3378 1
1678 4267 1
3200 3554 1
1099 4590 1
3796 4339 1
755 3999 1
729 2778 1
717 1263 1
1175 1552 1
4423 4622 1
34 452 1
683 2029 1
1526 3472 1
373 1049 1
4322 4920 1
383 3430 1
4215 4299 1
3325 4730 1
4546 4813 1
1344 1896 1
654 1449 1
961 2131 1
1616 3523 1
1368 4175 1
642 3317 1
2804 3688 1
1706 3416 1
3702 4838 1
1845 4514 1
1817 2466 1
1137 4427 1
4328 4711 1
2014 2256 1
2509 4679 1
553 1932 1
73 1295 1
2916 4279 1
3998 4018 1
4493 4936 1
599 4909 1
1157 4648 1
710 3959 1
479 3272 1
534 2979 1
1019 4714 1
408 4560 1
1089 3955 1
1877 2493 1
94 428 1
30 2887 1
3978 4840 1
1337 1990 1
537 1937 1
1032 4360 1
2492 4459 1
904 2862 1
2083 2719 1
944 3200 1
807 3868 1
70 1131 1
2074 2606 1
2665 4013 1
3814 4974 1
1632 4890 1
2136 4423 1
1002 4494 1
675 4099 1
2991 4937 1
3577 4280 1
507 1482 1
2545 3315 1
332 4110 1
270 788 1
1297 4792 1
481 1200 1
362 3760 1
3364 4522 1
320 2945 1
2636 3783 1
2900 3075 1
436 4059 1
1083 1426 1
1635 4383 1
3495 4978 1
4804 4908 1
2087 3726 1
3644 3758 1
178 2488 1
3719 4871 1
408 2950 1
3286 4989 1
1707 2165 1
2990 3126 1
3 2083 1
2114 3455 1
598 4363 1
25 4474 1
1470 1821 1
904 3130 1
3512 3588 1
1044 3110 1
2723 4825 1
197 1925 1
854 4706 1
1277 4809 1
1172 3295 1
3553 4528 1
2988 3029 1
2000 4615 1
320 985 1
1691 4799 1
3522 3902 1
1603 2700 1
1720 3285 1
1465 4456 1
1515 4573 1
3966 4293 1
2367 4035 1
1002 4173 1
185 1699 1
1066 3434 1
1401 1438 1
2932 3255 1
965 4291 1
1772 3825 1
605 1504 1
2219 2824 1
820 3378 1
3179 4852 1
1212 2670 1
1198 2772 1
3064 4313 1
590 3855 1
2840 4605 1
421 636 1
1931 2542 1
1281 4877 1
1 427 1
1436 2721 1
1467 2034 1
2222 3630 1
71 2859 1
1984 2526 1
1313 1567 1
755 3491 1
3200 3985 1
856 1099 1
276 2510 1
2554 3056 1
2032 2193 1
2586 3533 1
383 2572 1
820 2573 1
1769 2722 1
1225 3790 1
1980 2942 1
166 4974 1
200 3804 1
854 3096 1
4412 4894 1
2476 3523 1
683 2460 1
732 4796 1
1644 1680 1
2356 4360 1
1172 2624 1
1669 3430 1
2551 4047 1
3492 3581 1
882 2296 1
998 1690 1
3457 4499 1
262 309 1
977 1752 1
2732 4243 1
844 4606 1
1505 1871 1
507 3523 1
1221 2112 1
1031 1988 1
110 854 1
77 4878 1
3048 3698 1
1988 3718 1
1250 2291 1
2397 2425 1
1425 3046 1
2684 3421 1
507 1429 1
2308 4073 1
742 2235 1
2464 4586 1
1798 4725 1
910 1819 1
1171 1594 1
376 1885 1
394 1902 1
84 3174 1
2460 4817 1
2308 4423 1
1889 1995 1
829 2769 1
2655 3191 1
1580 2179 1
4482 4804 1
2178 3791 1
2467 4833 1
429 3185 1
1845 2046 1
169 1568 1
587 2081 1
1541 2574 1
211 2733 1
1019 3401 1
589 2127 1
1681 4274 1
2873 3427 1
3406 3890 1
3179 4665 1
39 2626 1
2000 3273 1
1215 2000 1
348 4135 1
2034 2857 1
580 1260 1
1388 3648 1
1940 4161 1
2872 4895 1
482 1102 1
2488 3212 1
1022 2544 1
146 1907 1
3016 3331 1
2310 4603 1
786 2267 1
1219 3812 1
25 1388 1
900 4998 1
473 989 1
605 2606 1
3703 4419 1
279 3375 1
4506 4743 1
1108 2668 1
382 1810 1
1433 2236 1
215 2801 1
2569 3931 1
1390 2539 1
4650 4872 1
516 2914 1
1550 4891 1
1388 2843 1
2521 4799 1
988 2909 1
348 4269 1
2667 4624 1
3325 4035 1
2277 3126 1
2020 4224 1
418 2914 1
991 4496 1
1173 2258 1
820 4614 1
2241 3819 1
1116 3444 1
928 4147 1
2528 4815 1
482 1586 1
1694 4589 1
3924 3963 1
63 2164 1
715 4039 1
2423 4240 1
2299 2484 1
2073 2141 1
31 3757 1
1101 1981 1
865 3202 1
3984 4364 1
75 1585 1
2544 2665 1
169 4630 1
759 1463 1
1657 3367 1
554 2751 1
1216 2870 1
3273 3979 1
391 4450 1
2108 2485 1
1475 2572 1
1258 4035 1
449 2176 1
1104 3568 1
1221 4153 1
2242 4178 1
1911 2321 1
2587 4590 1
1462 3434 1
477 4759 1
1251 4153 1
96 3347 1
1680 3512 1
2800 3543 1
2706 3127 1
990 4728 1
1936 4606 1
3352 3467 1
1387 1920 1
346 2182 1
807 1079 1
829 4810 1
937 4343 1
1618 2984 1
4417 4730 1
2165 3153 1
91 4292 1
2636 2738 1
449 2310 1
335 4652 1
60 283 1
32 4651 1
703 3358 1
429 1843 1
1166 1547 1
1314 4451 1
2062 2624 1
699 2835 1
1294 3984 1
4260 4904 1
455 3414 1
1145 1609 1
2204 3616 1
2216 3441 1
3859 4745 1
1832 2697 1
3410 4360 1
122 356 1
669 2969 1
593 2193 1
292 3019 1
2258 2697 1
334 1151 1
2262 3570 1
161 4606 1
1620 4103 1
548 2800 1
2242 3857 1
833 3723 1
917 4360 1
4595 4762 1
1091 3200 1
977 1378 1
294 2102 1
894 3595 1
1021 3370 1
4252 4773 1
3231 4721 1
578 2800 1
3355 4033 1
1109 2436 1
135 2230 1
3285 4957 1
69 3862 1
1089 2723 1
1450 3668 1
2470 2529 1
1458 4283 1
580 3785 1
2094 3181 1
597 3200 1
2896 4623 1
1712 2887 1
3220 3966 1
1632 2369 1
319 2697 1
408 3678 1
494 3452 1
1832 4120 1
1900 2534 1
413 4961 1
425 4032 1
2278 3648 1
795 3565 1
2830 4161 1
1145 4321 1
425 999 1
848 1856 1
1486 3833 1
3229 4809 1
1109 1631 1
1510 1975 1
4082 4496 1
257 2354 1
2354 4582 1
3985 4563 1
2541 4408 1
1067 4788 1
415 4633 1
3527 4624 1
658 3802 1
510 706 1
379 4387 1
658 1358 1
2589 3294 1
1500 2576 1
1195 1940 1
1408 2987 1
899 1420 1
963 2344 1
2236 2617 1
1167 1585 1
703 4110 1
1907 4778 1
2049 3141 1
1698 2160 1
4121 4558 1
2629 2669 1
2898 3059 1
1261 1755 1
2732 4487 1
1025 1478 1
1656 2284 1
417 841 1
1941 4897 1
1241 3762 1
37 4757 1
1799 1811 1
1883 2448 1
2647 3598 1
680 4634 1
418 4634 1
3618 4472 1
261 4650 1
211 2843 1
2518 4127 1
564 1426 1
0 2781 1
69 2386 1
1261 3983 1
1156 2469 1
1347 3757 1
3628 3820 1
3175 4252 1
2332 3563 1
2082 2634 1
179 1965 1
2085 3871 1
1467 4990 1
1353 1478 1
3056 3779 1
1805 4985 1
739 1026 1
1236 1832 1
379 4655 1
2459 2742 1
1686 4512 1
421 1848 1
1140 4753 1
3067 4318 1
773 3239 1
1322 4235 1
2295 4970 1
3086 3779 1
1338 4179 1
1907 4107 1
2779 4036 1
4064 4134 1
767 4363 1
2310 4497 1
648 699 1
2244 3877 1
1798 2070 1
270 524 1
4147 4519 1
723 2721 1
1644 2542 1
4099 4478 1
1745 3348 1
353 2629 1
625 873 1
2593 2691 1
2807 4340 1
1101 1741 1
4844 4982 1
3159 3452 1
814 1684 1
427 484 1
2529 3056 1
2133 3056 1
685 4657 1
1698 4067 1
581 3553 1
2745 4751 1
1526 3960 1
4874 4982 1
1175 2979 1
4411 4726 1
1388 4026 1
25 827 1
372 4318 1
3553 3914 1
929 2923 1
1447 4606 1
1337 1994 1
335 2184 1
2845 3827 1
682 3985 1
2782 3478 1
1025 4324 1
209 2984 1
2399 2959 1
1447 4956 1
292 1706 1
1538 1876 1
3375 4931 1
2590 2904 1
1935 4895 1
2114 3325 1
1013 4098 1
3313 4403 1
386 3411 1
1000 4802 1
1313 3047 1
1691 2441 1
367 4108 1
2402 2452 1
1856 3447 1
3648 4285 1
2944 3940 1
2386 2858 1
1797 3217 1
682 1086 1
735 2410 1
3142 3366 1
1689 4623 1
1703 3740 1
3433 3700 1
974 2776 1
518 2533 1
4570 4866 1
1863 2682 1
1728 2457 1
4069 4291 1
4153 4928 1
1140 4916 1
194 342 1
500 3832 1
200 3540 1
735 4638 1
45 219 1
1358 1611 1
2722 4254 1
1295 3514 1
586 3202 1
1614 3644 1
79 3371 1
200 4829 1
481 2627 1
439 681 1
1478 3756 1
1316 1708 1
662 4136 1
1823 4922 1
448 3618 1
747 1965 1
320 4372 1
2159 3336 1
1347 1960 1
4054 4117 1
2071 2176 1
447 922 1
914 3017 1
243 2812 1
3116 4507 1
2945 3871 1
2962 4040 1
4603 4709 1
2757 4574 1
2510 3916 1
662 2392 1
2625 3866 1
1281 4881 1
1656 4004 1
2032 4291 1
3697 3856 1
3038 4974 1
741 1345 1
2067 3696 1
715 4096 1
962 3973 1
149 4624 1
3122 3517 1
701 1165 1
1100 4846 1
0 4501 1
918 3085 1
2470 2773 1
2949 3939 1
824 4389 1
621 1586 1
656 4024 1
1728 3075 1
1483 2490 1
2314 2418 1
2565 3949 1
2632 2727 1
2029 3188 1
738 3275 1
342 2521 1
3174 4215 1
963 3393 1
2659 4523 1
496 3927 1
709 1002 1
2087 3543 1
1650 3542 1
4019 4391 1
966 4980 1
2543 4698 1
3538 4468 1
2431 4642 1
736 2424 1
505 3989 1
424 617 1
3401 4355 1
3144 4699 1
2906 3595 1
3365 4109 1
4431 4843 1
1592 3698 1
1026 1193 1
614 2188 1
3122 3196 1
658 4180 1
1167 4057 1
924 4299 1
788 3472 1
1722 1835 1
2562 2980 1
2990 3427 1
841 3483 1
72 1989 1
1806 3411 1
1729 3164 1
2637 2750 1
2728 2868 1
56 705 1
4431 4977 1
998 1373 1
457 4432 1
3306 4952 1
4082 4419 1
2445 3869 1
1044 4350 1
1954 4571 1
1379 4074 1
998 2662 1
158 3210 1
2835 3273 1
1157 4412 1
1057 3242 1
2664 3391 1
317 988 1
3325 4039 1
1506 4007 1
1043 2031 1
862 1461 1
386 943 1
1425 4018 1
2963 3808 1
3455 4270 1
3215 4029 1
1885 4942 1
690 4737 1
4441 4486 1
736 948 1
1971 3181 1
630 1461 1
2724 3418 1
573 2647 1
1703 3366 1
2613 3587 1
2439 2468 1
1616 4121 1
229 4500 1
580 3037 1
1017 3038 1
619 3931 1
1734 3618 1
2544 2669 1
1650 4644 1
493 4731 1
1207 4074 1
2895 4589 1
1243 1287 1
2175 3711 1
3133 3414 1
648 4460 1
2845 3132 1
937 2119 1
4286 4682 1
1895 3670 1
1489 2982 1
1902 2397 1
100 1780 1
2421 2962 1
719 2017 1
545 4116 1
3578 3814 1
1043 1360 1
2316 2387 1
621 4111 1
2993 4292 1
1661 3624 1
138 2422 1
3240 4169 1
3871 4975 1
780 2828 1
2431 2495 1
442 554 1
1523 4040 1
232 4127 1
696 2541 1
2526 3671 1
267 4121 1
2750 4318 1
1650 3973 1
91 108 1
219 2737 1
1492 3764 1
726 1787 1
2138 3912 1
2556 3671 1
488 683 1
2425 4908 1
938 3363 1
923 3994 1
2270 4216 1
3414 4833 1
2591 4796 1
466 1274 1
116 3147 1
1707 2763 1
354 1218 1
2054 3810 1
426 1094 1
2858 3046 1
1022 2845 1
1772 1845 1
3513 4438 1
1266 3205 1
1140 3066 1
985 3717 1
42 1104 1
1728 3990 1
1965 3179 1
848 2665 1
94 4677 1
1458 3348 1
820 2337 1
2372 3688 1
2114 2898 1
2993 4560 1
2335 4560 1
924 1347 1
1204 3616 1
178 3220 1
2074 3472 1
1166 4263 1
87 4795 1
2572 4099 1
86 1537 1
3437 3796 1
1694 4540 1
138 946 1
2812 4875 1
1356 4895 1
3398 4972 1
2520 4474 1
117 4391 1
3983 4844 1
741 2528 1
1856 2215 1
2800 3710 1
2961 4567 1
3089 4752 1
1100 2057 1
1425 4099 1
962 2123 1
617 4340 1
178 3704 1
1475 3812 1
2343 4531 1
3267 4650 1
536 1318 1
1193 4099 1
3558 4799 1
1166 2653 1
3261 4054 1
966 1841 1
570 1841 1
3183 4363 1
3871 3983 1
2489 4706 1
2334 4603 1
1754 2796 1
2193 3782 1
2054 3623 1
407 4829 1
2298 3983 1
1195 3367 1
773 4398 1
2215 2228 1
309 507 1
1694 4219 1
897 1431 1
3305 4487 1
2109 3680 1
3224 3367 1
2522 3849 1
1314 1719 1
159 4885 1
3751 4015 1
2913 2916 1
91 3438 1
946 3952 1
2883 4205 1
2520 4153 1
335 3798 1
721 4773 1
1724 4219 1
22 2520 1
2902 4605 1
3235 4256 1
619 4846 1
2835 4322 1
2174 4805 1
3308 3953 1
1258 4954 1
894 2957 1
49 3161 1
1998 2485 1
3148 3856 1
536 1936 1
4844 4986 1
4481 4934 1
3911 4781 1
2452 2840 1
927 3255 1
75 4732 1
1502 2439 1
3386 3620 1
1007 1679 1
878 3743 1
916 4035 1
2913 4339 1
2794 2927 1
4599 4781 1
896 3568 1
316 1007 1
465 4513 1
2015 4128 1
43 848 1
2733 3590 1
307 894 1
269 4574 1
2961 3225 1
1287 3574 1
1066 4329 1
3781 4684 1
448 3004 1
3147 3580 1
647 4153 1
1486 1690 1
747 4734 1
680 3512 1
2612 3421 1
582 725 1
103 2188 1
1482 1921 1
2051 4293 1
2077 3262 1
2612 4360 1
623 1665 1
2006 4550 1
103 3127 1
483 3348 1
51 4657 1
956 3568 1
408 3174 1
807 1193 1
4813 4844 1
3080 3832 1
1502 2923 1
1087 4401 1
997 1475 1
3500 4391 1
133 3127 1
46 3882 1
2846 4540 1
335 2672 1
788 3179 1
1186 3225 1
1270 3862 1
3565 3823 1
126 993 1
1877 4274 1
1610 4684 1
3563 4716 1
1966 3565 1
1491 3457 1
1635 2647 1
2894 3776 1
2276 4895 1
2309 4843 1
1987 4792 1
1173 1835 1
2451 3206 1
3325 3962 1
426 854 1
2347 4546 1
57 2677 1
4845 4866 1
4657 4815 1
482 4546 1
2304 4849 1
4024 4121 1
405 4299 1
1885 2421 1
448 2683 1
293 3334 1
4026 4167 1
2379 4619 1
4060 4717 1
1625 3406 1
2074 3232 1
3130 4968 1
4303 4825 1
2806 4844 1
1240 2252 1
3774 4481 1
1890 4054 1
4624 4651 1
2621 2812 1
2077 3880 1
1935 2484 1
1876 2843 1
580 866 1
614 3668 1
2030 2529 1
820 3736 1
1769 3885 1
594 1703 1
1722 3315 1
2858 3290 1
2959 3342 1
1889 2674 1
306 1421 1
1336 4942 1
930 4254 1
496 764 1
2317 4814 1
1384 4609 1
2805 3814 1
3715 4035 1
514 4726 1
2585 4979 1
923 989 1
826 3500 1
1906 4132 1
1861 2669 1
359 2344 1
1092 1175 1
1678 2962 1
599 1242 1
3503 4502 1
3116 4056 1
3594 3866 1
4605 4893 1
3242 3414 1
356 2423 1
1101 3331 1
1667 3742 1
894 3038 1
529 2351 1
1936 3378 1
2526 3594 1
2114 2337 1
3678 4102 1
1030 2525 1
1052 2284 1
3166 3927 1
1083 4980 1
564 3634 1
4069 4108 1
32 3773 1
1038 4456 1
1101 2526 1
187 4815 1
1737 3676 1
1283 2008 1
1964 4621 1
907 2660 1
788 1248 1
2894 4528 1
1157 2054 1
519 1797 1
62 3773 1
172 4133 1
696 2598 1
687 4764 1
1855 3523 1
1751 4863 1
863 1957 1
1207 2521 1
2074 2106 1
1415 2470 1
1136 3809 1
87 3429 1
226 3773 1
169 987 1
358 3892 1
1540 4801 1
1920 2578 1
619 3667 1
3678 4586 1
540 930 1
1885 3523 1
2636 2933 1
846 3831 1
1035 4292 1
1754 3979 1
1021 2142 1
1936 2707 1
1378 4631 1
1832 4047 1
4569 4915 1
957 1568 1
327 1172 1
1207 1716 1
2846 4032 1
292 1336 1
1449 4632 1
618 2260 1
388 2737 1
491 1172 1
17 3733 1
347 1393 1
345 3040 1
924 1404 1
2813 2929 1
4186 4372 1
2917 4972 1
432 1881 1
294 4391 1
1794 3889 1
786 4853 1
3463 4916 1
2800 4572 1
2602 2867 1
1193 2733 1
1232 1907 1
2866 3879 1
159 4324 1
1283 3565 1
2489 4279 1
135 4869 1
1494 3196 1
518 2163 1
3998 4270 1
2415 3017 1
715 4397 1
279 4217 1
219 968 1
2701 3007 1
1140 2452 1
1236 2914 1
3097 4111 1
1498 3099 1
727 3976 1
1694 1698 1
367 4572 1
2991 3311 1
2337 4773 1
682 1200 1
3242 4650 1
3608 4219 1
1445 4377 1
3759 4388 1
1137 1780 1
2005 2499 1
2067 4131 1
892 1949 1
1421 4922 1
807 1087 1
1017 3526 1
1089 3402 1
2310 3485 1
3311 3824 1
1832 3860 1
428 4824 1
852 2119 1
1258 4527 1
2405 4661 1
2530 3609 1
3445 4174 1
876 1200 1
1101 3762 1
548 580 1
1602 2243 1
743 1021 1
2140 3050 1
1216 4651 1
383 4650 1
961 2412 1
2769 3783 1
2046 3388 1
699 4132 1
308 2032 1
48 2859 1
1295 4917 1
1694 2182 1
3833 4821 1
1420 4050 1
1673 2244 1
360 2572 1
4418 4693 1
2128 2824 1
17 4835 1
1855 2665 1
1990 2301 1
1706 2542 1
354 4605 1
1703 2244 1
153 939 1
1906 2603 1
1728 3994 1
3266 3784 1
265 591 1
975 2444 1
2988 3281 1
3378 3436 1
1227 2665 1
48 2993 1
514 4486 1
3855 4529 1
2747 3569 1
2102 3831 1
1274 1730 1
3796 4888 1
549 4672 1
519 3517 1
1218 2737 1
975 3733 1
4130 4360 1
1243 4487 1
997 1048 1
1900 2542 1
3391 4960 1
1751 4139 1
808 1526 1
639 4723 1
233 3281 1
2265 4360 1
3347 4099 1
1104 3739 1
581 1520 1
1250 3564 1
1048 3615 1
2962 4638 1
3810 3981 1
4035 4099 1
1335 2332 1
1204 2815 1
1407 1454 1
3179 3360 1
1987 3426 1
3200 3648 1
2954 4181 1
947 4852 1
2824 4300 1
1845 2030 1
1203 2563 1
2098 4196 1
270 2358 1
3885 4690 1
3871 4792 1
2386 4074 1
796 1650 1
534 1650 1
104 376 1
682 2302 1
3325 4474 1
382 505 1
1008 4165 1
187 2481 1
1109 4217 1
1282 4145 1
64 1327 1
805 4745 1
891 3765 1
2028 3211 1
2660 3653 1
4692 4732 1
2020 2569 1
805 1712 1
175 1316 1
3024 4869 1
3206 4351 1
1048 4099 1
4217 4624 1
1302 3457 1
87 156 1
969 4745 1
683 1907 1
4213 4855 1
2702 2724 1
1661 2986 1
1975 2395 1
397 1486 1
1546 1723 1
501 2775 1
1551 2067 1
1430 3992 1
927 4869 1
335 4957 1
3764 4655 1
2597 4778 1
2282 3454 1
1663 2658 1
1876 3705 1
231 820 1
2903 3545 1
933 1092 1
1242 1847 1
1486 4459 1
3688 4229 1
383 4597 1
1805 1960 1
2016 4624 1
2782 4157 1
3153 4070 1
827 2544 1
531 3714 1
2102 3644 1
1212 4829 1
317 3196 1
4650 4990 1
1940 2535 1
2358 3048 1
1026 4824 1
726 2088 1
3673 4486 1
794 4474 1
1342 2027 1
2434 3982 1
197 1185 1
2512 4804 1
1515 2894 1
1193 2843 1
3989 4318 1
2932 4609 1
1179 4665 1
1387 3648 1
389 4546 1
3248 4091 1
3745 4897 1
1616 3885 1
1180 4486 1
4297 4821 1
178 2232 1
1669 4650 1
1462 4357 1
2993 3922 1
1594 4476 1
2303 2721 1
253 2756 1
1927 4127 1
862 3803 1
2052 2321 1
611 3403 1
203 1888 1
130 4793 1
1417 4964 1
862 4153 1
426 590 1
679 2756 1
2360 3763 1
1374 4486 1
3474 3979 1
469 3296 1
1083 4687 1
516 4805 1
516 2361 1
526 3049 1
1319 2685 1
345 2479 1
2251 2665 1
773 2926 1
2441 4482 1
1343 4210 1
352 4589 1
3555 3944 1
1832 3620 1
2608 3841 1
113 1540 1
4299 4627 1
2521 4596 1
1368 2927 1
2125 2152 1
1089 3512 1
2135 4560 1
3229 3370 1
3433 4863 1
2277 2923 1
1021 2065 1
1845 3266 1
1175 3471 1
3614 4874 1
2456 4359 1
1274 3450 1
3612 4047 1
1103 3568 1
1841 2743 1
654 1490 1
4502 4555 1
1458 2978 1
1489 2291 1
534 3825 1
2012 3564 1
1475 4113 1
2120 3097 1
354 2137 1
719 1326 1
1195 4473 1
1496 4401 1
3414 3658 1
852 4107 1
652 4985 1
2589 2794 1
1011 1885 1
2771 4720 1
25 2608 1
636 695 1
145 3841 1
69 813 1
2990 3488 1
2737 3796 1
930 2835 1
1028 3370 1
942 1906 1
670 1218 1
2589 4083 1
2551 3791 1
25 3897 1
1537 2466 1
1449 4339 1
3878 4300 1
91 2450 1
2486 4335 1
1020 3667 1
1885 4869 1
1847 2133 1
1979 3750 1
1258 1738 1
2653 3694 1
1094 2835 1
759 3488 1
704 1337 1
1881 1902 1
1013 2846 1
104 3035 1
680 4134 1
1512 2944 1
2723 3093 1
491 4612 1
680 1101 1
1597 2493 1
418 1101 1
2923 4844 1
2510 2985 1
1694 3365 1
2210 4413 1
1258 3966 1
1359 4772 1
2049 2775 1
2914 3977 1
118 4222 1
479 3447 1
781 3785 1
1409 4485 1
717 3211 1
994 1799 1
3399 3618 1
2805 2879 1
146 3395 1
3719 3973 1
2301 4285 1
92 126 1
1313 1929 1
2940 3454 1
804 2991 1
3147 4686 1
2800 3824 1
3235 3752 1
3426 4286 1
2405 4234 1
1302 4372 1
786 1072 1
660 4905 1
2565 3957 1
1470 3956 1
742 3402 1
1172 2986 1
3567 4117 1
1199 3089 1
1730 4445 1
773 1934 1
1292 4219 1
1949 3028 1
1823 4609 1
149 794 1
3820 4913 1
4651 4841 1
3202 3588 1
2025 3023 1
2121 2731 1
3 1908 1
1792 2263 1
96 1318 1
3329 3548 1
206 1678 1
3048 4060 1
1532 4029 1
1998 3270 1
1272 2412 1
632 3772 1
372 435 1
2216 4661 1
899 1083 1
71 4644 1
539 548 1
458 2838 1
1561 3454 1
1265 4624 1
87 4588 1
372 4757 1
1463 4050 1
2963 3548 1
578 4825 1
1505 4461 1
892 4234 1
2466 3681 1
1702 3285 1
2008 2803 1
683 3306 1
571 621 1
1233 1494 1
135 1222 1
3375 4431 1
1609 3471 1
850 975 1
220 3023 1
2126 3963 1
2370 4323 1
2160 4513 1
1678 2295 1
981 3121 1
2055 2218 1
1902 2942 1
1137 2321 1
2816 4036 1
412 1099 1
3275 4550 1
3325 3913 1
3731 4601 1
630 2490 1
2927 3086 1
580 683 1
2316 2932 1
914 3188 1
1053 4286 1
775 3029 1
2253 2768 1
3444 4894 1
1322 2609 1
3955 4817 1
1727 3826 1
2909 4735 1
0 4322 1
1875 3697 1
87 2978 1
2241 4986 1
4173 4895 1
3056 4381 1
3870 4894 1
2635 3570 1
101 3815 1
2738 2759 1
835 1336 1
12 3743 1
198 715 1
449 2054 1
21 2516 1
444 4339 1
841 3975 1
1099 3452 1
2296 2949 1
2427 4186 1
2074 4822 1
904 2984 1
1062 3570 1
2077 2087 1
580 2106 1
456 3760 1
1218 4083 1
1046 1347 1
2439 2476 1
1138 3565 1
2574 3832 1
727 1752 1
2487 4587 1
3891 4377 1
2542 4294 1
4047 4890 1
4217 4547 1
91 3231 1
397 1059 1
1990 4720 1
2664 2944 1
1313 2226 1
3715 4336 1
1005 1881 1
342 1537 1
600 4047 1
3049 3694 1
267 3056 1
1631 3447 1
4006 4111 1
3725 4623 1
3341 3694 1
1326 3750 1
4086 4979 1
172 1856 1
1789 1939 1
2002 2986 1
916 2539 1
377 1507 1
489 3411 1
4023 4815 1
265 2205 1
3600 3931 1
448 4541 1
607 2319 1
1683 2051 1
2198 2874 1
2743 4660 1
2574 3161 1
4030 4050 1
116 927 1
3038 4958 1
1436 2709 1
352 3089 1
1885 2535 1
799 1334 1
1160 1313 1
2488 3737 1
1877 3583 1
609 1210 1
466 3376 1
2013 4383 1
943 3715 1
3411 3604 1
1014 3366 1
3395 4599 1
1521 2608 1
1846 2176 1
2859 4030 1
75 1626 1
2592 3686 1
1109 3603 1
942 1211 1
3433 4302 1
3538 4318 1
926 4650 1
3038 3214 1
777 2083 1
2248 4815 1
1249 4522 1
1612 2884 1
103 826 1
2472 3742 1
3533 4132 1
1850 4927 1
2 4157 1
795 3793 1
4236 4252 1
2677 3393 1
3556 4493 1
4313 4472 1
764 1447 1
1445 4060 1
896 4784 1
717 3321 1
808 2685 1
1486 1617 1
1482 4881 1
3075 4570 1
1172 3901 1
267 1580 1
3448 3620 1
4533 4596 1
1613 2331 1
2067 4753 1
448 837 1
1224 3310 1
169 1422 1
159 2397 1
3103 3743 1
481 1135 1
726 2629 1
253 719 1
795 2988 1
2565 4067 1
66 1832 1
124 1248 1
370 4687 1
821 1176 1
1170 3050 1
3472 3990 1
1641 4887 1
30 3306 1
2760 4693 1
611 4749 1
514 652 1
3533 4616 1
2514 4637 1
2106 4842 1
1804 4477 1
1092 3517 1
1057 2742 1
2077 3323 1
3179 3714 1
1286 3733 1
1009 2701 1
3316 3985 1
4493 4550 1
317 3871 1
699 1721 1
1948 3852 1
467 3815 1
3903 4684 1
1551 1937 1
1401 2178 1
3035 4874 1
1683 1864 1
2543 2722 1
3635 4869 1
1356 4098 1
2087 2856 1
651 4282 1
379 3594 1
2944 3416 1
1089 1475 1
3950 4099 1
2503 3673 1
1646 2332 1
2422 2553 1
3688 4099 1
335 2733 1
2248 2400 1
2867 4135 1
346 4585 1
2507 4731 1
153 1911 1
1140 4042 1
1720 3570 1
777 4929 1
1754 3154 1
773 3467 1
2733 2980 1
1996 2687 1
2772 3093 1
2558 2575 1
669 1050 1
51 2169 1
1207 4863 1
741 4309 1
1656 4874 1
460 4067 1
2000 4684 1
3959 4696 1
1810 2308 1
2566 4506 1
2425 4274 1
2865 4546 1
1218 2554 1
2291 4459 1
3337 4541 1
1895 4459 1
1876 1965 1
1561 2893 1
1602 2894 1
1113 4423 1
2828 3351 1
66 706 1
2067 2472 1
387 532 1
545 1872 1
724 4089 1
123 4623 1
548 3109 1
1222 1333 1
1368 4541 1
683 3684 1
3105 3228 1
741 1410 1
3323 4619 1
1217 1339 1
781 4192 1
561 3694 1
2298 4825 1
577 3638 1
477 1714 1
2300 4871 1
458 4855 1
955 3217 1
91 897 1
2553 4004 1
1166 3629 1
1537 1852 1
387 3110 1
1877 1920 1
2061 4481 1
1343 1986 1
3406 4630 1
2051 3012 1
922 1175 1
1845 4075 1
1196 3629 1
1089 1288 1
2682 4949 1
2961 3583 1
339 975 1
3762 4800 1
138 4634 1
224 4408 1
2290 4317 1
1474 2977 1
1166 2824 1
1716 2510 1
1103 4727 1
2316 4949 1
3056 4759 1
1056 4157 1
4153 4806 1
549 2074 1
3460 4061 1
841 3414 1
648 3773 1
1820 2459 1
2728 2799 1
539 3988 1
119 4368 1
3152 4066 1
2241 3620 1
2993 3255 1
1048 4050 1
1445 3686 1
1574 4096 1
875 1089 1
4063 4108 1
1177 3871 1
950 4646 1
1227 3234 1
2727 2732 1
1968 4400 1
971 2490 1
1495 3399 1
2253 3980 1
1606 4169 1
1074 4308 1
894 4872 1
72 2054 1
1381 4990 1
2415 3749 1
1059 4939 1
96 1859 1
103 586 1
2370 3225 1
4756 4802 1
1433 3810 1
2990 3842 1
4205 4699 1
557 4139 1
2835 4493 1
2468 2979 1
3784 4642 1
539 1089 1
4809 4813 1
4619 4689 1
3302 3555 1
3239 3391 1
1043 1157 1
356 4391 1
3706 3796 1
2298 2544 1
2425 4571 1
2370 2420 1
122 962 1
2335 2584 1
1572 2790 1
805 1342 1
1990 3488 1
1200 1871 1
921 2456 1
187 3400 1
3779 4028 1
518 4668 1
2295 4474 1
899 3047 1
2000 2082 1
3323 4916 1
1258 3165 1
1218 2046 1
4153 4619 1
1470 3021 1
331 496 1
1721 4360 1
2114 3500 1
3630 4285 1
1341 3550 1
228 2246 1
1850 3427 1
1540 2447 1
2589 3766 1
2235 3268 1
2532 4952 1
332 1256 1
531 2405 1
37 3590 1
1900 3140 1
1126 1302 1
4107 4974 1
853 3587 1
1145 4927 1
316 2601 1
233 4818 1
3698 4173 1
950 1426 1
552 2319 1
3375 4651 1
1551 4275 1
720 1903 1
1585 3105 1
1592 1832 1
1089 3463 1
1426 2294 1
1701 4219 1
2859 4542 1
1021 2016 1
69 1569 1
570 3248 1
3215 3773 1
328 3900 1
71 4998 1
2589 4250 1
2180 2510 1
3510 4071 1
1278 4624 1
2916 3332 1
2669 2674 1
3245 3773 1
3014 3086 1
1486 1540 1
259 3140 1
1298 2243 1
458 4481 1
3548 4713 1
1160 2309 1
2539 3732 1
471 4716 1
75 4716 1
2262 2700 1
90 1052 1
169 1345 1
1346 1910 1
1036 3182 1
2168 2284 1
499 3731 1
139 944 1
1514 4877 1
2295 2998 1
2243 2808 1
452 2572 1
1150 4600 1
764 3598 1
3978 4832 1
392 4958 1
3418 3677 1
1157 2546 1
1301 1736 1
266 3506 1
854 4430 1
1101 4307 1
2228 3065 1
1838 3819 1
3906 4555 1
91 657 1
1734 2907 1
509 1170 1
2575 3523 1
1441 3594 1
2988 3692 1
30 1135 1
1893 4657 1
274 3747 1
19 2474 1
3200 4514 1
4063 4889 1
651 2916 1
2265 3482 1
1823 3137 1
119 3055 1
1516 1674 1
1991 2721 1
1433 3891 1
232 488 1
653 4682 1
1439 3147 1
1683 1787 1
3517 4571 1
2230 4585 1
308 3866 1
1447 4139 1
598 2127 1
1172 3153 1
430 2516 1
4160 4798 1
875 4098 1
371 2875 1
1207 3147 1
592 1531 1
1727 4314 1
2840 3174 1
419 2542 1
71 3522 1
631 1644 1
2782 4889 1
3635 4576 1
2759 3185 1
1948 3909 1
4625 4726 1
1456 1757 1
2443 3888 1
337 4580 1
342 4924 1
4588 4844 1
1022 1650 1
884 4160 1
812 2594 1
2028 2333 1
479 3882 1
2655 3370 1
591 4473 1
747 4986 1
320 3421 1
4303 4459 1
841 2369 1
82 2317 1
773 3174 1
573 2554 1
549 1968 1
58 4360 1
1365 4217 1
2516 3561 1
312 3718 1
867 1496 1
617 3011 1
1295 2697 1
2489 2677 1
2380 3673 1
64 583 1
3181 4890 1
493 2194 1
3027 4423 1
1246 2431 1
2398 4629 1
1281 4869 1
191 516 1
2369 3110 1
3231 4603 1
2572 2688 1
925 3140 1
572 4715 1
1735 3130 1
4138 4876 1
860 2903 1
2023 4701 1
51 1421 1
3170 4835 1
390 1641 1
2244 3357 1
1845 3648 1
2664 3916 1
2526 3228 1
1538 3316 1
1218 3900 1
2799 2828 1
968 3725 1
3773 3973 1
2783 3234 1
419 1416 1
392 2222 1
103 2119 1
3779 4138 1
1986 3075 1
2127 2556 1
2216 4291 1
2367 3706 1
1021 1642 1
1157 1688 1
1224 3664 1
133 2119 1
1569 1632 1
2078 3953 1
333 4624 1
1544 4019 1
749 1304 1
2464 4928 1
2624 4651 1
2901 3239 1
2156 2331 1
488 2468 1
0 2879 1
989 4147 1
3987 4036 1
827 2284 1
1734 2988 1
4206 4339 1
645 1489 1
154 4635 1
641 4753 1
3318 4816 1
643 4045 1
3310 3420 1
4115 4571 1
2219 2629 1
904 4574 1
295 1083 1
867 4692 1
533 3126 1
233 2834 1
1580 3810 1
943 4687 1
421 3824 1
598 4652 1
923 4974 1
101 2156 1
2497 4421 1
1057 4974 1
3975 4160 1
124 4769 1
3861 4812 1
1261 4215 1
2259 3317 1
382 863 1
1927 2578 1
886 2840 1
189 1222 1
909 3763 1
1872 3056 1
332 2439 1
1135 2763 1
3681 4063 1
138 853 1
2977 3718 1
3851 4474 1
1153 3342 1
1426 2188 1
724 2670 1
335 643 1
1447 2476 1
103 2737 1
757 2029 1
1005 4760 1
4277 4474 1
863 3364 1
1298 3292 1
1103 2824 1
764 3358 1
548 2979 1
518 858 1
1156 2835 1
820 4606 1
267 458 1
46 4431 1
3038 4320 1
159 4308 1
1716 4340 1
1728 4165 1
2249 2359 1
630 1449 1
3928 4074 1
2489 4263 1
1381 3303 1
2356 2421 1
458 1342 1
938 2733 1
4614 4752 1
1302 3949 1
32 187 1
923 3364 1
87 648 1
3810 4957 1
532 2984 1
2935 3976 1
1856 2256 1
25 3153 1
243 2292 1
1302 4299 1
3433 4603 1
2278 3827 1
2257 2950 1
2742 4685 1
732 2641 1
2354 3822 1
1172 2913 1
739 3031 1
1320 4474 1
3760 4624 1
1540 4248 1
726 1291 1
1391 4125 1
547 3211 1
2211 3140 1
588 768 1
1906 3258 1
3484 4167 1
2625 3130 1
789 3683 1
1766 1908 1
1656 3268 1
73 2015 1
3161 3864 1
2576 4931 1
2076 3073 1
2260 3382 1
2669 4341 1
1344 4844 1
3942 4614 1
1356 3915 1
3239 4871 1
216 4171 1
843 4269 1
2259 3130 1
479 3992 1
2779 2792 1
91 96 1
455 3756 1
135 2088 1
1728 4783 1
2215 4147 1
496 1313 1
3292 3542 1
1072 3166 1
4234 4964 1
2558 4486 1
1856 4968 1
3062 4019 1
623 2027 1
3998 4872 1
3565 4990 1
2727 3891 1
2495 4322 1
291 507 1
220 4239 1
1835 1997 1
2301 2736 1
111 2791 1
3653 4056 1
639 2129 1
3514 4651 1
3457 4117 1
3718 3892 1
367 4824 1
1868 3234 1
85 2859 1
1404 1787 1
941 3783 1
2136 3399 1
4550 4580 1
1256 2074 1
3983 4698 1
1409 3070 1
3062 3564 1
2442 3856 1
3097 3558 1
1278 3526 1
2260 3061 1
2060 2249 1
280 1391 1
1885 4877 1
964 2023 1
1540 3122 1
3056 3153 1
1447 4651 1
1347 3481 1
1204 4893 1
1302 2018 1
3021 4098 1
2157 2532 1
1665 3009 1
2916 3523 1
194 1997 1
185 191 1
3358 3841 1
4251 4647 1
1496 4893 1
147 838 1
3813 4421 1
1803 4821 1
321 3620 1
818 1982 1
3275 4745 1
814 1274 1
3374 3970 1
2803 4935 1
3270 3620 1
3175 3760 1
1996 3122 1
1805 3554 1
460 2624 1
653 4739 1
3041 4699 1
2953 4852 1
408 4154 1
1506 4426 1
721 2399 1
2309 4750 1
2474 4063 1
1986 2030 1
446 1413 1
2259 3882 1
1072 2629 1
3119 4740 1
743 3851 1
831 2917 1
511 1249 1
1254 4740 1
1967 2138 1
1728 4596 1
747 4909 1
904 951 1
2244 2446 1
2344 3781 1
852 4144 1
2367 3950 1
531 4503 1
2310 3416 1
1393 3744 1
1936 4895 1
3347 3412 1
124 3590 1
79 2127 1
1911 4838 1
2145 2790 1
3211 3524 1
1557 2805 1
182 4699 1
1094 1583 1
994 4385 1
863 896 1
1042 3113 1
1341 1460 1
1803 3211 1
3081 4582 1
493 3056 1
1936 3740 1
611 4997 1
3515 4285 1
1794 2344 1
3896 4916 1
419 1794 1
458 968 1
52 280 1
2009 3437 1
2083 3386 1
408 2544 1
4035 4701 1
1889 3520 1
1104 3186 1
2303 3510 1
2048 2991 1
504 4884 1
1530 2247 1
482 1338 1
3995 4871 1
3231 3721 1
2493 4546 1
504 1851 1
564 1902 1
3382 3890 1
656 4874 1
539 1845 1
1547 2601 1
738 3186 1
1094 2067 1
2998 3900 1
2805 3505 1
471 3781 1
827 2662 1
3948 4651 1
2816 3105 1
880 1734 1
2119 3931 1
680 922 1
1486 4927 1
1759 2083 1
2932 3438 1
1263 4131 1
3981 4949 1
1482 2714 1
1151 4829 1
4299 4477 1
1398 4706 1
507 2283 1
3097 3855 1
479 3618 1
3648 4143 1
3629 3901 1
1687 2715 1
3015 3449 1
153 1354 1
3773 4030 1
3446 3635 1
2704 2998 1
74 3690 1
686 2756 1
999 1001 1
990 1447 1
434 1000 1
920 3337 1
1381 4486 1
412 4624 1
792 4091 1
1273 1920 1
487 1765 1
3165 4682 1
1233 3275 1
1393 1463 1
2965 3281 1
1303 4953 1
830 2639 1
66 2243 1
1177 4440 1
2734 4472 1
3859 4847 1
1569 2978 1
715 3820 1
1097 3922 1
3302 4929 1
17 257 1
270 2423 1
27 2665 1
3275 4237 1
2294 4550 1
3928 4802 1
4514 4899 1
756 3979 1
2246 2789 1
219 3774 1
4360 4432 1
1996 2614 1
2493 3420 1
2130 2614 1
938 1017 1
626 1654 1
318 1309 1
2737 3780 1
1794 4385 1
3523 4874 1
2932 4406 1
1313 4462 1
845 2896 1
1982 2342 1
471 2655 1
3643 4417 1
84 4646 1
1113 3061 1
454 4179 1
962 3831 1
2243 4719 1
780 1316 1
971 2604 1
1151 3703 1
46 2260 1
2544 2580 1
1907 3457 1
334 448 1
2529 3211 1
443 2835 1
2421 4617 1
4317 4869 1
724 4016 1
2303 3807 1
611 1106 1
2636 3458 1
1452 1722 1
5 1296 1
1610 3062 1
1689 3355 1
72 74 1
2083 2528 1
641 3200 1
295 2563 1
1258 1856 1
764 1321 1
1766 4514 1
482 2574 1
1975 4099 1
2415 3058 1
1274 1958 1
2134 2816 1
386 3216 1
773 3662 1
1645 3591 1
2337 3175 1
2493 3688 1
1713 3725 1
732 4792 1
4032 4080 1
1987 4459 1
559 4083 1
1426 3668 1
1735 4423 1
1475 2971 1
1409 4603 1
621 2867 1
1214 4135 1
1589 3258 1
1816 2483 1
2313 3289 1
2516 2894 1
3772 4506 1
1447 1862 1
2145 4644 1
1080 4320 1
1888 4988 1
2665 3367 1
882 2992 1
2425 3880 1
2494 3485 1
1835 4603 1
1372 2627 1
1177 4603 1
821 3278 1
917 2986 1
2902 4219 1
2608 3772 1
2002 3962 1
1433 3253 1
55 2432 1
347 2052 1
1961 3372 1
3373 4743 1
1126 3510 1
109 948 1
257 846 1
386 1256 1
408 1015 1
2665 4656 1
356 2545 1
3370 4445 1
3038 3706 1
175 255 1
1721 4824 1
104 1543 1
687 3813 1
1826 4086 1
3438 3825 1
764 4033 1
1540 3500 1
590 3880 1
906 1642 1
103 4701 1
2360 4178 1
3931 4862 1
2434 4881 1
968 4213 1
713 2940 1
398 1616 1
924 3352 1
2522 3947 1
388 2591 1
589 4567 1
1401 3691 1
854 1832 1
2629 3255 1
2926 4939 1
2138 3957 1
1902 2926 1
2377 3973 1
1272 4974 1
1892 3901 1
72 1981 1
378 2253 1
653 4178 1
4507 4806 1
3696 3810 1
3824 3995 1
899 4584 1
2590 4616 1
71 1729 1
687 3947 1
1031 3757 1
3400 3667 1
75 158 1
1198 3870 1
3321 4313 1
609 3475 1
1089 4866 1
516 1032 1
356 3029 1
1706 3522 1
2002 2352 1
4252 4822 1
1313 4759 1
2450 4205 1
1907 2465 1
3550 4523 1
73 1401 1
1079 4528 1
1483 4389 1
332 2793 1
2506 4487 1
2211 3815 1
1877 4693 1
1591 4861 1
605 858 1
135 2629 1
317 4363 1
244 2572 1
2719 3440 1
981 4528 1
162 3671 1
4508 4761 1
3801 4899 1
2257 2820 1
1296 4539 1
1569 1665 1
251 3901 1
442 1217 1
1505 4124 1
3857 4427 1
2526 3395 1
482 4965 1
3364 4494 1
1177 4066 1
253 1695 1
4216 4710 1
2332 4283 1
3586 4314 1
1423 4472 1
179 2685 1
757 4611 1
3147 4617 1
1977 2779 1
1218 1973 1
2178 4755 1
87 4035 1
1678 2897 1
1115 4477 1
25 124 1
3452 4849 1
653 1413 1
305 2393 1
2390 2544 1
3257 4381 1
3499 3914 1
1250 2800 1
3225 3345 1
1043 2507 1
709 941 1
1218 3262 1
519 4981 1
457 4103 1
42 3861 1
103 4514 1
2977 3401 1
735 2512 1
1996 4468 1
1256 1460 1
3855 4838 1
1778 4016 1
945 1009 1
126 4124 1
788 4216 1
4246 4844 1
1476 1584 1
389 3164 1
293 2143 1
1399 2276 1
2277 3151 1
314 2431 1
405 4047 1
552 4474 1
2991 3433 1
3317 3603 1
2629 3202 1
743 1948 1
1877 4506 1
2032 2165 1
2014 2525 1
2702 2899 1
1429 3592 1
4474 4805 1
386 3781 1
402 3725 1
2800 4373 1
2510 3079 1
2067 2509 1
3807 4877 1
1406 3931 1
4489 4682 1
955 1026 1
427 2627 1
2677 3377 1
1569 2417 1
933 2206 1
2641 4851 1
621 2843 1
1471 3013 1
822 4819 1
2717 4846 1
1177 4229 1
907 4368 1
1115 3351 1
3238 3794 1
1304 1560 1
655 2612 1
311 2802 1
4175 4872 1
2783 4153 1
1327 4173 1
4004 4236 1
687 3089 1
0 4603 1
365 3038 1
1009 2551 1
3860 4487 1
2978 4779 1
1333 4368 1
477 3629 1
1409 4363 1
1722 2608 1
989 3777 1
178 4501 1
2066 3357 1
1341 2135 1
601 2325 1
4025 4308 1
642 821 1
1342 4430 1
812 1232 1
1381 3604 1
2334 4461 1
3430 4098 1
3564 4852 1
2894 3337 1
1140 1448 1
908 1879 1
1694 2788 1
1716 2547 1
47 1550 1
1421 2629 1
187 1530 1
1025 2629 1
2704 4344 1
2420 4585 1
2702 3517 1
3921 4493 1
4320 4956 1
2417 3533 1
3616 4611 1
3744 4796 1
1780 3097 1
1172 3214 1
3644 3811 1
1540 4549 1
4217 4612 1
3890 4217 1
320 904 1
3433 3749 1
1606 3856 1
2347 3302 1
2949 3370 1
31 4184 1
3828 4278 1
2341 2733 1
2984 3364 1
1116 2127 1
773 1007 1
957 1316 1
109 1192 1
4245 4916 1
1258 1429 1
862 1429 1
2415 4725 1
2700 4894 1
4219 4634 1
1239 4570 1
805 1834 1
1522 4858 1
1986 2518 1
46 4411 1
134 848 1
910 3698 1
1982 2749 1
4571 4685 1
3146 4018 1
868 3472 1
2867 4603 1
2917 4720 1
219 582 1
242 3949 1
3979 3992 1
276 2779 1
2607 4679 1
2051 2512 1
2799 4849 1
457 2790 1
2530 3678 1
67 1100 1
194 875 1
2714 3206 1
494 4550 1
220 2446 1
417 516 1
3763 4875 1
4158 4650 1
2624 3289 1
350 3616 1
2063 4161 1
1373 3714 1
1032 3421 1
2145 2473 1
923 4417 1
291 3386 1
3328 3792 1
571 3211 1
4050 4127 1
2906 3510 1
2257 3064 1
3325 4625 1
933 4731 1
39 3700 1
2564 3931 1
1999 2432 1
2051 4285 1
554 2052 1
192 4854 1
2074 2956 1
1489 4023 1
284 1410 1
1497 1632 1
1715 3023 1
904 4501 1
1388 3567 1
846 1298 1
3005 4404 1
3336 4918 1
2510 3644 1
292 3341 1
2658 3542 1
443 3510 1
87 2185 1
2029 2782 1
1580 4676 1
1683 2145 1
1258 4625 1
2010 4260 1
2094 4897 1
2529 4825 1
1725 2556 1
285 857 1
3648 4631 1
473 4291 1
989 1175 1
522 1709 1
1852 3270 1
852 4095 1
1101 4799 1
1407 4317 1
2295 4779 1
2596 3953 1
2665 3558 1
103 2664 1
807 1319 1
335 3953 1
1902 2983 1
66 3536 1
458 2074 1
2037 3558 1
820 3594 1
1565 4502 1
835 2182 1
94 457 1
1916 3389 1
1214 3871 1
3159 3261 1
2697 4893 1
529 3953 1
682 4949 1
127 1694 1
942 1089 1
2745 4560 1
641 1915 1
1832 3287 1
2589 3266 1
1702 1716 1
1139 2542 1
1218 2835 1
276 632 1
4313 4350 1
3079 4971 1
1081 2722 1
12 1690 1
1044 3594 1
590 1172 1
2714 3503 1
2249 2420 1
1486 4878 1
1502 4822 1
3126 4386 1
2193 2461 1
2102 4063 1
1009 2445 1
556 1911 1
2065 4935 1
295 823 1
1683 4052 1
1647 2328 1
26 4755 1
1032 3718 1
180 469 1
937 4612 1
1580 4489 1
1194 2733 1
1646 2076 1
3130 3700 1
1491 2323 1
4213 4603 1
358 3750 1
1614 4608 1
721 1358 1
1274 1507 1
1399 4427 1
4518 4835 1
1564 3740 1
1022 1471 1
2663 2894 1
3618 4578 1
5 629 1
1610 2395 1
290 3242 1
4144 4624 1
18 3308 1
219 1497 1
1449 4140 1
821 4571 1
1466 3555 1
2835 4290 1
66 4638 1
448 2488 1
482 1318 1
2737 4886 1
94 3653 1
3088 3423 1
899 2360 1
97 4890 1
112 3478 1
922 2529 1
3454 3931 1
988 4280 1
2017 2503 1
2180 3433 1
317 850 1
339 4773 1
3262 4111 1
1137 2309 1
1233 2771 1
2932 3418 1
418 4285 1
824 1031 1
1498 4917 1
3901 4219 1
976 4054 1
4472 4974 1
1495 4619 1
1089 3931 1
3329 4959 1
458 3310 1
1109 1550 1
1909 2165 1
524 2617 1
4047 4394 1
1171 3367 1
2745 3568 1
2065 3809 1
95 1164 1
137 4773 1
2037 2700 1
2485 4553 1
1401 4179 1
3121 4205 1
1744 2074 1
1962 3465 1
4167 4472 1
1939 4235 1
621 1745 1
480 3957 1
3594 4021 1
581 4009 1
566 2977 1
292 3906 1
2738 4036 1
1532 2541 1
2216 3173 1
423 2110 1
37 354 1
2755 4390 1
1153 2895 1
4482 4833 1
2900 3990 1
626 4317 1
215 3285 1
2474 2835 1
458 1700 1
862 4035 1
2441 4580 1
3351 4801 1
126 1900 1
3651 3750 1
1832 3718 1
2334 2424 1
3628 3739 1
40 786 1
2434 4698 1
1334 1347 1
618 1931 1
2433 4473 1
3505 3524 1
580 2578 1
3871 4032 1
461 2886 1
2135 3503 1
944 3794 1
352 3882 1
656 2573 1
2350 4596 1
2018 3857 1
619 4411 1
1494 4611 1
322 4390 1
2697 3364 1
2165 3503 1
96 4986 1
1436 4791 1
3144 4992 1
1919 3447 1
4391 4798 1
3403 4694 1
4504 4675 1
1087 1604 1
586 3308 1
3347 4762 1
1359 3231 1
741 4350 1
739 3523 1
2427 4792 1
1964 2816 1
1186 2522 1
2629 3206 1
1089 2589 1
2420 3032 1
2179 3909 1
687 2020 1
12 161 1
383 2548 1
321 916 1
2702 2903 1
2358 3093 1
1097 4520 1
3373 4239 1
3999 4701 1
887 1677 1
361 3324 1
3788 4639 1
140 1635 1
1298 1369 1
281 527 1
4179 4645 1
109 2672 1
747 4649 1
1420 3237 1
30 4099 1
2519 4111 1
4461 4708 1
1775 2647 1
835 3715 1
3698 4722 1
415 4849 1
2490 2592 1
1569 3710 1
786 820 1
2152 4290 1
1706 1729 1
2282 2828 1
615 938 1
2722 3100 1
354 3792 1
1486 2894 1
1622 4475 1
1355 4131 1
2972 4968 1
1258 4198 1
2020 4521 1
1569 1616 1
4108 4189 1
1888 4752 1
413 2278 1
3680 4092 1
1297 2032 1
163 2103 1
71 2514 1
566 4213 1
1987 3418 1
1032 1734 1
2145 4758 1
1630 4312 1
1266 4035 1
4097 4538 1
2519 4595 1
1109 3270 1
3048 4158 1
1618 3147 1
63 3161 1
894 2335 1
837 3521 1
570 3931 1
2013 2895 1
242 1591 1
366 903 1
2218 4990 1
31 2310 1
215 4871 1
3510 3815 1
2328 2906 1
3824 4914 1
59 3577 1
2127 4313 1
1313 1356 1
2360 4292 1
990 4086 1
2118 3446 1
3317 3770 1
2176 3424 1
3083 4128 1
641 4871 1
135 2259 1
1007 4440 1
2977 4641 1
3056 4934 1
41 1843 1
1342 1885 1
3785 3996 1
540 4415 1
347 2300 1
2023 4498 1
2055 3255 1
943 4805 1
522 3994 1
1554 1926 1
1200 1428 1
881 894 1
2150 4431 1
195 4538 1
317 2249 1
623 1043 1
1718 2707 1
2593 2907 1
1053 2290 1
699 1038 1
363 1089 1
703 1911 1
491 3718 1
342 1151 1
357 4657 1
3779 4874 1
3663 4699 1
375 4482 1
1137 2553 1
81 3446 1
857 3667 1
385 4611 1
1856 3179 1
1029 3370 1
700 2148 1
1309 3949 1
1379 2436 1
295 2624 1
1934 2466 1
745 4550 1
215 2106 1
3038 4438 1
1632 3821 1
3667 4417 1
3061 4607 1
3270 4946 1
264 4627 1
2423 3761 1
0 4554 1
3147 4731 1
1650 4750 1
51 1486 1
3065 3386 1
226 4493 1
1298 3544 1
3030 4331 1
862 4145 1
1514 1856 1
1304 2800 1
4644 4870 1
1856 2724 1
4299 4835 1
986 2087 1
807 2344 1
2178 3714 1
727 4078 1
1089 2215 1
1845 4413 1
1353 1507 1
334 2282 1
477 1836 1
937 3514 1
2886 4336 1
393 418 1
749 3463 1
3056 4747 1
1698 3612 1
2152 3782 1
3580 4343 1
2119 4773 1
228 2421 1
407 4638 1
544 2657 1
103 440 1
445 4341 1
3100 4645 1
2051 2545 1
1225 2237 1
3191 3228 1
2634 3310 1
1429 4861 1
488 2883 1
2698 4234 1
1476 3926 1
552 1555 1
3564 4348 1
2526 4127 1
699 4234 1
1811 3623 1
2669 3654 1
131 1683 1
1313 2592 1
36 4829 1
48 3900 1
2927 3131 1
3522 4472 1
1678 3629 1
4412 4980 1
545 2612 1
3289 4651 1
221 1734 1
2241 3742 1
2757 4790 1
1604 4619 1
3185 3547 1
1547 2772 1
392 1966 1
2340 2408 1
848 2771 1
1341 2115 1
2641 4965 1
4179 4755 1
3410 4015 1
482 2798 1
1301 3655 1
1480 1900 1
1113 4358 1
1426 2603 1
3485 3785 1
1043 4528 1
1752 3527 1
852 1550 1
969 2135 1
2192 3045 1
103 3152 1
1095 1685 1
611 3558 1
652 3367 1
2278 3758 1
1887 4102 1
904 2090 1
47 4913 1
1721 2120 1
3137 4391 1
100 3793 1
2663 4508 1
1356 1618 1
1939 2198 1
2023 2835 1
300 3265 1
4043 4062 1
1693 3081 1
4139 4709 1
335 1192 1
2683 3231 1
3242 4915 1
642 4318 1
91 4215 1
1729 1957 1
3133 3467 1
2114 3488 1
1009 2799 1
1339 1398 1
1042 3097 1
3975 4843 1
2490 4125 1
398 551 1
1738 2800 1
853 3575 1
216 4452 1
1239 4550 1
2670 3719 1
1632 4252 1
699 4047 1
2612 3714 1
1115 3733 1
671 1999 1
421 1824 1
2907 4571 1
555 1824 1
2574 4361 1
3153 4977 1
3523 3756 1
1644 3673 1
2564 4582 1
1337 3930 1
838 3051 1
1102 2343 1
1873 2220 1
647 2702 1
3176 4587 1
500 962 1
510 1650 1
861 4351 1
2344 2744 1
1017 4864 1
743 4103 1
2321 4423 1
1433 1517 1
2916 3320 1
266 3360 1
1940 4731 1
436 1327 1
1387 4555 1
279 3595 1
175 1902 1
168 4895 1
2346 3325 1
1195 1729 1
4074 4932 1
244 2446 1
1887 3915 1
3075 3326 1
1602 3931 1
1915 2176 1
3921 4286 1
4067 4111 1
479 3602 1
2316 4213 1
581 4818 1
653 2442 1
379 927 1
294 2509 1
712 3022 1
1541 4567 1
1387 1656 1
838 2380 1
141 2452 1
662 3844 1
1052 2309 1
1706 4819 1
1644 3941 1
2548 2627 1
1907 3762 1
670 702 1
573 769 1
1063 2848 1
1807 3531 1
742 3207 1
1478 2309 1
3159 4851 1
3455 3681 1
443 4079 1
1329 3906 1
551 3612 1
4410 4584 1
581 4952 1
4099 4133 1
1160 4070 1
2373 4292 1
3488 3979 1
1249 2607 1
4502 4523 1
3569 4318 1
1661 2551 1
699 3860 1
4042 4538 1
3438 4801 1
2390 4646 1
3683 4605 1
1159 4784 1
565 4799 1
187 4624 1
1004 2402 1
2571 3122 1
881 3500 1
187 1591 1
2334 4872 1
2860 4164 1
2473 3718 1
350 831 1
995 3979 1
1428 3080 1
2278 3250 1
2570 4590 1
1431 4317 1
211 3116 1
1465 3147 1
862 1356 1
1560 4138 1
3019 3635 1
89 3126 1
563 2228 1
2201 3188 1
1172 3275 1
1037 3050 1
343 3393 1
3115 4282 1
2665 2733 1
2016 4539 1
571 4748 1
2415 2558 1
3147 4170 1
2336 2450 1
3765 3990 1
2739 2840 1
523 1674 1
1393 3220 1
3027 3472 1
2027 2045 1
191 2598 1
4147 4442 1
21 3126 1
358 1957 1
3750 4217 1
2516 4838 1
49 2141 1
3648 3940 1
781 3753 1
3472 3714 1
655 4580 1
1852 2579 1
3932 4638 1
2810 3780 1
2906 4242 1
2386 3452 1
1713 2420 1
1372 2127 1
95 4364 1
1929 2984 1
1991 4616 1
3305 4890 1
516 2142 1
2238 4493 1
187 920 1
741 2260 1
1517 1727 1
1212 1845 1
3703 4936 1
862 3718 1
442 3132 1
2775 3385 1
961 3697 1
1066 2959 1
429 3836 1
1691 2230 1
2329 4207 1
1983 3570 1
2000 2985 1
747 3364 1
2002 4751 1
966 3667 1
458 3611 1
234 4657 1
957 2800 1
2126 3447 1
1675 4514 1
3975 4819 1
118 2230 1
1083 1569 1
1079 4833 1
3568 4845 1
545 4145 1
373 655 1
2055 2641 1
2626 3396 1
1461 1902 1
3694 4957 1
342 4725 1
1345 4171 1
1345 1727 1
3086 4320 1
1589 2087 1
468 4837 1
1968 2083 1
851 1569 1
545 2051 1
2601 2935 1
655 876 1
493 2800 1
2544 4121 1
1221 1287 1
1002 2677 1
3880 4716 1
1342 3499 1
897 4546 1
119 1246 1
411 2586 1
846 2514 1
4459 4773 1
687 1703 1
2216 4413 1
2522 3931 1
1348 4603 1
4019 4851 1
2959 4871 1
2916 4235 1
1061 4546 1
2627 3351 1
3809 4260 1
1603 3782 1
685 2165 1
358 1770 1
215 1492 1
651 4274 1
71 1713 1
1752 4255 1
3280 3357 1
4527 4661 1
81 4121 1
4224 4852 1
3746 4850 1
103 1436 1
1635 3855 1
3094 3352 1
398 795 1
229 3992 1
553 1083 1
548 739 1
4560 4959 1
1856 4204 1
854 1950 1
1413 3634 1
1342 4922 1
317 964 1
2051 4830 1
2000 2798 1
3743 3774 1
2972 4651 1
1153 4619 1
3140 4235 1
3558 3994 1
2400 3671 1
370 975 1
504 1729 1
989 3464 1
439 2243 1
2091 3855 1
1333 4405 1
245 3316 1
2900 3620 1
319 4019 1
4135 4355 1
1927 3050 1
1935 4631 1
1895 3512 1
840 4630 1
1951 4575 1
96 4132 1
3105 3436 1
2938 4262 1
1372 2424 1
466 632 1
1426 2660 1
1928 3810 1
1706 4929 1
135 2747 1
2067 4908 1
2511 3636 1
432 4431 1
1151 1674 1
3119 3492 1
669 3620 1
1969 4750 1
862 4954 1
2220 3056 1
348 1700 1
418 2439 1
447 1679 1
3718 4201 1
4825 4936 1
630 4015 1
995 2450 1
2775 4971 1
153 4615 1
2114 2256 1
2253 3354 1
1024 4319 1
3202 3503 1
1851 2785 1
566 997 1
3367 3570 1
3056 4617 1
683 4965 1
4514 4643 1
148 4806 1
1823 3369 1
2590 4413 1
1585 4894 1
153 3810 1
1003 3226 1
820 4273 1
104 4857 1
756 2568 1
4006 4213 1
1024 3514 1
2108 3888 1
1079 3975 1
2329 2544 1
2893 4572 1
178 1773 1
1876 3730 1
971 1409 1
1001 3503 1
2052 4895 1
2905 4582 1
1043 3914 1
1172 4324 1
3563 3993 1
4368 4952 1
1720 3375 1
918 2687 1
1996 2492 1
809 1239 1
1342 1702 1
1185 3216 1
3444 4459 1
599 1779 1
180 4047 1
2573 4351 1
2315 3561 1
348 1379 1
1313 3751 1
3364 4291 1
138 788 1
1086 3745 1
1891 2452 1
807 2832 1
3423 4871 1
555 4459 1
540 3427 1
87 449 1
3546 3931 1
724 2955 1
2346 3382 1
3597 4650 1
2795 3208 1
4837 4975 1
807 1677 1
564 4171 1
1092 4290 1
187 1969 1
1547 4870 1
426 1204 1
4147 4686 1
1526 4932 1
1200 1729 1
630 3828 1
138 922 1
1700 2052 1
2573 4835 1
397 624 1
1720 2704 1
683 3839 1
2023 3644 1
906 3130 1
2883 4502 1
966 1683 1
539 2370 1
3013 3794 1
2593 3208 1
1345 3931 1
607 1750 1
1591 4337 1
201 281 1
127 2052 1
1052 3305 1
589 2083 1
1344 4645 1
3444 4138 1
3220 4430 1
1353 3418 1
2383 4687 1
2015 4291 1
3842 4184 1
1715 3999 1
3654 4887 1
1935 3773 1
1585 1674 1
2483 2824 1
2990 4318 1
2383 2593 1
2985 4913 1
947 4019 1
1422 4312 1
837 1407 1
214 2182 1
2526 3810 1
415 4158 1
3890 4201 1
1703 3773 1
2642 4924 1
3831 4560 1
1981 2963 1
721 4615 1
4035 4555 1
466 4096 1
2136 4005 1
646 2751 1
257 724 1
2244 2784 1
2984 3348 1
3038 3584 1
595 4102 1
1266 2055 1
2138 4990 1
2207 4595 1
3423 4334 1
291 4630 1
1390 3784 1
2079 2316 1
4099 4324 1
2727 4981 1
401 3455 1
2677 3174 1
1698 2624 1
2812 4530 1
966 4395 1
864 2398 1
3697 4694 1
1541 1859 1
1470 3147 1
2564 4586 1
632 3179 1
334 3522 1
1703 4257 1
1599 3153 1
539 3927 1
848 4682 1
827 3805 1
2119 2630 1
482 1326 1
1409 4160 1
1638 1768 1
172 1100 1
3098 4119 1
2427 3914 1
266 3364 1
3492 4423 1
307 1675 1
647 3995 1
580 2773 1
13 2137 1
2488 4725 1
2032 2230 1
571 1906 1
1207 3810 1
181 408 1
3871 4577 1
3255 4079 1
352 4427 1
816 2087 1
30 1932 1
353 865 1
693 3939 1
4547 4567 1
1250 2544 1
1948 4572 1
1077 1835 1
332 4899 1
457 3847 1
3017 3325 1
2370 3514 1
434 2143 1
465 1456 1
2466 3222 1
2161 2586 1
516 4427 1
2402 2648 1
3439 4896 1
1443 4413 1
216 2041 1
1821 3807 1
281 4910 1
3655 4147 1
1256 1554 1
1841 4459 1
342 1399 1
223 4151 1
985 4474 1
3923 4312 1
974 3561 1
42 2800 1
188 4315 1
1043 4829 1
1420 4587 1
2236 2894 1
1089 4423 1
1323 2375 1
200 4675 1
897 4603 1
3495 4373 1
2237 3654 1
3436 4732 1
2128 4650 1
243 4752 1
2 1657 1
136 1657 1
1511 3900 1
2751 4225 1
632 3931 1
2760 2998 1
385 1021 1
2535 3819 1
2184 2838 1
2010 3439 1
3214 4107 1
2219 3024 1
49 2011 1
1111 1283 1
1981 2105 1
795 4460 1
302 1679 1
4035 4986 1
2493 3542 1
846 3994 1
242 847 1
4678 4863 1
75 2427 1
904 1720 1
1432 4091 1
1516 4728 1
539 841 1
349 4127 1
1935 3399 1
821 904 1
1467 4462 1
2883 3323 1
2979 3785 1
854 4235 1
2445 3097 1
425 1089 1
1719 2993 1
1718 2768 1
2961 3364 1
3967 4047 1
1358 3364 1
626 971 1
397 4117 1
1432 3286 1
3293 3729 1
3062 3796 1
221 4076 1
2136 4570 1
2378 4103 1
933 3723 1
2178 2702 1
3 3035 1
1276 4062 1
144 2516 1
267 3081 1
3147 3503 1
191 4025 1
614 4128 1
4160 4603 1
303 3677 1
2316 4514 1
2639 3447 1
1180 1506 1
2518 2928 1
1420 2656 1
223 715 1
773 2845 1
169 3862 1
346 1280 1
36 4272 1
146 3851 1
418 1341 1
1097 4073 1
1433 3241 1
4642 4885 1
1845 3185 1
220 1706 1
1491 3596 1
104 3975 1
3352 4793 1
2343 3812 1
1949 2195 1
1450 4726 1
2446 3001 1
1856 3724 1
436 3401 1
7 4981 1
110 3416 1
313 2055 1
122 2487 1
174 4340 1
482 2241 1
3308 4844 1
51 742 1
2879 3418 1
0 4160 1
805 2867 1
1342 4792 1
2296 4531 1
407 3760 1
1766 2087 1
1185 3273 1
1192 2000 1
1009 3047 1
692 4279 1
3727 4804 1
3804 4270 1
1519 2745 1
3188 3772 1
4411 4682 1
3056 3064 1
2493 4644 1
996 1657 1
549 968 1
729 2067 1
1427 4095 1
764 4505 1
203 3714 1
629 1836 1
1728 4962 1
2067 4428 1
1764 4619 1
632 3073 1
1378 2863 1
2236 4614 1
1960 2464 1
2488 4835 1
1717 3268 1
571 2016 1
2675 4661 1
2182 2284 1
981 1133 1
1980 3089 1
2830 3259 1
51 4609 1
2465 2572 1
3349 3824 1
2962 3378 1
2263 2623 1
4355 4507 1
1109 4701 1
2452 4215 1
280 4819 1
2983 3851 1
1820 2992 1
2252 3403 1
3480 4657 1
539 4521 1
3686 4533 1
1764 3814 1
2674 4035 1
1280 4933 1
1949 2813 1
347 564 1
1782 3639 1
242 3022 1
4179 4816 1
354 2674 1
3437 4179 1
482 2859 1
622 1149 1
1327 4348 1
436 1925 1
3447 4493 1
1136 4753 1
327 3860 1
267 3028 1
1636 3763 1
533 703 1
2850 4395 1
1979 3348 1
2624 4806 1
420 4209 1
2233 2706 1
347 698 1
1343 3137 1
2853 3353 1
3212 4195 1
1543 4888 1
858 4785 1
2062 3763 1
2067 4107 1
2929 3348 1
3116 3174 1
2441 3759 1
69 545 1
945 1936 1
2751 4924 1
3121 4457 1
4320 4781 1
2422 4456 1
1632 2085 1
257 781 1
2309 3990 1
1032 3783 1
1207 4538 1
71 1530 1
4546 4720 1
1416 1679 1
2551 4462 1
3781 4099 1
2627 4457 1
123 2070 1
452 848 1
3056 3816 1
719 4575 1
1302 2681 1
51 3133 1
42 4333 1
3987 4325 1
2944 4514 1
335 3831 1
1917 3893 1
921 3928 1
3620 3750 1
597 3050 1
1192 4391 1
739 1413 1
2418 3128 1
126 4596 1
974 3939 1
3618 4054 1
1734 3627 1
1166 4109 1
2346 4191 1
854 3056 1
195 387 1
943 4976 1
700 2774 1
94 3718 1
2067 3436 1
615 2666 1
4047 4325 1
2543 3365 1
1066 1784 1
1120 2020 1
423 2846 1
3733 3761 1
61 2615 1
2751 4603 1
1250 2601 1
909 2308 1
912 3545 1
1674 3868 1
2284 3797 1
2156 2299 1
1999 4567 1
4062 4178 1
2334 3510 1
667 1620 1
356 4387 1
1062 4778 1
456 4968 1
113 4602 1
545 4259 1
4361 4595 1
786 938 1
32 476 1
1302 4238 1
2745 4922 1
766 2915 1
162 3740 1
103 127 1
87 4320 1
4450 4825 1
61 655 1
1910 2027 1
1116 2920 1
2284 3931 1
1981 4122 1
1052 1215 1
2048 3654 1
332 2057 1
1541 3823 1
3234 4682 1
555 3792 1
3986 4317 1
3820 4779 1
3892 3901 1
743 810 1
421 4731 1
2331 4127 1
1935 4127 1
1655 2797 1
3032 3393 1
389 2160 1
119 2299 1
4057 4318 1
827 3325 1
911 4716 1
1237 2634 1
3514 3517 1
2120 4415 1
516 3813 1
2859 4754 1
194 3762 1
524 1422 1
1415 3845 1
345 3931 1
1019 1401 1
1979 3429 1
3942 4903 1
2176 2253 1
898 1232 1
4231 4632 1
3 1319 1
400 955 1
742 4102 1
1551 4271 1
67 2243 1
339 4651 1
1990 4318 1
2267 2906 1
553 2136 1
704 4749 1
2459 3076 1
2098 3851 1
2165 2629 1
2309 4071 1
158 3300 1
1424 4846 1
3447 4119 1
374 1612 1
735 837 1
505 3758 1
1845 3563 1
3310 4006 1
786 4939 1
1487 4205 1
1220 3861 1
4184 4920 1
2047 4047 1
538 1962 1
3688 4689 1
534 4472 1
2574 3914 1
1321 4293 1
1246 1675 1
3711 4299 1
904 1911 1
2576 4899 1
682 3030 1
69 4493 1
317 4595 1
3174 3313 1
1150 1563 1
711 4899 1
4869 4972 1
1882 3929 1
2047 3242 1
467 1506 1
367 4308 1
4581 4690 1
1050 4715 1
1734 2903 1
1393 2610 1
3700 3894 1
3113 4326 1
2344 3586 1
418 459 1
4021 4474 1
1173 3775 1
1896 3581 1
1681 4181 1
3668 3797 1
510 4370 1
1233 3267 1
691 998 1
1661 3714 1
95 1876 1
1168 3781 1
1065 2902 1
481 4571 1
945 2985 1
94 3344 1
349 4802 1
1087 4731 1
531 2564 1
1654 3832 1
419 1599 1
552 4572 1
2102 3433 1
784 1697 1
1706 3433 1
2803 3480 1
1104 2052 1
219 383 1
281 2015 1
845 4043 1
889 3561 1
125 721 1
2046 4413 1
2015 2848 1
2132 3433 1
3404 3454 1
3710 4692 1
267 3406 1
3364 4055 1
862 4747 1
2316 3900 1
2340 4486 1
507 2304 1
605 2647 1
1470 4603 1
1217 4157 1
513 3812 1
3382 4045 1
759 3464 1
509 3289 1
739 3751 1
1104 2186 1
138 4285 1
1482 1580 1
2526 4245 1
2464 3367 1
2127 2284 1
2961 4173 1
96 4059 1
2859 3896 1
3106 3773 1
2015 2982 1
480 2709 1
220 1092 1
267 2601 1
3900 3984 1
1347 3233 1
1584 4866 1
247 2134 1
1537 2576 1
2459 4312 1
632 4419 1
2978 4877 1
1266 2490 1
4772 4852 1
2564 2793 1
398 3434 1
2373 3979 1
1172 2828 1
712 2843 1
2334 3270 1
2867 3733 1
1807 4507 1
1507 1771 1
3017 4431 1
2824 4036 1
621 3075 1
1068 2074 1
2723 3203 1
2537 3979 1
1950 3630 1
3658 3831 1
242 4368 1
1845 3055 1
53 4846 1
1131 4651 1
611 4615 1
3668 4899 1
2565 4283 1
921 2562 1
1344 2665 1
1492 3317 1
1161 3712 1
2260 4586 1
582 4035 1
724 2398 1
3886 4196 1
529 3620 1
3772 4848 1
1177 4595 1
1516 4061 1
3570 4899 1
1175 1516 1
39 4924 1
4271 4946 1
418 4728 1
1682 3949 1
555 2747 1
1026 2332 1
3978 4320 1
2178 2840 1
1050 3857 1
1769 3544 1
2926 3642 1
94 258 1
651 1115 1
3151 3760 1
398 669 1
1192 3159 1
366 1131 1
1283 3277 1
807 3698 1
449 3990 1
320 1136 1
483 2820 1
1200 3400 1
1526 3570 1
3446 4408 1
2257 2328 1
1864 3565 1
852 1347 1
61 3477 1
4066 4274 1
2011 3211 1
3289 4582 1
2646 4890 1
383 3878 1
2583 4541 1
1891 4957 1
4066 4624 1
545 2893 1
1830 2991 1
2301 4074 1
2291 3386 1
1659 2355 1
53 3370 1
2011 4500 1
1602 2760 1
203 4068 1
53 337 1
3391 4054 1
4358 4809 1
3952 4121 1
2114 4224 1
3220 4357 1
1379 2314 1
257 1456 1
84 747 1
335 2278 1
3480 4661 1
2685 4952 1
1587 4680 1
965 1893 1
2078 4917 1
572 3130 1
2859 3038 1
754 2612 1
319 994 1
297 2144 1
3246 4615 1
3086 3202 1
178 2452 1
1716 2242 1
391 3499 1
4539 4574 1
1308 4891 1
4341 4589 1
331 415 1
447 3781 1
1677 3418 1
385 651 1
1281 3418 1
1895 4809 1
1728 2417 1
1007 1903 1
1815 4291 1
1548 4701 1
42 2914 1
1089 4537 1
337 2458 1
3234 4739 1
2871 4687 1
3595 4718 1
3039 4271 1
506 3398 1
1887 2423 1
53 605 1
2599 4349 1
921 3798 1
1347 1920 1
3370 3445 1
2816 3825 1
2487 2603 1
2452 3548 1
2909 3235 1
1601 3907 1
240 4753 1
481 4815 1
1700 4825 1
2185 3554 1
4578 4612 1
3595 4852 1
87 2417 1
3705 4458 1
1055 2054 1
917 4564 1
213 4219 1
1935 4318 1
398 966 1
709 4800 1
1207 2798 1
1338 3281 1
2614 3825 1
3832 4391 1
2700 2845 1
2051 4651 1
2442 3718 1
2894 3061 1
1001 4800 1
1294 2578 1
554 2768 1
4508 4566 1
53 4472 1
2742 4360 1
943 4980 1
328 3364 1
104 4410 1
4066 4571 1
743 3579 1
3039 3950 1
718 2768 1
843 1716 1
1261 1475 1
2228 2984 1
2032 4735 1
2128 4443 1
2269 3924 1
1052 2240 1
453 1157 1
1998 2872 1
1091 3888 1
2634 4022 1
507 1393 1
2253 4330 1
166 1100 1
2977 4361 1
226 1151 1
3063 3381 1
2415 4099 1
135 2918 1
1990 2415 1
389 3774 1
4375 4521 1
1211 1896 1
2291 4972 1
1425 4299 1
1247 4936 1
500 3955 1
1602 1902 1
4560 4809 1
2392 4623 1
957 3268 1
554 2097 1
4213 4701 1
1398 3950 1
786 4325 1
1413 4423 1
2235 2545 1
2859 4624 1
2126 2760 1
2526 2879 1
743 814 1
2790 2925 1
701 3032 1
1052 1569 1
2924 4645 1
4102 4846 1
1810 2150 1
2295 3885 1
1656 1683 1
2141 3418 1
159 1702 1
386 2647 1
2065 4362 1
1409 2745 1
2245 3017 1
242 3807 1
908 1416 1
619 1313 1
21 2118 1
2359 2715 1
1798 4368 1
1425 3628 1
545 4747 1
586 2304 1
3273 3809 1
1083 3110 1
618 1061 1
759 2232 1
2825 2895 1
2301 2895 1
2781 4286 1
580 1708 1
1719 1981 1
26 2088 1
1240 3444 1
455 3110 1
3013 3481 1
480 4860 1
1401 3927 1
1100 4753 1
3732 4107 1
946 4286 1
3265 4641 1
2723 3126 1
1220 2576 1
1832 3332 1
591 2782 1
317 4465 1
738 2243 1
338 2309 1
3176 4949 1
1720 4969 1
102 4661 1
732 2613 1
2675 3620 1
1730 4344 1
1654 3568 1
1048 3758 1
425 4533 1
1280 2603 1
2335 3902 1
2300 4847 1
2629 3625 1
3170 3949 1
764 2659 1
2747 4785 1
161 4086 1
2187 2876 1
2689 4026 1
1811 4282 1
4493 4689 1
61 3855 1
998 4179 1
3382 3431 1
66 1166 1
267 3142 1
1614 3364 1
1199 3122 1
2887 4391 1
2126 3512 1
835 2845 1
3364 4730 1
2434 4796 1
1957 4642 1
2335 4036 1
732 4036 1
2054 4925 1
1410 2379 1
2365 4063 1
999 1347 1
3641 4607 1
2204 4869 1
2397 2820 1
1313 2446 1
738 4955 1
1355 3611 1
2898 4499 1
1719 4827 1
2329 4756 1
2733 3119 1
805 1639 1
2085 3083 1
1455 2687 1
3824 4849 1
2731 3231 1
1270 2907 1
843 1342 1
2990 4623 1
103 4750 1
2924 4003 1
1083 4212 1
1911 3842 1
1632 4427 1
2425 4063 1
3242 4285 1
1043 4032 1
850 4391 1
946 4099 1
2278 2323 1
717 829 1
111 1019 1
2950 3130 1
159 1999 1
1729 2266 1
2281 2971 1
51 1153 1
2309 4238 1
3181 4167 1
2432 4079 1
1445 2857 1
232 383 1
1983 4603 1
1066 4931 1
389 4689 1
3777 4578 1
1115 3103 1
1674 4787 1
149 506 1
2229 2565 1
488 3355 1
144 3545 1
598 2961 1
3961 4291 1
1803 4793 1
479 2488 1
854 2365 1
3121 4250 1
146 4530 1
337 1092 1
140 3961 1
2077 4214 1
3257 4296 1
1526 4111 1
1550 2253 1
3595 4291 1
1780 2715 1
134 3365 1
4066 4815 1
2204 3393 1
1151 2894 1
3188 4317 1
187 3376 1
1176 3890 1
775 3546 1
78 4372 1
811 3203 1
1066 2032 1
2748 3264 1
699 3901 1
3371 3620 1
1965 3757 1
941 3434 1
141 2627 1
115 2160 1
1052 2484 1
1222 2895 1
448 1057 1
2490 2824 1
2790 4779 1
799 2977 1
1187 4779 1
2305 3983 1
2895 4980 1
372 4603 1
2943 3681 1
477 832 1
764 862 1
499 1345 1
1008 1222 1
216 4440 1
899 2218 1
727 4363 1
1449 2254 1
2779 3061 1
2193 2937 1
1491 2665 1
4407 4437 1
3455 3990 1
540 4513 1
2835 4282 1
803 951 1
2275 2373 1
2584 3882 1
354 2064 1
2903 3635 1
565 786 1
2579 3888 1
58 3584 1
4366 4382 1
2535 2835 1
1911 4139 1
1792 2727 1
30 4949 1
351 3055 1
103 2953 1
352 4411 1
1642 4099 1
2048 3097 1
4360 4725 1
2471 3200 1
1416 4318 1
2794 2887 1
943 1654 1
1734 4627 1
1911 2045 1
267 2768 1
3959 4566 1
7 1151 1
1648 2574 1
1770 3503 1
1166 2076 1
394 3667 1
643 2651 1
2553 2801 1
2243 4073 1
185 1049 1
3436 4582 1
266 1388 1
71 3364 1
2664 2790 1
3806 4300 1
1729 1758 1
2641 2806 1
66 3959 1
3154 3556 1
2062 4792 1
412 1563 1
2516 4208 1
3693 4773 1
1574 2759 1
583 2384 1
1412 3929 1
782 3725 1
276 921 1
355 1968 1
2161 2704 1
2307 2529 1
2732 4398 1
242 2441 1
4581 4804 1
61 1871 1
1545 4808 1
3810 4368 1
480 2205 1
2233 3869 1
2446 4916 1
2938 4624 1
2614 4500 1
1301 4074 1
2744 3038 1
4139 4994 1
904 4603 1
1250 2796 1
534 2626 1
2047 2551 1
3803 4486 1
2760 3921 1
729 1754 1
1990 2956 1
3521 4773 1
1601 1683 1
3644 3860 1
933 1934 1
1548 2961 1
4099 4605 1
2431 3988 1
1061 3782 1
1140 4075 1
1250 1991 1
1876 4897 1
2131 3726 1
1584 4496 1
1537 4650 1
1835 1863 1
1700 3890 1
2894 3870 1
1459 2515 1
2700 4004 1
1375 4507 1
421 3987 1
2052 3968 1
173 3885 1
1250 3280 1
1537 2556 1
195 3644 1
3347 4754 1
3914 4047 1
4024 4215 1
309 3931 1
4103 4508 1
216 1488 1
317 2294 1
3927 4282 1
2016 4661 1
409 2822 1
2299 4949 1
3031 4117 1
1843 2639 1
927 4101 1
266 4584 1
617 3121 1
1585 3512 1
1118 4800 1
1089 3870 1
199 329 1
3617 3810 1
1167 4692 1
848 4158 1
1937 2624 1
977 3814 1
3654 4631 1
1338 1541 1
481 4364 1
4526 4560 1
1495 4908 1
2636 3564 1
2723 4472 1
2425 2563 1
2982 3420 1
112 2962 1
977 4164 1
758 858 1
3781 4941 1
654 3137 1
892 1962 1
833 2321 1
1412 2937 1
2205 2573 1
326 2490 1
2081 4981 1
1675 2758 1
2253 4684 1
830 4652 1
918 1089 1
2721 4560 1
537 3841 1
251 3255 1
307 4318 1
4257 4654 1
57 3389 1
1731 4760 1
3050 3688 1
1025 1336 1
2562 4099 1
955 1506 1
2197 3220 1
487 3323 1
1855 4422 1
1113 3785 1
1775 3123 1
212 2522 1
809 1280 1
2894 3683 1
4322 4998 1
3995 4603 1
1341 4709 1
2554 4931 1
1967 4582 1
2370 4063 1
3495 4438 1
1855 3617 1
3286 3510 1
1569 2442 1
309 1650 1
679 4566 1
1388 2811 1
856 1230 1
2840 3581 1
2138 4063 1
715 4223 1
975 4335 1
797 4972 1
647 1995 1
482 3648 1
989 3452 1
4182 4563 1
1547 4911 1
4224 4974 1
3725 4095 1
518 834 1
161 1728 1
332 4993 1
564 2118 1
991 1431 1
1344 2458 1
802 4915 1
1812 2334 1
2023 2746 1
619 2956 1
568 3930 1
4138 4799 1
1551 4629 1
257 281 1
516 2427 1
3446 4656 1
3043 3485 1
173 3027 1
2521 4312 1
2927 3310 1
3329 4256 1
471 1903 1
839 2299 1
1754 3618 1
1890 4445 1
2721 4373 1
1774 4270 1
342 2432 1
2723 4419 1
641 3253 1
3268 3953 1
4161 4759 1
2220 3044 1
455 3248 1
837 1098 1
18 995 1
963 3654 1
1341 2294 1
1934 2808 1
485 2309 1
1543 4872 1
1851 2773 1
3153 4538 1
820 2033 1
417 862 1
2940 4430 1
835 4004 1
140 3213 1
639 682 1
2072 3122 1
1888 3752 1
601 1329 1
965 4235 1
1906 4523 1
863 3958 1
457 3270 1
226 4835 1
69 4851 1
318 1391 1
1194 2782 1
2152 4929 1
3248 3620 1
1200 4482 1
2894 4785 1
2338 4338 1
532 4733 1
3607 4842 1
1728 4759 1
1967 2301 1
2944 4498 1
169 894 1
3868 4617 1
860 4949 1
853 1526 1
2726 4046 1
292 2398 1
2725 3821 1
428 3979 1
3753 4263 1
1826 3200 1
1516 4472 1
2230 3061 1
778 2291 1
3080 3231 1
481 3990 1
1945 3831 1
417 2285 1
2370 3071 1
3141 3857 1
3590 3683 1
3440 3924 1
1215 3204 1
1227 2275 1
1533 1793 1
19 145 1
5 4411 1
1887 4765 1
1151 2630 1
282 3938 1
2017 4996 1
777 884 1
2494 3083 1
1066 2707 1
1009 2173 1
240 679 1
1215 4493 1
685 1295 1
1504 2152 1
1793 3975 1
153 2188 1
581 2635 1
717 4216 1
631 1998 1
1718 3801 1
412 1136 1
3902 3931 1
3750 4099 1
2263 2554 1
1198 2984 1
1630 2641 1
3425 3750 1
511 3185 1
2584 4073 1
347 3528 1
4559 4618 1
135 3837 1
2968 4413 1
1030 4689 1
963 3467 1
2152 3103 1
1919 4033 1
264 460 1
68 3554 1
482 1851 1
2613 2909 1
81 2446 1
951 1548 1
2231 3746 1
367 2251 1
2757 3038 1
1217 2421 1
1193 1835 1
809 906 1
652 2420 1
715 4654 1
1153 1655 1
788 968 1
2193 3612 1
3439 3782 1
180 331 1
2026 4438 1
2685 4074 1
1092 1379 1
1916 2580 1
2165 3284 1
2094 4572 1
3171 3967 1
175 3370 1
1374 3694 1
1824 3930 1
1564 4757 1
1388 4531 1
985 3360 1
2482 4280 1
4138 4291 1
229 1512 1
315 3915 1
337 3674 1
2097 2345 1
3902 4199 1
1882 2945 1
1066 3325 1
4438 4933 1
912 2858 1
103 245 1
2835 3213 1
4412 4651 1
4623 4871 1
3447 4908 1
539 748 1
902 4772 1
2717 3342 1
1703 2017 1
1113 2740 1
75 3273 1
479 882 1
2067 3233 1
4618 4877 1
1984 2417 1
2689 3172 1
519 2351 1
1066 2520 1
1296 2982 1
77 4635 1
1087 2808 1
1560 3028 1
1869 3783 1
1263 3973 1
3871 4431 1
3618 3985 1
1156 1632 1
3161 4271 1
981 4260 1
3579 4030 1
3768 4683 1
456 3126 1
1345 1504 1
2979 3476 1
280 4563 1
3291 3748 1
1856 3147 1
1855 2922 1
965 2572 1
3074 3871 1
3153 4164 1
1728 1807 1
2867 4709 1
981 3455 1
3200 4360 1
1541 2331 1
2016 2624 1
101 632 1
1527 4153 1
577 4533 1
477 2609 1
2421 3841 1
1311 2054 1
1612 1982 1
1531 4272 1
2723 4179 1
1338 4631 1
1775 3851 1
371 4815 1
1265 4503 1
2096 4431 1
1750 3794 1
2216 3035 1
1932 3276 1
2277 3688 1
334 1900 1
3973 4818 1
482 1798 1
454 504 1
175 1089 1
452 3841 1
1183 1845 1
3414 4073 1
1275 4817 1
4769 4910 1
1709 2830 1
17 4071 1
2790 4596 1
1852 4047 1
4417 4808 1
1831 4109 1
1151 1906 1
4107 4767 1
743 3774 1
223 2984 1
313 1157 1
1046 4714 1
309 3667 1
278 2102 1
138 1341 1
2689 2985 1
1175 1337 1
2916 3930 1
386 2574 1
573 2400 1
624 4617 1
2662 3232 1
3618 3798 1
3678 4603 1
548 4972 1
1504 2128 1
372 582 1
41 2697 1
261 4915 1
2664 4217 1
1852 2087 1
580 4668 1
1003 2519 1
4215 4434 1
2807 3182 1
827 4895 1
574 4449 1
1694 4480 1
4042 4075 1
30 3827 1
1650 4181 1
786 3581 1
1950 3130 1
314 553 1
2721 3007 1
1762 3833 1
795 2354 1
394 1256 1
2134 2658 1
1611 4603 1
1506 3089 1
916 3812 1
317 1009 1
1682 4254 1
26 1210 1
1832 4198 1
292 3581 1
2298 3439 1
1641 4603 1
87 1836 1
3555 4872 1
1227 2519 1
1659 2176 1
595 1488 1
1092 2294 1
1675 4372 1
3246 4302 1
632 2309 1
2724 3439 1
4255 4502 1
1114 2992 1
295 445 1
2295 4430 1
244 4829 1
137 2488 1
429 3828 1
850 1606 1
1674 2807 1
1911 4440 1
3812 4282 1
488 4408 1
333 1087 1
818 2068 1
363 2427 1
2121 4435 1
3010 4533 1
221 1031 1
3841 4461 1
3620 4462 1
3220 4528 1
211 3726 1
109 1729 1
2490 4682 1
984 2895 1
3212 3886 1
2589 4661 1
3364 4657 1
933 1617 1
2142 2629 1
1381 3470 1
63 1734 1
2955 3671 1
2488 4205 1
2574 3979 1
3434 4837 1
4917 4920 1
1431 2244 1
3454 3769 1
701 4650 1
1342 4646 1
1292 2085 1
1708 4215 1
672 3131 1
1024 2270 1
1543 2835 1
3618 4550 1
2535 3620 1
1845 3173 1
4107 4714 1
1409 3774 1
2905 3338 1
1238 1448 1
2230 3923 1
3577 4899 1
449 2685 1
1266 3092 1
63 4312 1
426 1920 1
2420 2707 1
3078 3616 1
769 2259 1
927 2845 1
2805 3457 1
4933 4998 1
117 4733 1
589 1510 1
2824 4638 1
1439 1680 1
3126 4976 1
2136 4237 1
946 1932 1
963 2101 1
138 2927 1
4585 4823 1
2775 4345 1
672 4554 1
3590 3740 1
1269 2558 1
1766 3364 1
294 2127 1
1688 4612 1
1268 3272 1
2699 4885 1
109 3286 1
2521 3832 1
893 1116 1
4443 4716 1
126 3832 1
1659 3278 1
2483 4479 1
2321 2431 1
991 2590 1
2054 2087 1
3122 3648 1
2917 4936 1
551 2291 1
1540 2805 1
32 4355 1
2489 2954 1
2291 4659 1
854 3231 1
1092 1302 1
4603 4974 1
2965 3822 1
1426 3807 1
1864 4972 1
2612 3145 1
12 2548 1
1875 2852 1
2782 3556 1
1823 4382 1
1420 2457 1
460 4401 1
1458 3503 1
372 2302 1
2495 2745 1
1029 2077 1
1750 1810 1
1533 3273 1
945 4823 1
32 3550 1
3960 4881 1
358 4474 1
2191 3623 1
1426 3002 1
1421 2658 1
2420 4614 1
1297 4285 1
335 2396 1
2664 4193 1
1420 1652 1
895 1272 1
4083 4291 1
3513 4138 1
1069 4054 1
4560 4630 1
450 3258 1
2143 4871 1
2464 2977 1
549 4957 1
3584 4728 1
153 4957 1
1636 2596 1
2246 2525 1
2256 4933 1
1650 1713 1
2588 3393 1
1886 3121 1
786 4496 1
1839 2551 1
3391 4656 1
1655 4127 1
3418 4035 1
1998 4466 1
179 1990 1
620 2864 1
2865 3270 1
570 1057 1
2575 2942 1
457 4563 1
407 2756 1
2163 3937 1
1835 4071 1
2008 3999 1
468 3382 1
2067 4579 1
663 4789 1
64 3706 1
2604 2717 1
3846 4431 1
854 3044 1
3980 4431 1
2013 2249 1
683 2408 1
3119 4102 1
4411 4617 1
1599 3548 1
460 3275 1
1200 2526 1
604 3404 1
2235 4139 1
3105 3241 1
3452 4288 1
950 4980 1
3317 4063 1
1495 3733 1
1146 3579 1
425 3065 1
3378 4689 1
123 448 1
3070 4344 1
174 2665 1
507 4760 1
988 2589 1
2080 4544 1
127 2260 1
61 3892 1
653 1552 1
696 2188 1
2624 4607 1
1911 2456 1
705 961 1
925 2425 1
975 2542 1
842 4642 1
765 2143 1
1009 4755 1
400 1264 1
618 2655 1
2013 4611 1
3200 3612 1
296 3543 1
1214 2127 1
1775 3103 1
1988 4150 1
1322 1845 1
1280 4063 1
2303 4161 1
4018 4752 1
102 4966 1
811 3211 1
671 4894 1
2049 3463 1
2789 3273 1
836 989 1
352 418 1
418 3667 1
387 2102 1
896 1979 1
1097 3955 1
1341 2595 1
3433 3725 1
2665 3587 1
1173 3950 1
2085 4998 1
1427 4998 1
1100 4603 1
1347 2790 1
1866 3355 1
4169 4897 1
198 2179 1
989 3432 1
1297 1333 1
1486 4423 1
2907 3628 1
1179 1462 1
876 1461 1
2252 3367 1
3855 4306 1
1909 2247 1
3227 3983 1
622 3796 1
460 994 1
295 3401 1
3772 4271 1
1218 1575 1
3718 4974 1
2988 3408 1
493 4325 1
739 1348 1
2800 3357 1
618 3273 1
353 3756 1
4303 4846 1
1782 4542 1
691 3751 1
87 604 1
1422 1755 1
3768 4687 1
1185 3505 1
1219 3089 1
3137 4066 1
767 4685 1
1486 3618 1
2636 3491 1
1295 4023 1
498 4645 1
1193 3746 1
871 3695 1
3949 4102 1
1356 4676 1
822 4742 1
1061 3038 1
3624 3753 1
4099 4800 1
1297 2756 1
2127 2459 1
332 3013 1
958 3475 1
379 4522 1
1489 3865 1
2335 4825 1
1173 4568 1
1072 1483 1
1266 1726 1
108 1965 1
1046 1201 1
2052 3574 1
3825 4924 1
924 2901 1
897 4461 1
2753 4560 1
3950 4811 1
4368 4570 1
206 1345 1
3774 3831 1
21 4009 1
3286 4242 1
4100 4755 1
827 3126 1
2050 4036 1
715 4605 1
3827 4596 1
848 3414 1
892 2962 1
1442 2840 1
906 3769 1
109 981 1
1026 2373 1
279 1392 1
91 1341 1
2572 4498 1
2990 4257 1
519 4262 1
3285 3616 1
2256 2949 1
2405 4735 1
1416 1777 1
939 4067 1
891 3087 1
440 4908 1
1212 1223 1
2483 3113 1
519 2168 1
2900 3401 1
1420 2835 1
1934 3056 1
1626 2903 1
1706 4360 1
1233 2450 1
2399 2826 1
1298 2845 1
2168 4391 1
3376 4269 1
927 3841 1
1302 3718 1
2313 4745 1
1281 3780 1
1002 4365 1
87 1356 1
682 2697 1
1912 4586 1
3171 3463 1
2188 3703 1
109 4498 1
337 2820 1
1070 2405 1
2178 3365 1
1978 4243 1
3382 4033 1
1637 3950 1
819 4257 1
66 2707 1
914 4494 1
2624 3078 1
48 3067 1
397 3975 1
1089 2805 1
641 4335 1
223 1378 1
1821 4417 1
3316 3571 1
3565 4275 1
215 3180 1
3372 4634 1
944 1111 1
567 4571 1
1195 1888 1
2275 4772 1
1832 4202 1
1109 3807 1
261 2020 1
1538 3166 1
1144 3801 1
4411 4861 1
3268 3880 1
862 1836 1
1345 2744 1
773 1764 1
2244 4496 1
224 3242 1
1387 3909 1
2516 2740 1
3724 4281 1
4290 4692 1
1275 1601 1
2085 4624 1
2305 2678 1
365 2319 1
1461 1764 1
967 4639 1
1483 1523 1
548 4655 1
1169 3807 1
2425 4665 1
418 4582 1
1151 4167 1
2261 3510 1
3116 4024 1
3990 3999 1
3807 4292 1
655 738 1
1585 4809 1
570 630 1
946 2607 1
3564 3783 1
1368 3993 1
2963 4317 1
103 4547 1
1801 4060 1
178 1688 1
3022 4897 1
1914 3937 1
1506 2422 1
2578 4102 1
3890 4303 1
2145 4974 1
597 2961 1
2629 4040 1
937 3783 1
1489 4296 1
408 3439 1
795 2387 1
103 359 1
1219 3654 1
602 1211 1
2176 2351 1
534 3147 1
651 4486 1
2962 4980 1
1313 4605 1
3945 3959 1
875 4379 1
135 4569 1
941 3686 1
2085 4303 1
1617 2737 1
78 4974 1
1540 1736 1
797 4846 1
788 3794 1
3618 4099 1
595 3399 1
672 3619 1
1692 3446 1
244 2768 1
4067 4083 1
4215 4735 1
1021 3399 1
1086 3794 1
518 1058 1
454 3517 1
1648 3497 1
18 1674 1
2653 3955 1
641 4282 1
2977 4052 1
494 2542 1
1755 3744 1
1674 2624 1
4074 4099 1
130 1484 1
3541 3986 1
910 1824 1
1390 3215 1
507 4817 1
178 1151 1
319 3076 1
195 566 1
1540 3159 1
1932 2451 1
48 1270 1
292 3882 1
2563 3257 1
1962 3791 1
1349 3564 1
820 4940 1
3051 3196 1
1256 1306 1
1392 2887 1
1937 4673 1
1092 2595 1
1266 3714 1
856 3816 1
2655 4135 1
1256 4689 1
1908 3154 1
504 3364 1
1703 3688 1
545 921 1
3452 3890 1
3309 3612 1
910 1019 1
103 3205 1
2052 2529 1
2544 2991 1
2519 4624 1
126 1876 1
2596 4844 1
4299 4701 1
3063 4495 1
1602 4171 1
1777 4926 1
4755 4917 1
1149 4576 1
2329 2406 1
3018 3382 1
4067 4701 1
607 994 1
2067 4099 1
134 4719 1
2049 4459 1
2071 4218 1
1101 1502 1
534 866 1
1083 1862 1
317 639 1
17 347 1
3759 4706 1
514 1153 1
1412 2303 1
187 4730 1
2542 4742 1
33 4263 1
3255 3860 1
1426 3140 1
529 4844 1
2048 2894 1
1729 2360 1
1617 3839 1
350 4320 1
836 4213 1
2658 3762 1
2000 3762 1
56 840 1
1038 2627 1
1609 3382 1
1297 2329 1
3697 3804 1
1009 1108 1
631 933 1
2561 4179 1
3091 4933 1
442 2165 1
3 4747 1
378 4624 1
187 892 1
3105 4050 1
164 908 1
2593 3875 1
342 1180 1
922 3741 1
4874 4877 1
2871 4004 1
1876 2921 1
1807 4255 1
115 3998 1
2792 4061 1
16 3238 1
1311 3270 1
1342 3337 1
2828 4657 1
1728 4312 1
1043 3455 1
199 2541 1
2006 4441 1
1264 3804 1
259 3531 1
3906 4812 1
87 4178 1
2358 3553 1
954 3763 1
3177 3656 1
1721 4430 1
2182 2573 1
1781 2229 1
289 4312 1
2489 3255 1
882 4826 1
3480 4596 1
835 4980 1
2872 4713 1
1067 3825 1
2026 4662 1
452 519 1
1281 2064 1
2599 3800 1
1372 1428 1
1597 3990 1
3061 3831 1
1182 3748 1
848 2182 1
75 3952 1
3913 4047 1
1855 3467 1
3126 3667 1
1099 4652 1
1519 4457 1
2322 2337 1
3130 4725 1
4224 4474 1
1864 3529 1
3027 4196 1
1577 3472 1
2182 3057 1
1115 2660 1
1216 4432 1
1560 4996 1
1329 4309 1
176 4138 1
71 2624 1
1728 4580 1
457 1347 1
598 2518 1
1232 3595 1
3718 4844 1
215 2753 1
550 757 1
583 705 1
113 756 1
2593 3688 1
1502 2143 1
1275 2918 1
2775 3170 1
3673 4320 1
73 2296 1
1022 1691 1
2572 3750 1
1342 2800 1
2494 4998 1
3020 4290 1
1225 4844 1
519 1420 1
2294 2843 1
1056 2564 1
1928 2493 1
2456 4864 1
3659 4398 1
1137 4623 1
1001 3796 1
1885 2796 1
1250 4500 1
479 2179 1
379 1009 1
1678 2503 1
1805 2278 1
2350 4064 1
2439 3355 1
149 1486 1
1344 4320 1
1805 3217 1
910 1584 1
2769 4398 1
257 3648 1
632 3525 1
66 670 1
145 963 1
1179 3694 1
391 1369 1
1055 4567 1
1848 4203 1
965 1641 1
3556 4404 1
3153 3233 1
519 1554 1
998 4972 1
1185 4798 1
1964 2284 1
921 2473 1
4047 4614 1
924 3710 1
2241 4255 1
854 4634 1
3089 3598 1
625 4582 1
1258 2243 1
348 2961 1
974 3423 1
2812 2916 1
931 2006 1
1010 2299 1
1359 4927 1
2006 2294 1
2138 4665 1
352 4773 1
315 4891 1
3749 4933 1
1538 3357 1
2427 3455 1
450 2083 1
1735 3871 1
2259 3090 1
1089 1252 1
32 4953 1
656 1370 1
926 2951 1
258 2263 1
689 4701 1
1066 2207 1
850 862 1
328 1689 1
2690 3434 1
909 1442 1
1463 2782 1
4217 4755 1
1149 2592 1
4363 4580 1
3324 4888 1
3393 4493 1
935 3013 1
1745 2064 1
3976 4292 1
1342 2613 1
2510 3624 1
1026 3316 1
308 3265 1
2216 2588 1
1398 2141 1
494 1176 1
1106 4184 1
1111 4528 1
2508 4867 1
4404 4715 1
2138 3994 1
448 3810 1
3068 3339 1
1432 3953 1
3426 3986 1
931 2624 1
3809 4663 1
3440 4042 1
1900 3425 1
711 1537 1
1123 3733 1
3824 4382 1
154 3871 1
65 1547 1
3113 4936 1
699 1311 1
655 2702 1
440 3302 1
1176 1650 1
155 1598 1
2067 2733 1
3564 3653 1
854 1198 1
2932 4874 1
1836 2985 1
695 2077 1
1949 2862 1
841 1902 1
607 3950 1
555 3760 1
490 921 1
2136 2688 1
4238 4506 1
747 1486 1
2118 3048 1
705 2014 1
1892 3267 1
4779 4860 1
1569 2991 1
1089 2354 1
820 2903 1
2043 4567 1
3694 4234 1
1192 1728 1
1541 2636 1
1126 3360 1
71 4478 1
1798 4921 1
103 229 1
1804 2457 1
1052 3761 1
481 4726 1
1224 4807 1
236 4895 1
720 3961 1
4173 4245 1
1475 3305 1
3746 4932 1
244 999 1
824 2971 1
1807 1950 1
2028 4578 1
426 3083 1
1341 3648 1
2803 4574 1
1001 4711 1
581 3371 1
1826 4070 1
433 2160 1
1007 2432 1
1103 2894 1
3684 4215 1
1990 3131 1
2984 4743 1
915 3782 1
924 3686 1
595 2464 1
4175 4775 1
3347 3640 1
1194 4486 1
19 2304 1
2556 4050 1
1811 3896 1
3423 3635 1
1482 2674 1
3180 4631 1
1046 3275 1
4874 4934 1
337 1832 1
488 4445 1
27 852 1
2814 3527 1
732 4805 1
408 3927 1
3056 3060 1
1674 3783 1
2085 2563 1
669 1258 1
3648 4103 1
2588 4877 1
4503 4617 1
53 2423 1
87 2007 1
2332 4133 1
2460 2598 1
1007 3855 1
455 898 1
2017 2028 1
418 3460 1
1703 3558 1
1099 2131 1
2493 2896 1
1089 3106 1
264 1680 1
1083 2537 1
2196 3841 1
4700 4915 1
481 1156 1
429 966 1
542 4815 1
1116 2835 1
1967 4139 1
59 3126 1
389 786 1
482 977 1
103 4364 1
780 3825 1
97 4549 1
3290 4879 1
267 4179 1
1735 2476 1
4047 4858 1
1449 2055 1
2858 3909 1
2015 2466 1
528 4893 1
2656 3960 1
1949 4098 1
450 1038 1
1797 2014 1
982 4282 1
1486 3061 1
231 2805 1
1729 2230 1
4315 4649 1
1847 4171 1
2829 3514 1
1681 2189 1
1415 4699 1
400 520 1
3347 4608 1
358 2738 1
1194 3010 1
975 2148 1
1030 1855 1
1210 2954 1
2636 4223 1
103 4848 1
96 3677 1
507 767 1
69 541 1
910 1157 1
357 1173 1
1879 4402 1
1934 4109 1
1507 2544 1
3618 3916 1
127 1650 1
1689 2026 1
957 3797 1
2216 4926 1
788 4550 1
387 3452 1
476 2743 1
2792 3581 1
955 3909 1
2267 4110 1
4494 4876 1
2627 3864 1
1877 2612 1
2565 4706 1
531 2800 1
3615 4907 1
806 1692 1
862 2755 1
1292 1585 1
2859 3059 1
3581 3983 1
4035 4153 1
1978 2263 1
386 3176 1
797 1764 1
602 3740 1
3694 4799 1
682 2945 1
699 2360 1
3049 4280 1
1641 3782 1
91 1723 1
954 4572 1
623 2715 1
2572 4291 1
1734 4912 1
1573 3274 1
623 3654 1
244 625 1
1855 3337 1
1089 2114 1
599 3418 1
3677 3825 1
1486 1935 1
4325 4800 1
1172 4219 1
292 2894 1
2625 3147 1
2383 4553 1
36 2150 1
3255 4482 1
2355 2505 1
102 3901 1
1071 1319 1
580 4465 1
919 3931 1
457 3311 1
2114 4513 1
1907 4974 1
2097 4317 1
1280 1843 1
2388 2803 1
1101 3763 1
1968 3348 1
1648 3932 1
276 4589 1
1804 4445 1
3471 4083 1
1353 1540 1
1864 2244 1
229 4773 1
1602 2244 1
2052 4924 1
149 4255 1
3351 4139 1
963 1735 1
3447 3847 1
1322 4297 1
449 4897 1
1398 4292 1
2321 3220 1
0 2038 1
1805 3892 1
910 2259 1
2601 3045 1
674 1982 1
307 468 1
1055 4303 1
4835 4982 1
704 3322 1
1094 1787 1
2006 2835 1
1269 2542 1
2520 3056 1
448 2578 1
141 1115 1
623 889 1
2143 4237 1
4500 4884 1
159 1694 1
981 2260 1
2686 2944 1
1520 4231 1
2323 3831 1
1094 3076 1
1175 1752 1
3808 3960 1
1729 4755 1
3365 3390 1
1718 3842 1
2376 3061 1
1426 3441 1
1541 3364 1
601 1988 1
695 2589 1
1409 1932 1
2262 4063 1
457 3929 1
2000 4063 1
2893 4869 1
501 1003 1
1234 4560 1
2085 3612 1
2219 4366 1
1895 3488 1
1551 3678 1
3927 4567 1
4978 4993 1
2256 4433 1
253 2594 1
908 3986 1
1768 4844 1
1631 2102 1
139 213 1
944 1172 1
1618 2806 1
346 2943 1
103 3185 1
590 3303 1
3952 4223 1
1247 1358 1
655 3698 1
175 3061 1
968 2697 1
1391 2800 1
1059 2061 1
4470 4563 1
3179 4650 1
1716 3499 1
916 1194 1
214 922 1
3061 3648 1
1077 2051 1
1648 2806 1
545 2190 1
719 4063 1
1032 4560 1
875 3822 1
2867 3782 1
357 449 1
1388 4572 1
2472 4946 1
1565 1990 1
2525 4018 1
617 2251 1
1071 2421 1
2755 4480 1
1153 2985 1
1832 2519 1
832 1092 1
3811 3937 1
743 1774 1
58 917 1
1845 2165 1
1382 4161 1
1175 2370 1
591 2319 1
2544 3105 1
3771 4696 1
2329 4614 1
1219 3581 1
1790 4336 1
1263 4819 1
1884 3217 1
332 1277 1
1655 4111 1
1914 3059 1
1752 4983 1
4748 4799 1
1009 4121 1
51 3105 1
2521 3629 1
810 3130 1
1987 3695 1
1037 4075 1
1856 4932 1
1110 3772 1
4245 4713 1
4322 4933 1
1820 4871 1
2957 4317 1
1295 2771 1
944 1790 1
3055 3162 1
280 1221 1
489 4778 1
3058 3810 1
2415 4872 1
1081 3377 1
2321 4456 1
1855 3902 1
1257 2263 1
2903 4030 1
1031 1920 1
2705 3291 1
2400 2655 1
1419 3722 1
3795 4611 1
185 4343 1
1434 4030 1
2244 3081 1
1707 1910 1
848 3906 1
939 3270 1
2189 4313 1
2832 3224 1
47 4759 1
826 4497 1
1313 3861 1
3195 4215 1
867 2054 1
1739 1983 1
1639 4785 1
2867 3595 1
926 2634 1
4563 4725 1
1478 3147 1
332 1895 1
4728 4792 1
419 4523 1
2553 2846 1
519 2660 1
1735 2399 1
740 1316 1
1975 4303 1
523 1089 1
619 797 1
1885 3097 1
820 2773 1
1210 1238 1
1220 1926 1
38 1017 1
2181 2866 1
448 4298 1
2399 4257 1
1172 1885 1
826 1248 1
4621 4679 1
2845 3031 1
773 833 1
687 3533 1
2835 4006 1
3955 4037 1
2664 4124 1
1015 3749 1
162 1618 1
3472 4068 1
3 807 1
2456 4360 1
1718 2179 1
3286 4063 1
2608 2687 1
4044 4644 1
1728 4560 1
2141 3975 1
975 3010 1
936 4745 1
3338 4603 1
2053 2815 1
1430 3590 1
1519 4571 1
1326 4930 1
2361 4099 1
3090 4474 1
197 4032 1
219 3791 1
928 2790 1
1420 1717 1
3956 4773 1
1997 4172 1
20 2800 1
2927 4079 1
395 3616 1
871 1101 1
2674 4572 1
856 978 1
1057 2954 1
589 1388 1
4117 4475 1
428 3914 1
1302 3889 1
1274 1841 1
1504 2303 1
3555 3624 1
866 2046 1
2142 4280 1
1492 4952 1
1882 3417 1
1355 3900 1
1906 4942 1
3048 4732 1
219 1831 1
3381 3629 1
3859 4193 1
829 2514 1
4024 4260 1
1150 2340 1
4693 4769 1
1987 3187 1
79 1420 1
743 1400 1
550 1005 1
309 1882 1
3151 4456 1
1496 1637 1
96 4218 1
523 4285 1
2114 3147 1
1742 3541 1
1637 2027 1
2120 4655 1
895 3110 1
2087 2263 1
1791 3433 1
2895 4651 1
892 2812 1
1463 3567 1
4601 4779 1
2624 4538 1
1617 1940 1
2520 3434 1
126 2905 1
1306 2987 1
2680 4066 1
139 2551 1
479 4871 1
2573 2664 1
2755 4590 1
1301 2993 1
1344 3629 1
1650 3901 1
196 2304 1
409 3351 1
930 2299 1
3068 3774 1
3570 4924 1
516 2659 1
681 4224 1
1404 3121 1
1063 2828 1
846 4291 1
1921 2859 1
352 1504 1
678 1674 1
1089 3460 1
72 1864 1
1932 2459 1
1470 4091 1
1420 1530 1
1136 2525 1
733 4764 1
119 929 1
48 4661 1
161 2094 1
857 1797 1
479 4066 1
293 3152 1
519 2152 1
240 2737 1
937 2665 1
73 4317 1
386 2562 1
599 3609 1
2574 4154 1
1505 2368 1
1940 2296 1
400 1679 1
3550 4406 1
365 2624 1
721 1505 1
548 4960 1
908 2270 1
2439 4087 1
1387 2470 1
910 2316 1
564 1679 1
3750 4063 1
1716 3877 1
71 2685 1
3548 3555 1
1729 3523 1
2735 4206 1
1928 2420 1
987 4606 1
559 2624 1
2334 4047 1
534 4257 1
544 1003 1
2308 3765 1
47 1136 1
2911 3277 1
1157 1388 1
2366 4874 1
2359 3703 1
2775 3581 1
1591 1845 1
820 3688 1
446 1003 1
112 1881 1
2664 4689 1
40 3698 1
1172 2800 1
1113 3159 1
677 2040 1
1532 2554 1
990 4257 1
211 1486 1
1388 2051 1
3129 4644 1
315 3529 1
4026 4603 1
493 3801 1
20 1137 1
1023 4555 1
3414 4224 1
111 4638 1
2358 3427 1
2427 3032 1
2898 4869 1
1913 4474 1
2424 4424 1
1266 1657 1
2501 4644 1
297 4047 1
51 4772 1
2224 3612 1
1024 3063 1
554 670 1
4546 4615 1
244 3073 1
3718 4234 1
1871 2154 1
3896 4506 1
3290 4696 1
476 3581 1
1887 2098 1
276 4459 1
4538 4912 1
2715 3418 1
3608 4224 1
895 2252 1
1202 4624 1
3456 4584 1
1130 3058 1
3565 4527 1
3846 3988 1
9 2775 1
124 281 1
1151 4285 1
943 1138 1
1140 1652 1
598 4486 1
3172 3670 1
1344 1832 1
2225 3567 1
1378 1416 1
1089 1313 1
3231 4250 1
1674 4218 1
2303 4389 1
307 2216 1
2232 2644 1
3815 4651 1
3558 4995 1
3491 3773 1
3446 4030 1
2256 4169 1
95 990 1
781 4701 1
3816 4472 1
1526 2603 1
267 2386 1
2940 4959 1
1584 4651 1
1866 3583 1
3901 4179 1
2127 3358 1
1702 2428 1
2182 3065 1
2963 3630 1
1378 1550 1
2542 2819 1
4147 4585 1
267 292 1
2032 3471 1
2062 3121 1
747 4312 1
2572 2819 1
1656 2029 1
3798 4966 1
2074 2542 1
1136 4245 1
1172 3902 1
1123 4949 1
354 3455 1
846 3917 1
2697 2706 1
1781 1916 1
279 1591 1
1261 3378 1
607 2588 1
2145 3132 1
2721 4231 1
2495 3888 1
2720 4006 1
2319 3662 1
2295 3076 1
966 2871 1
563 1700 1
4147 4719 1
4240 4910 1
2450 3364 1
135 3882 1
2339 3533 1
943 2106 1
850 3635 1
2751 3477 1
1507 1690 1
2799 2959 1
2260 4371 1
1713 1758 1
1298 1516 1
228 848 1
1217 4560 1
264 505 1
548 1203 1
1876 4381 1
2218 3364 1
281 1613 1
1530 3744 1
2443 3482 1
153 2367 1
1462 4549 1
717 4395 1
1087 3174 1
2971 3601 1
2029 4596 1
3302 4869 1
3749 3868 1
70 1551 1
4572 4844 1
506 2081 1
1063 2938 1
2723 4411 1
1752 3914 1
1026 3056 1
1659 4689 1
2259 2964 1
581 4103 1
2835 4063 1
1734 1830 1
1646 1983 1
66 4411 1
2331 3217 1
723 3405 1
1504 3970 1
1803 4037 1
96 274 1
1485 2415 1
807 3483 1
545 3483 1
1341 2636 1
1205 3529 1
458 1794 1
991 2257 1
1342 1548 1
937 3714 1
71 567 1
965 1194 1
2852 3612 1
634 4063 1
1200 4474 1
498 4202 1
1681 2303 1
841 4541 1
933 1097 1
346 3781 1
3553 4598 1
306 4382 1
1340 2949 1
1453 2072 1
2464 3099 1
36 3740 1
1225 3376 1
194 2636 1
3414 3850 1
2028 4639 1
171 4315 1
3273 3618 1
4097 4819 1
4418 4645 1
1823 2894 1
2442 4629 1
1911 1960 1
407 4972 1
2984 3865 1
242 1872 1
1656 4070 1
3242 3342 1
3809 4887 1
1261 4480 1
1980 4167 1
555 1056 1
838 1344 1
179 2462 1
1855 3906 1
1318 1981 1
1264 3438 1
524 2874 1
2198 4245 1
2484 4050 1
1832 3141 1
1112 3983 1
433 1416 1
2544 2788 1
2984 3060 1
943 4147 1
1347 2510 1
2494 4364 1
1730 3214 1
2355 2485 1
3122 4872 1
648 1196 1
2702 4286 1
345 1195 1
1447 4030 1
2835 4815 1
1823 4317 1
1195 3994 1
933 4748 1
267 723 1
2030 3075 1
1486 4143 1
1278 1750 1
3080 4996 1
358 3470 1
1273 4035 1
146 3587 1
1655 2639 1
2423 3908 1
4004 4334 1
4422 4847 1
1968 4267 1
1718 3338 1
395 1258 1
2465 2629 1
3726 3831 1
1019 3337 1
1165 3162 1
1010 2470 1
941 4585 1
2460 4887 1
619 2090 1
1912 2049 1
1022 4924 1
843 1017 1
378 3132 1
1050 1495 1
3973 4997 1
2390 3744 1
3147 3723 1
1804 3620 1
1921 4205 1
2776 4719 1
1537 3276 1
197 2747 1
2600 4493 1
2277 4217 1
4271 4812 1
1659 2892 1
1175 4765 1
1832 2820 1
887 3544 1
2309 3913 1
368 2198 1
3630 3668 1
466 1043 1
458 2091 1
2471 2928 1
1713 3478 1
1470 4282 1
1845 3405 1
1251 2666 1
425 638 1
3523 4895 1
1928 2127 1
3859 4063 1
449 2917 1
2049 3585 1
516 4139 1
3418 4320 1
1420 2071 1
553 4206 1
342 3205 1
1212 4781 1
2576 3452 1
571 4196 1
1982 2713 1
583 3267 1
2257 4638 1
1935 2143 1
615 3744 1
26 3349 1
807 3914 1
566 4791 1
2816 3289 1
2553 4407 1
1410 2672 1
641 1932 1
2669 3801 1
2879 4577 1
1650 4576 1
348 367 1
223 4802 1
1935 2493 1
1016 4438 1
448 4920 1
2361 4587 1
618 1167 1
7 1013 1
1584 4895 1
3980 4716 1
482 717 1
2054 4063 1
267 536 1
1056 2682 1
1183 1703 1
383 1650 1
1433 1851 1
2383 3191 1
2450 4413 1
2689 2709 1
2601 4582 1
448 732 1
1428 2446 1
2335 4813 1
2190 3900 1
61 444 1
1483 2503 1
1703 4721 1
220 4638 1
1902 3618 1
2481 4234 1
280 1656 1
712 2067 1
2114 4440 1
3239 4815 1
3246 3542 1
124 4526 1
3061 3762 1
611 4644 1
1151 2114 1
2469 3850 1
2768 2951 1
335 2494 1
185 3489 1
890 3278 1
2216 3377 1
967 1431 1
51 641 1
4269 4929 1
1153 4038 1
703 2489 1
145 3659 1
1010 2417 1
86 4018 1
1065 2878 1
1887 3444 1
1166 1617 1
500 975 1
1900 3275 1
1709 4461 1
298 3500 1
131 354 1
965 2243 1
2522 3029 1
2176 2392 1
3229 4611 1
1095 3255 1
3378 3953 1
1547 2598 1
19 1052 1
719 4661 1
1123 4522 1
1087 2613 1
1508 2643 1
2019 2593 1
632 2972 1
1442 2023 1
2624 2932 1
3378 4303 1
1005 4651 1
1096 4769 1
1519 4872 1
756 914 1
1585 4179 1
1116 2388 1
2647 4205 1
109 4486 1
390 2284 1
1102 2490 1
419 770 1
372 924 1
3364 4031 1
1841 2829 1
2441 2824 1
773 4651 1
1998 4698 1
3061 3441 1
131 2932 1
3456 3970 1
75 529 1
672 2505 1
3185 3857 1
96 4035 1
1486 1675 1
540 3517 1
51 320 1
937 3153 1
742 1931 1
77 4924 1
292 2634 1
4571 4946 1
3332 3503 1
2002 3662 1
2709 4278 1
2205 2301 1
3698 4792 1
2898 4739 1
2544 2898 1
2284 3533 1
3947 4715 1
580 4205 1
1259 4493 1
199 4513 1
3147 3349 1
2924 4243 1
2769 3174 1
3648 4274 1
103 1957 1
4035 4161 1
2985 4869 1
3718 4454 1
4111 4156 1
2452 3093 1
1784 2405 1
127 1203 1
390 4057 1
104 3471 1
69 4416 1
203 1198 1
464 3225 1
454 2537 1
1845 3031 1
465 3827 1
1172 1999 1
4470 4624 1
1686 2220 1
2193 3714 1
981 1650 1
1177 3282 1
1624 4725 1
548 3488 1
617 4756 1
507 2898 1
2237 2858 1
1313 4459 1
3553 4521 1
1729 4145 1
833 1378 1
528 742 1
3559 3777 1
1656 2354 1
1080 4638 1
3447 3721 1
3579 3648 1
1669 2000 1
1230 4582 1
540 4135 1
846 3653 1
2895 4147 1
3674 3885 1
3491 4932 1
3255 3901 1
3995 4465 1
34 742 1
2830 2971 1
383 3370 1
190 2975 1
3203 4650 1
80 4500 1
1089 4700 1
1526 4701 1
695 2329 1
197 2052 1
904 2668 1
267 3545 1
788 2493 1
347 4248 1
1358 3023 1
286 4726 1
4026 4286 1
2997 3619 1
4179 4528 1
545 3674 1
2184 4270 1
329 2329 1
4646 4933 1
1710 2135 1
3432 4486 1
383 2565 1
2067 4624 1
2127 2423 1
2593 3916 1
2927 3038 1
4358 4651 1
588 2216 1
502 944 1
1264 1267 1
109 4433 1
1151 4773 1
3004 3635 1
1091 2278 1
1670 2894 1
1028 1175 1
176 178 1
3594 3851 1
2054 3234 1
3384 4795 1
194 949 1
2415 4933 1
1382 2612 1
2677 3398 1
1799 3654 1
1057 2263 1
2421 2654 1
1170 3860 1
853 4153 1
1954 3942 1
2772 4574 1
1650 4470 1
595 2582 1
1567 4435 1
794 3731 1
241 1303 1
2291 4651 1
1526 4030 1
559 831 1
4285 4657 1
481 1140 1
1657 4486 1
1698 4487 1
110 2136 1
2526 3363 1
951 3691 1
1677 2105 1
61 4876 1
458 3758 1
3113 4062 1
1032 4784 1
330 4512 1
1297 2049 1
1026 4215 1
742 4456 1
425 4749 1
609 894 1
1079 1597 1
3267 4879 1
1101 1356 1
514 4040 1
2802 2830 1
1100 1131 1
1079 4980 1
923 3686 1
4572 4848 1
962 4580 1
775 1721 1
1250 2768 1
2304 4431 1
1278 4035 1
1647 2589 1
179 4292 1
482 1095 1
507 2845 1
3153 3595 1
1644 2291 1
458 3892 1
126 3153 1
4026 4099 1
1428 1885 1
523 3728 1
2088 4375 1
1706 4458 1
4433 4638 1
267 2203 1
944 4108 1
144 1049 1
223 1342 1
2998 4946 1
1702 4689 1
1172 1491 1
9 632 1
4494 4510 1
196 458 1
773 4411 1
1496 3308 1
900 4186 1
148 2107 1
1378 4750 1
1409 4063 1
253 4375 1
2368 2456 1
1449 4401 1
933 1101 1
59 345 1
147 192 1
2338 3745 1
387 1342 1
824 2097 1
1199 3472 1
4617 4701 1
2031 4002 1
1265 2779 1
2347 2518 1
742 4135 1
33 3446 1
356 4099 1
1199 1378 1
516 2102 1
1304 1394 1
3370 3555 1
3463 3746 1
892 4833 1
1064 1153 1
897 2733 1
492 4899 1
975 3555 1
95 2230 1
3202 4321 1
3081 3802 1
1620 3478 1
2494 4234 1
2275 4870 1
292 3683 1
2630 4280 1
2315 2956 1
1855 2971 1
290 3987 1
3743 4271 1
2700 4460 1
3555 4974 1
239 265 1
539 2220 1
425 2118 1
862 2873 1
552 1893 1
2580 3762 1
624 1015 1
3003 4619 1
32 3355 1
1557 4603 1
2797 3238 1
821 3222 1
4423 4538 1
3038 3300 1
73 2016 1
2798 3059 1
1026 2873 1
872 2406 1
729 4572 1
629 3402 1
253 4054 1
53 4932 1
3059 3773 1
3444 4338 1
345 4582 1
9 4633 1
2407 3029 1
19 625 1
457 4234 1
1935 3973 1
973 1118 1
178 4819 1
981 2699 1
1893 3747 1
1903 4435 1
3472 4292 1
552 2027 1
51 3731 1
1296 2710 1
1344 3690 1
25 2483 1
506 4476 1
3792 3866 1
1692 3060 1
41 2612 1
393 4757 1
1205 4635 1
1217 3706 1
984 2192 1
2603 3856 1
3093 3491 1
1157 2120 1
66 1329 1
778 3255 1
1752 1771 1
559 4645 1
1732 3748 1
2768 3142 1
741 4127 1
3382 4533 1
1594 3814 1
539 4932 1
2466 3743 1
1309 4584 1
1448 4928 1
2119 3635 1
1367 1556 1
2 1694 1
196 4943 1
2601 4318 1
951 1089 1
1656 2598 1
460 1791 1
1794 3471 1
2678 3225 1
1378 3758 1
906 3948 1
2000 2758 1
366 3445 1
1001 2495 1
2014 3595 1
548 2927 1
307 586 1
2065 2594 1
2583 4277 1
2579 2815 1
994 4707 1
3707 4427 1
553 1177 1
47 3291 1
2612 3113 1
1681 3543 1
719 4852 1
1851 3200 1
1804 4108 1
914 4539 1
1635 1855 1
2586 2831 1
2878 4171 1
266 4503 1
641 4380 1
3630 3806 1
4341 4541 1
2240 3133 1
922 4026 1
1175 2220 1
3700 4895 1
2664 3811 1
3598 4618 1
3596 3791 1
60 3472 1
3063 4459 1
3990 4849 1
820 4099 1
3648 4331 1
1661 2271 1
40 4698 1
618 2460 1
72 449 1
2138 3364 1
3700 3740 1
1692 4967 1
773 2748 1
779 2004 1
3086 3288 1
1009 4910 1
109 2933 1
641 4514 1
885 3154 1
3056 4577 1
2308 3371 1
2726 3884 1
580 3457 1
1965 4725 1
580 1013 1
516 3472 1
120 3472 1
669 3714 1
145 4468 1
1657 3791 1
1731 3740 1
1507 4032 1
583 1661 1
1856 2688 1
465 4823 1
2600 3371 1
1832 4731 1
743 3986 1
3136 4290 1
2564 3310 1
2015 4788 1
1977 2052 1
2658 4665 1
2243 4423 1
724 2431 1
1463 2770 1
738 1548 1
2723 2781 1
3774 4173 1
3949 4928 1
401 1374 1
2471 2745 1
1927 4567 1
1113 1610 1
1744 4860 1
1830 4634 1
3923 4646 1
294 4136 1
2054 2807 1
4074 4815 1
2603 3803 1
1190 4459 1
1001 2308 1
1195 2551 1
4340 4934 1
923 4869 1
2924 3629 1
2625 4501 1
2456 3726 1
2716 4619 1
140 4608 1
4350 4871 1
1135 2658 1
1909 2052 1
188 2555 1
3013 3270 1
2309 2925 1
2054 4096 1
1347 4234 1
1092 2961 1
1594 4111 1
179 2442 1
852 1030 1
3475 4240 1
1101 1734 1
2575 3983 1
477 2284 1
1755 3655 1
1298 3187 1
2232 3994 1
1425 2962 1
2624 3286 1
1060 1329 1
1461 2427 1
74 2052 1
1836 4933 1
3393 4965 1
961 4706 1
2138 2238 1
741 1175 1
412 2397 1
185 3172 1
3683 4138 1
476 4260 1
3153 4323 1
37 1180 1
1026 1694 1
1879 3825 1
3570 4611 1
1137 4908 1
3293 3579 1
268 2244 1
2176 3819 1
2232 4128 1
468 585 1
3289 3810 1
2184 2367 1
852 4897 1
2021 4066 1
739 1987 1
1683 1792 1
1614 3153 1
2472 3938 1
467 4682 1
2464 2542 1
2956 3004 1
1278 4897 1
3200 3364 1
1193 4035 1
386 2249 1
623 3882 1
2383 2553 1
473 4877 1
534 3810 1
176 4102 1
2050 3841 1
871 951 1
2724 3785 1
967 4631 1
43 2260 1
3334 4468 1
2573 2835 1
804 2358 1
2743 3246 1
1175 4745 1
103 3250 1
3618 4412 1
534 1716 1
109 786 1
1516 4257 1
943 4395 1
1010 2584 1
418 4924 1
3900 4448 1
462 4472 1
3070 4930 1
317 1839 1
2344 2574 1
977 1131 1
1425 1486 1
1342 3703 1
1032 4975 1
1166 2723 1
2998 3714 1
1570 3338 1
3127 3370 1
781 4575 1
303 1567 1
2174 3452 1
276 2373 1
3378 4120 1
3051 3725 1
2051 4550 1
2020 2985 1
3002 4772 1
1099 1851 1
2463 4494 1
1654 1881 1
84 2553 1
2664 3437 1
2743 3730 1
97 536 1
308 3200 1
2288 4089 1
332 1342 1
2343 3796 1
529 1856 1
4391 4819 1
816 3791 1
2071 3458 1
4216 4414 1
2793 4382 1
3569 4603 1
1313 1564 1
998 2492 1
3061 4547 1
630 1507 1
1650 4340 1
3740 4835 1
4860 4866 1
630 2446 1
910 4715 1
3205 4676 1
516 3098 1
545 4028 1
75 1635 1
1097 4541 1
1102 4885 1
1986 3885 1
1177 2026 1
1935 2607 1
396 4844 1
2922 3048 1
3364 3393 1
348 1420 1
788 1692 1
2709 2940 1
939 4490 1
1297 4952 1
2883 3470 1
814 3263 1
1342 3382 1
1175 4208 1
1706 3844 1
2024 2433 1
415 3931 1
630 1641 1
1958 4819 1
2366 3890 1
315 317 1
984 3859 1
538 2052 1
1038 4095 1
1657 2612 1
301 3802 1
2216 4296 1
1495 3782 1
3465 3983 1
1042 4968 1
1257 2678 1
379 4624 1
4586 4616 1
79 1888 1
485 3330 1
910 1816 1
1094 4377 1
385 3880 1
583 4804 1
1302 2047 1
1890 4661 1
2249 4779 1
2264 4121 1
2215 2916 1
2736 4308 1
126 3023 1
1674 4255 1
843 1883 1
103 1319 1
699 3824 1
721 3583 1
1810 2049 1
2083 3147 1
4459 4790 1
1830 3455 1
814 1303 1
2977 4528 1
1115 3860 1
258 267 1
2758 2912 1
1510 3635 1
1231 4974 1
1000 1843 1
1495 4266 1
2636 2922 1
483 3768 1
233 2839 1
4161 4170 1
621 2197 1
1075 2367 1
3857 3944 1
63 4121 1
1209 2367 1
630 3414 1
2491 4611 1
2126 3732 1
1659 2014 1
196 1617 1
378 1099 1
4164 4976 1
1313 4760 1
225 3486 1
25 2674 1
284 4066 1
609 1382 1
514 4528 1
2379 2461 1
206 1931 1
2442 4503 1
216 3558 1
13 755 1
3140 4252 1
3224 4889 1
710 4066 1
1292 3667 1
1052 4180 1
2386 3416 1
4344 4546 1
4121 4474 1
3248 4320 1
1794 2723 1
1896 3939 1
2629 3524 1
1538 1979 1
342 1172 1
1116 4730 1
238 2512 1
2745 4638 1
917 2800 1
1657 3364 1
96 1116 1
2601 4859 1
3026 4099 1
1341 4067 1
2029 2189 1
2507 3130 1
34 4560 1
223 2769 1
2573 4689 1
1447 4843 1
801 3914 1
1706 3791 1
842 1471 1
30 95 1
1277 1399 1
759 3688 1
652 1347 1
153 4632 1
1237 2000 1
1713 1929 1
2490 2560 1
2136 3725 1
1002 3796 1
539 2574 1
2232 3433 1
809 4155 1
2309 3653 1
3090 4218 1
1261 2744 1
2215 4957 1
931 2051 1
1115 4612 1
1593 2924 1
1185 4038 1
194 445 1
1594 2745 1
3691 4219 1
4472 4784 1
86 1851 1
3231 4234 1
1333 1657 1
2262 4372 1
3344 4111 1
2216 3438 1
1975 4315 1
1304 4110 1
267 1081 1
1214 4567 1
322 4171 1
988 1780 1
754 3828 1
1251 4634 1
1521 2243 1
564 3704 1
545 1210 1
3452 4179 1
1212 2427 1
2459 3731 1
3336 4004 1
488 4059 1
949 2956 1
2942 3326 1
1947 2243 1
3213 3789 1
1551 2243 1
2182 3049 1
194 3962 1
2472 4316 1
1732 3752 1
3803 4759 1
1743 3352 1
188 2612 1
2542 3742 1
759 3367 1
3061 4307 1
2309 2982 1
1450 2726 1
3031 3906 1
2879 3512 1
1313 1674 1
303 1811 1
540 3444 1
3757 4949 1
3719 4657 1
572 1447 1
171 1103 1
4421 4929 1
580 3782 1
976 3193 1
3390 4374 1
788 1452 1
2613 4682 1
1358 1982 1
1430 4302 1
2758 4282 1
1617 4128 1
581 4542 1
773 4712 1
3457 4256 1
3553 3964 1
1311 3075 1
1157 2608 1
1950 2244 1
2027 4184 1
1866 4990 1
494 1705 1
977 1859 1
3029 4344 1
1258 3040 1
105 2869 1
3090 4031 1
2061 3364 1
678 4451 1
3320 4493 1
1567 4549 1
3337 3908 1
85 904 1
1172 4959 1
1507 2963 1
2647 4400 1
1368 3558 1
1416 4538 1
121 719 1
3097 4047 1
94 3999 1
1166 2296 1
1458 2670 1
921 2465 1
1000 2758 1
62 4461 1
67 4805 1
516 4631 1
1465 4026 1
551 653 1
2522 3708 1
1083 4863 1
2612 3601 1
408 3004 1
134 4687 1
3999 4161 1
4343 4725 1
3376 4936 1
788 4164 1
2300 2733 1
1049 3939 1
3306 3416 1
4567 4618 1
2669 4293 1
2794 3241 1
619 1322 1
1971 4894 1
2074 4083 1
1049 1845 1
1101 3698 1
3477 4587 1
2544 4382 1
2962 4895 1
3612 4223 1
2846 4720 1
1851 2883 1
1287 4238 1
356 696 1
1272 4869 1
2431 4074 1
4871 4978 1
967 1789 1
846 3714 1
4263 4341 1
2801 4546 1
428 4894 1
66 3724 1
2000 3514 1
4066 4177 1
263 1794 1
115 3616 1
1295 3698 1
4603 4759 1
233 639 1
2 706 1
2949 4794 1
2856 4603 1
904 2729 1
1358 2145 1
3225 4850 1
107 126 1
839 4182 1
3587 3896 1
1044 4587 1
1388 2145 1
366 2457 1
1486 2488 1
1604 2709 1
2903 4957 1
1915 4291 1
2751 4563 1
1982 3823 1
1727 2550 1
1145 3326 1
3442 3922 1
188 4787 1
1399 4936 1
1686 1960 1
2083 4814 1
552 3751 1
25 824 1
3268 3742 1
2452 4122 1
2433 3880 1
2032 3536 1
2486 3706 1
354 4675 1
3802 4615 1
3365 4614 1
4811 4815 1
3080 4630 1
1206 4891 1
585 2329 1
1980 4285 1
2503 4060 1
510 2155 1
176 589 1
1530 2736 1
9 2169 1
757 4506 1
87 2991 1
3827 4271 1
1885 3085 1
816 1299 1
3180 3871 1
1313 2105 1
2132 2962 1
1185 2859 1
1541 2494 1
233 2412 1
3316 3917 1
2707 4590 1
1256 2510 1
1202 3213 1
25 3402 1
400 2525 1
26 1560 1
1151 1935 1
2635 4872 1
2107 3255 1
3122 4990 1
1623 4374 1
489 4445 1
902 4614 1
1368 3855 1
3081 4400 1
518 4624 1
3558 4739 1
2087 3727 1
10 2905 1
1115 3567 1
2563 4595 1
1195 4462 1
3002 4642 1
2267 2732 1
1379 3990 1
1716 2629 1
797 4574 1
219 396 1
1079 2008 1
1920 2624 1
4036 4340 1
1667 2178 1
4079 4976 1
185 4949 1
1935 2932 1
857 4066 1
2617 2737 1
2216 2393 1
595 4066 1
278 4359 1
1845 3389 1
30 2567 1
16 2669 1
1024 3425 1
731 4866 1
2143 3985 1
601 2541 1
1893 3056 1
2371 3620 1
4002 4355 1
1641 2054 1
457 4482 1
75 216 1
534 3948 1
2244 4976 1
871 1089 1
853 1449 1
1847 3061 1
2539 3554 1
2697 4894 1
3411 3483 1
887 3662 1
73 2398 1
981 4236 1
1462 2065 1
2045 4335 1
3993 4777 1
21 3147 1
564 4298 1
1968 2775 1
743 1038 1
683 3616 1
342 3323 1
3948 4603 1
1207 2835 1
4811 4978 1
652 1270 1
862 2800 1
941 3093 1
523 890 1
2807 4634 1
2285 3771 1
483 3154 1
1665 4063 1
2501 4335 1
2953 3678 1
3130 4506 1
236 4216 1
1382 4125 1
255 3677 1
1648 2554 1
1232 2087 1
1712 3478 1
1939 4423 1
1999 4474 1
3931 4383 1
33 2702 1
989 4022 1
3 3991 1
507 3524 1
2470 4998 1
4061 4614 1
680 3452 1
70 490 1
1306 3325 1
2488 4234 1
1313 2052 1
1617 3217 1
3220 3402 1
2079 3248 1
195 2067 1
3620 4275 1
1006 2282 1
1856 2452 1
1752 3792 1
1435 1641 1
865 3740 1
672 4099 1
1928 4957 1
2241 3202 1
621 2067 1
724 1256 1
506 3248 1
3938 4907 1
1648 3038 1
1347 3864 1
951 3110 1
2565 4430 1
1601 4912 1
2798 4409 1
3150 4302 1
11 3427 1
389 2067 1
81 1914 1
131 1277 1
781 1359 1
3694 4173 1
1412 2165 1
1281 3402 1
3564 4292 1
3618 3774 1
2916 4256 1
829 1026 1
3161 4060 1
1428 3048 1
1192 2017 1
2797 3783 1
2 466 1
1378 4624 1
400 2956 1
135 995 1
1855 2711 1
1201 4173 1
1655 4343 1
691 4825 1
1455 2777 1
2669 4887 1
1458 3048 1
1291 3285 1
2420 3809 1
335 4035 1
1606 4235 1
773 3480 1
2975 4970 1
545 4784 1
8 2859 1
3812 4124 1
1224 3352 1
3237 4189 1
1843 2835 1
363 2269 1
963 2264 1
1408 3846 1
2548 3563 1
3064 4611 1
4700 4936 1
3499 3785 1
930 3255 1
307 4030 1
1276 1448 1
1981 4647 1
675 1982 1
1504 3527 1
126 2706 1
1306 2788 1
1469 4472 1
1703 2424 1
4215 4894 1
4619 4755 1
4292 4360 1
756 2321 1
1666 2542 1
1043 3317 1
928 1115 1
632 2285 1
898 4656 1
1465 3949 1
975 2624 1
1712 4580 1
2006 4303 1
1041 4560 1
2037 2835 1
3255 3401 1
553 2527 1
2544 3016 1
350 3861 1
1675 3543 1
1043 2512 1
994 4313 1
4083 4320 1
2944 4047 1
3821 4320 1
4252 4506 1
458 3929 1
267 951 1
4293 4315 1
2013 3888 1
2003 3200 1
2067 4124 1
637 669 1
1794 3211 1
2477 3241 1
450 4226 1
546 3934 1
948 1470 1
2283 3375 1
337 1316 1
2028 2102 1
742 2533 1
1261 3098 1
263 4750 1
3038 3658 1
104 3939 1
1599 3093 1
2165 3504 1
767 1250 1
724 4586 1
730 1368 1
938 2071 1
1526 4685 1
2077 2344 1
732 3134 1
3090 3417 1
158 2081 1
858 4936 1
2745 3382 1
176 4350 1
224 1388 1
1727 4567 1
1465 4567 1
262 1091 1
621 1209 1
396 4474 1
2984 3556 1
721 1790 1
1597 3181 1
1230 1667 1
998 3761 1
2135 4927 1
401 2724 1
3061 3372 1
430 1964 1
1445 3699 1
2425 3161 1
1473 2714 1
375 2442 1
3270 4650 1
2674 4804 1
836 2278 1
2354 4799 1
845 3495 1
2106 2253 1
2190 3644 1
2516 3814 1
3698 4723 1
1698 4121 1
1245 3587 1
930 2263 1
1453 3536 1
379 2160 1
945 2571 1
2624 4286 1
2083 4871 1
1257 3597 1
2054 3352 1
1216 3973 1
2274 3126 1
773 1683 1
4318 4939 1
3912 4251 1
918 2037 1
2105 3290 1
1420 2433 1
1754 2309 1
1487 1965 1
912 4851 1
1153 3782 1
2601 4810 1
2313 4343 1
4438 4832 1
2120 4887 1
4475 4899 1
1978 3491 1
56 2772 1
2165 3317 1
969 2510 1
1965 4949 1
26 1617 1
153 3644 1
56 3711 1
892 3983 1
458 493 1
1490 4841 1
2990 4339 1
56 678 1
231 4651 1
196 4630 1
191 4286 1
795 1017 1
683 3994 1
354 2772 1
539 4969 1
2165 4606 1
2975 4596 1
220 678 1
1462 1638 1
797 4631 1
1516 4318 1
857 3184 1
1342 4919 1
2976 4417 1
734 4282 1
2024 3970 1
3581 4756 1
3364 3775 1
1454 2127 1
1742 4257 1
648 3949 1
371 1197 1
4102 4643 1
419 864 1
3856 4587 1
2674 3678 1
929 3595 1
1381 2938 1
1104 1906 1
2771 4550 1
1267 3590 1
890 3640 1
3242 4135 1
1845 2291 1
1538 4992 1
624 865 1
2007 3750 1
4474 4757 1
320 1393 1
860 2835 1
1011 3004 1
1623 3760 1
2495 3689 1
2433 2811 1
196 576 1
1995 2585 1
3214 4315 1
86 1347 1
1342 2959 1
3291 3781 1
643 2204 1
2301 3042 1
2516 4916 1
3691 4654 1
420 3852 1
1309 3950 1
400 4139 1
1543 4531 1
3014 3099 1
3432 3612 1
266 352 1
1177 4181 1
1140 4299 1
756 3370 1
104 3215 1
135 2528 1
1100 4900 1
2800 3520 1
1003 4967 1
239 4571 1
459 2625 1
1799 4874 1
3140 3561 1
3105 4506 1
835 1569 1
675 4320 1
2514 3284 1
3116 4106 1
3140 4500 1
2565 4003 1
3744 4614 1
1156 3088 1
1603 4531 1
1388 4377 1
1622 2329 1
2032 3890 1
2402 2669 1
862 2052 1
843 1810 1
1101 4320 1
853 4218 1
250 4679 1
2363 2714 1
4016 4147 1
3281 3927 1
1293 2396 1
2564 4286 1
2959 4815 1
2541 2612 1
904 4506 1
704 2940 1
2453 3896 1
4815 4887 1
3514 4286 1
2156 4841 1
101 2088 1
245 2776 1
4164 4553 1
2674 3491 1
2835 4348 1
2541 3901 1
1945 2335 1
153 1847 1
2992 3958 1
699 4235 1
632 3013 1
1105 2479 1
680 4932 1
337 1560 1
1251 2654 1
1457 4974 1
1020 2721 1
788 4815 1
1537 3398 1
208 749 1
1008 1556 1
1543 1900 1
741 1212 1
1675 4271 1
94 1401 1
3056 4077 1
1122 1843 1
113 862 1
1171 3425 1
3089 3436 1
290 2629 1
2456 2742 1
2518 3620 1
1193 4877 1
2285 4580 1
220 1109 1
2912 3924 1
4603 4710 1
365 3153 1
153 3270 1
2308 4160 1
1102 2665 1
1205 1854 1
1548 2193 1
1682 2193 1
1420 2193 1
3488 3683 1
2471 4339 1
2796 4099 1
3451 3801 1
3285 4263 1
912 4611 1
3472 4089 1
1586 2835 1
2944 4909 1
3035 4273 1
1269 4067 1
2494 3360 1
1754 3358 1
434 1172 1
4073 4844 1
1836 4299 1
1174 1736 1
124 192 1
1284 1342 1
3544 4500 1
235 962 1
1504 2779 1
1901 4135 1
3323 3750 1
1151 2102 1
346 951 1
4236 4619 1
1273 3970 1
2054 4535 1
1190 2215 1
2119 3432 1
1319 2625 1
3202 3581 1
3367 3648 1
400 1537 1
2189 2858 1
1534 2405 1
117 1599 1
1106 2867 1
220 788 1
944 4791 1
2575 4772 1
809 2122 1
3115 3181 1
724 4643 1
1935 4038 1
756 2646 1
3348 4291 1
1471 2591 1
2900 3377 1
1172 3463 1
499 2431 1
2902 3423 1
2138 3027 1
2024 2925 1
1031 4921 1
2088 4603 1
3961 4117 1
1022 4054 1
1492 4757 1
539 3119 1
699 2088 1
2309 4198 1
415 2329 1
2321 3269 1
526 1379 1
371 4474 1
188 4767 1
1447 3644 1
3188 3793 1
889 2370 1
1083 3367 1
326 3950 1
40 3556 1
580 4998 1
43 4793 1
1032 4341 1
3081 4835 1
2339 3444 1
1151 2720 1
1136 3351 1
454 4485 1
1537 4634 1
3180 4440 1
2608 3460 1
1601 3306 1
519 534 1
63 291 1
1501 3075 1
155 2509 1
862 4845 1
2045 2192 1
773 4773 1
2743 4974 1
749 1935 1
3250 4216 1
3975 4657 1
2060 2665 1
420 4096 1
1925 4692 1
2686 3127 1
1531 2321 1
1784 4487 1
1198 4363 1
3274 4960 1
602 2797 1
1063 1694 1
415 4102 1
356 4461 1
4395 4842 1
3161 3743 1
4150 4257 1
75 1940 1
634 3624 1
1409 3620 1
2983 3067 1
581 765 1
1169 1689 1
2055 3768 1
148 2603 1
1606 2629 1
2300 3949 1
968 4035 1
1167 2932 1
788 2347 1
320 966 1
962 3816 1
1713 3226 1
1845 3153 1
112 4585 1
1982 3616 1
965 4272 1
2704 4540 1
534 2773 1
962 1722 1
342 2014 1
449 2665 1
1207 1526 1
2308 4725 1
4201 4679 1
536 1506 1
3342 4423 1
2067 3323 1
4849 4900 1
2576 3200 1
143 2743 1
323 3842 1
1981 2236 1
109 3132 1
1253 3749 1
3200 3966 1
1319 3056 1
1689 1835 1
3944 4649 1
742 1732 1
1911 4099 1
662 1214 1
1102 1486 1
1067 2431 1
3915 4069 1
4038 4634 1
3713 4874 1
208 2148 1
1163 3832 1
2723 4135 1
135 357 1
4147 4577 1
1038 1851 1
1583 3637 1
655 1332 1
1632 3529 1
3915 4419 1
185 3103 1
3211 4074 1
2164 4521 1
335 3047 1
132 998 1
1804 3986 1
80 4972 1
2896 3689 1
4341 4419 1
1977 2601 1
1848 3130 1
1192 1513 1
1694 2663 1
682 2165 1
2722 3105 1
2665 4291 1
3869 4959 1
643 1456 1
467 1230 1
1291 2431 1
79 2811 1
48 1246 1
3122 4917 1
773 1687 1
2431 2525 1
786 2114 1
669 4747 1
302 3233 1
3851 3979 1
1850 2021 1
1214 4254 1
999 1067 1
3074 4445 1
187 4572 1
1031 2453 1
329 2935 1
274 784 1
468 4033 1
626 4619 1
915 2278 1
951 1935 1
724 3464 1
1099 2587 1
1360 4614 1
1709 3270 1
2182 2736 1
3616 4620 1
2510 3706 1
626 2525 1
3382 3635 1
2386 2916 1
517 3521 1
226 2591 1
482 4466 1
2218 2551 1
2052 4733 1
2163 3783 1
2295 3902 1
526 3233 1
2436 2629 1
1603 2628 1
2745 4138 1
482 2372 1
2488 4482 1
1061 3742 1
1135 3691 1
2561 4960 1
3013 4303 1
219 457 1
244 4651 1
493 1191 1
2998 4934 1
11 1447 1
2518 4482 1
1790 3743 1
764 903 1
1089 4635 1
2195 2516 1
2114 4806 1
2769 2788 1
3231 4539 1
3913 4344 1
281 4317 1
726 4179 1
2937 3503 1
3324 3949 1
2295 4036 1
1961 2470 1
223 3558 1
2067 3620 1
1506 2829 1
2593 2912 1
683 4482 1
2993 3785 1
2358 3045 1
1250 2085 1
2879 3683 1
1939 3061 1
115 2685 1
1302 3938 1
1871 3866 1
1984 3743 1
1978 3174 1
2489 3097 1
1193 2840 1
904 2737 1
1330 3488 1
1805 4535 1
2025 2589 1
3305 4033 1
3103 4838 1
1718 2846 1
4047 4643 1
1893 3601 1
69 3225 1
103 2055 1
187 3446 1
2479 3698 1
3418 4849 1
1166 3272 1
3156 4849 1
1884 4986 1
3420 4895 1
2114 3196 1
379 4555 1
1650 4755 1
4322 4474 1
2935 4099 1
353 4273 1
946 2343 1
1171 4905 1
765 4217 1
1964 4541 1
338 2460 1
2065 2903 1
549 2872 1
215 1306 1
1689 3555 1
138 305 1
632 1594 1
401 3159 1
4257 4614 1
2794 4217 1
1046 4617 1
2014 4254 1
3050 3648 1
1537 3134 1
30 213 1
1399 3200 1
3094 4105 1
1113 3745 1
1087 2524 1
1711 4603 1
152 1492 1
1014 2985 1
1305 1471 1
1903 2329 1
564 3688 1
1097 4151 1
429 3463 1
379 1656 1
4016 4501 1
1707 2390 1
1044 2046 1
3220 3813 1
715 2544 1
2726 4998 1
821 3694 1
3480 4117 1
1824 3325 1
1674 4320 1
1450 4804 1
516 4936 1
101 2442 1
4164 4907 1
1991 4377 1
153 1851 1
3943 4938 1
3056 4886 1
3391 3644 1
386 2961 1
71 3889 1
1172 1426 1
457 2612 1
2977 4943 1
647 2894 1
1151 2427 1
3917 4225 1
895 1683 1
3360 4307 1
2615 3399 1
727 1318 1
1048 3588 1
3491 4009 1
1455 3188 1
2845 4800 1
379 985 1
2574 3748 1
886 4199 1
1089 2838 1
1694 2423 1
159 2150 1
3774 4482 1
2991 4036 1
3555 3620 1
0 1339 1
507 4553 1
519 3624 1
3268 3563 1
1423 2310 1
449 2104 1
4283 4709 1
3483 3902 1
2332 3060 1
1499 2305 1
1227 1617 1
1877 2665 1
4257 4427 1
1394 1730 1
2663 4513 1
2961 3389 1
3035 3338 1
2085 3718 1
103 2002 1
1617 2152 1
3950 4657 1
2574 3882 1
4352 4822 1
875 1700 1
12 2988 1
442 2572 1
968 1864 1
2573 2876 1
4271 4833 1
1262 4031 1
3655 4335 1
387 3050 1
3871 4899 1
1507 3081 1
483 3512 1
1319 3784 1
519 725 1
703 3286 1
159 3573 1
480 4153 1
1799 3081 1
310 2429 1
1973 4550 1
720 4929 1
3317 4474 1
1362 3615 1
130 899 1
1543 2872 1
1061 1408 1
1367 2646 1
4699 4855 1
480 3348 1
1612 2450 1
376 4688 1
922 4632 1
1292 3411 1
1766 3267 1
654 4817 1
292 1203 1
1780 3350 1
771 2369 1
1089 1712 1
1743 4222 1
2087 4032 1
1223 1712 1
2185 4567 1
4108 4922 1
715 747 1
1387 4560 1
933 2138 1
1302 3698 1
1979 4849 1
381 2564 1
314 1342 1
322 1203 1
3983 4634 1
1421 2077 1
481 701 1
4054 4285 1
1043 1902 1
1192 1436 1
4418 4747 1
379 2087 1
1234 2601 1
2261 4161 1
3888 4932 1
1057 4402 1
2870 4619 1
3004 4619 1
2284 3741 1
2769 3032 1
1278 4751 1
1617 1965 1
1333 2206 1
987 1569 1
726 4423 1
4218 4635 1
1675 4572 1
1326 4418 1
359 1219 1
2773 4844 1
687 2216 1
316 3212 1
624 1113 1
256 717 1
854 2329 1
2215 4701 1
1768 2669 1
2745 4866 1
1072 4659 1
844 3489 1
116 2750 1
1156 2263 1
1340 4824 1
3769 4785 1
2017 4285 1
2476 4045 1
2961 3336 1
1462 2720 1
2713 3234 1
1086 3372 1
3110 3809 1
1221 2284 1
233 4624 1
1175 4733 1
1347 1807 1
2779 3830 1
413 1185 1
2759 4117 1
2218 4702 1
2588 4235 1
12 4224 1
1492 2346 1
2278 3255 1
1775 4132 1
1510 4615 1
1369 3444 1
2466 3491 1
3246 3831 1
1066 4574 1
87 2304 1
743 888 1
2296 3430 1
1484 2054 1
2745 3256 1
117 611 1
3885 3939 1
2665 2738 1
3153 3990 1
1617 2583 1
3430 4298 1
331 570 1
965 3337 1
2510 2608 1
3315 3759 1
2655 4652 1
1463 3055 1
1132 3450 1
1667 2296 1
786 4533 1
2702 3717 1
2805 4596 1
1334 3584 1
133 2433 1
2302 3975 1
220 1089 1
2114 3924 1
868 2249 1
682 3779 1
456 3436 1
1201 4344 1
943 2773 1
1610 3990 1
2542 3970 1
1449 2352 1
3491 4119 1
1564 2302 1
704 4827 1
113 4359 1
187 4308 1
321 4308 1
1756 3411 1
240 936 1
1927 4986 1
1313 3780 1
996 4073 1
3673 4890 1
2807 3463 1
1831 4874 1
1089 4237 1
3914 4198 1
3724 4074 1
190 418 1
2527 3796 1
1968 3832 1
2193 2230 1
2752 3914 1
758 875 1
1507 1902 1
3159 3514 1
342 408 1
2899 4341 1
655 2625 1
2308 3119 1
711 3688 1
1151 3960 1
951 4838 1
1610 4474 1
1675 4869 1
522 2446 1
502 1070 1
1489 3955 1
725 2805 1
928 2575 1
1451 4602 1
2165 3191 1
2352 3017 1
1297 4135 1
703 4335 1
1172 3093 1
2715 3227 1
731 2569 1
2372 3238 1
507 609 1
3810 4332 1
386 2534 1
391 2878 1
1929 2668 1
102 2775 1
900 2755 1
3324 4624 1
1968 4316 1
2052 2509 1
73 1256 1
3426 3588 1
1217 2812 1
2308 4542 1
463 3289 1
2469 3147 1
244 2427 1
3444 4517 1
2267 3952 1
651 4279 1
1038 2473 1
1478 2745 1
1557 3038 1
96 2714 1
2061 2571 1
3745 4630 1
2000 4547 1
122 2622 1
1221 1776 1
400 846 1
458 4234 1
2698 4296 1
2156 3747 1
449 738 1
1789 2233 1
4474 4631 1
563 1025 1
783 3243 1
2535 2962 1
1974 4615 1
1556 2412 1
520 3772 1
2452 2927 1
537 3187 1
34 4064 1
2663 3147 1
1153 4624 1
1246 4815 1
2452 3866 1
3370 4702 1
2521 2690 1
2303 4682 1
149 3613 1
1763 4179 1
2595 3743 1
2768 3671 1
9 2263 1
937 3255 1
69 1001 1
1185 3542 1
2014 2835 1
1179 3727 1
1965 4636 1
2914 4031 1
383 3793 1
2757 4047 1
4644 4745 1
655 694 1
1019 1910 1
2032 3764 1
222 3286 1
1347 3661 1
1154 3266 1
1678 1731 1
1185 1798 1
127 955 1
703 2054 1
1504 1551 1
105 2105 1
3768 3919 1
2238 3990 1
1347 1567 1
1911 3595 1
1283 4026 1
2064 3837 1
1300 3441 1
2520 4642 1
735 3440 1
963 1577 1
1661 3605 1
1774 3482 1
1843 3087 1
2990 3221 1
621 1059 1
3630 4335 1
2664 3990 1
1748 3200 1
371 1823 1
615 2183 1
1043 2630 1
1893 2800 1
253 1013 1
69 2424 1
1309 3503 1
2986 4391 1
398 613 1
267 4102 1
1175 3688 1
1089 2224 1
3246 3941 1
536 1486 1
2431 3765 1
55 4596 1
292 2065 1
1025 1650 1
4217 4788 1
807 3642 1
1225 3401 1
172 2902 1
1166 3760 1
1907 3206 1
1043 4858 1
105 2589 1
2122 4299 1
270 3595 1
786 4643 1
3026 4705 1
2756 4063 1
4411 4630 1
1485 4802 1
3788 4624 1
1103 3919 1
2722 4829 1
1225 2596 1
2071 4495 1
3447 3957 1
4112 4347 1
2539 3782 1
1461 4916 1
3250 3793 1
2417 3038 1
555 2370 1
1804 2811 1
1506 4285 1
2729 2751 1
2341 4332 1
469 2976 1
1730 4178 1
2917 3741 1
955 1149 1
48 2165 1
2733 4563 1
11 3037 1
3185 3906 1
5 2468 1
409 3083 1
245 3618 1
2062 3577 1
3378 4486 1
379 4372 1
320 759 1
2940 4260 1
1359 1390 1
1885 3126 1
3048 3793 1
1594 2196 1
4395 4769 1
1101 2263 1
1359 4773 1
392 820 1
3267 3342 1
856 1678 1
403 420 1
3596 3783 1
1072 4716 1
2846 3285 1
1531 4476 1
4299 4657 1
568 2150 1
764 3782 1
3613 4329 1
1569 1735 1
103 1067 1
1680 4949 1
928 3624 1
998 4363 1
267 3915 1
1702 3018 1
841 1935 1
107 2879 1
591 4389 1
25 2288 1
3890 4206 1
1443 4605 1
2665 3600 1
2544 3081 1
2215 4303 1
3726 3990 1
1728 2495 1
930 2515 1
719 3234 1
2624 3949 1
702 2284 1
1679 4481 1
987 3399 1
2358 4769 1
871 3224 1
2545 3841 1
2334 2840 1
2825 3831 1
169 858 1
387 2249 1
3188 4822 1
194 2608 1
507 853 1
1766 1982 1
3620 3698 1
2243 4765 1
1032 2926 1
2310 3543 1
20 1674 1
1102 1413 1
379 4990 1
79 2254 1
115 2665 1
103 396 1
889 1305 1
968 2352 1
1997 3985 1
2685 4359 1
2442 4601 1
2590 4499 1
3556 4063 1
2962 4078 1
1494 2583 1
554 3651 1
1567 3061 1
264 3323 1
3612 4345 1
2917 3554 1
2543 3313 1
2284 4550 1
1551 3467 1
642 3656 1
3338 3961 1
3890 4474 1
354 2435 1
2497 2564 1
1633 4216 1
3505 4074 1
0 1156 1
956 2476 1
605 741 1
1559 2954 1
1106 2420 1
2114 3176 1
1456 1486 1
386 818 1
2495 3807 1
1202 3067 1
2819 3904 1
3674 4418 1
1864 3940 1
3270 3776 1
4219 4891 1
769 4878 1
1939 2020 1
741 4550 1
1754 4684 1
2636 4577 1
467 2446 1
69 3339 1
3831 4378 1
11 890 1
3338 4445 1
2598 4443 1
2011 4875 1
430 4257 1
1722 4772 1
411 1009 1
1341 3360 1
937 1055 1
895 3273 1
258 4150 1
1531 4423 1
1667 2971 1
1610 2437 1
124 1302 1
2937 2946 1
493 2862 1
500 1589 1
3092 3234 1
506 3289 1
1856 3782 1
2193 2421 1
1632 4074 1
2387 3418 1
444 2596 1
148 3766 1
624 3695 1
3087 4179 1
813 4506 1
295 1133 1
2182 2797 1
721 2473 1
5 805 1
1257 3207 1
741 846 1
1716 3906 1
345 846 1
270 4644 1
335 2787 1
3418 4292 1
2313 3603 1
2344 2916 1
618 2294 1
2025 3321 1
1968 4507 1
242 502 1
2119 4676 1
2407 4554 1
2083 3676 1
87 564 1
1153 4681 1
2303 3800 1
3953 4585 1
4390 4586 1
1683 2402 1
738 3126 1
3556 4360 1
113 3074 1
1504 3568 1
518 4291 1
1602 1659 1
1937 4389 1
2427 4216 1
195 1571 1
1745 3630 1
2612 3215 1
2405 2922 1
1606 3471 1
2743 2917 1
1290 4928 1
985 4292 1
1219 2244 1
703 2916 1
109 457 1
1766 2413 1
725 2675 1
280 3722 1
3807 3955 1
2390 3179 1
1717 3810 1
3172 3565 1
2984 4268 1
458 3620 1
2755 4216 1
2010 4062 1
1347 3718 1
3002 4093 1
1725 2358 1
1283 3733 1
854 1341 1
2261 4812 1
185 428 1
2858 3755 1
743 4893 1
45 3050 1
623 4976 1
50 3394 1
320 4975 1
2835 2990 1
1575 4642 1
756 1341 1
1045 3164 1
2130 2420 1
4224 4377 1
179 771 1
449 4796 1
1711 2436 1
1420 1506 1
681 4550 1
2045 4941 1
1718 2102 1
795 895 1
378 3990 1
1388 1409 1
1515 3436 1
4047 4838 1
2114 2452 1
204 3056 1
1936 3843 1
3457 4972 1
1965 3083 1
1104 2000 1
534 4099 1
2742 3714 1
390 967 1
85 331 1
1499 4781 1
2218 3714 1
1463 2872 1
408 3236 1
986 998 1
418 3924 1
115 2425 1
466 962 1
2150 3021 1
1195 2303 1
2956 4582 1
1378 3673 1
1156 4792 1
1930 1934 1
1568 4736 1
4300 4506 1
902 1650 1
482 4474 1
1855 2699 1
332 1497 1
755 2354 1
1479 3351 1
648 1733 1
1520 3914 1
3321 4306 1
1017 2539 1
1694 4444 1
2845 3788 1
747 4341 1
229 968 1
2507 4732 1
962 3771 1
1935 4506 1
1845 2519 1
3906 4528 1
3565 4235 1
619 749 1
1864 3700 1
3412 4932 1
3322 3726 1
2978 4825 1
3744 4358 1
2636 3398 1
2240 3398 1
1470 4685 1
1341 1831 1
2695 3978 1
294 2278 1
4485 4743 1
3760 4487 1
2521 3044 1
661 759 1
239 3510 1
3452 3553 1
654 2971 1
1674 1832 1
3816 4769 1
1113 3485 1
1917 4219 1
477 2520 1
924 3963 1
4327 4692 1
4074 4246 1
672 2961 1
2291 3871 1
1221 3203 1
266 1519 1
1594 2253 1
715 2284 1
86 770 1
387 3916 1
3744 4492 1
1550 2331 1
724 1057 1
1429 4256 1
121 764 1
494 3978 1
3553 4143 1
3668 4847 1
1463 4779 1
1306 2321 1
1903 4297 1
2636 3882 1
4523 4580 1
4500 4596 1
400 4501 1
4651 4765 1
3949 4493 1
585 3500 1
2255 3409 1
1701 3789 1
1836 3425 1
1574 1735 1
278 724 1
964 4435 1
985 4723 1
2329 4647 1
2721 3939 1
1540 3440 1
3181 4863 1
1052 3851 1
121 4281 1
2354 3364 1
1531 2573 1
3855 4026 1
670 2244 1
1564 1932 1
1412 4544 1
1696 1859 1
1577 4611 1
3987 4330 1
854 1772 1
1089 2578 1
1297 3281 1
1049 3179 1
2063 3723 1
1378 3620 1
3105 4063 1
228 4878 1
3444 3529 1
2165 2687 1
482 3482 1
1438 4802 1
1851 4217 1
393 4164 1
513 2768 1
3037 3555 1
1218 3523 1
1632 2574 1
1879 2451 1
2032 3447 1
2351 3200 1
3369 4644 1
924 3426 1
968 3698 1
2573 4710 1
1302 2820 1
1102 3698 1
1109 2425 1
3927 4413 1
3225 4895 1
2865 4360 1
3338 4018 1
807 3780 1
3906 4475 1
1994 2000 1
534 4530 1
797 968 1
2439 3555 1
754 1271 1
1001 1902 1
1598 3878 1
717 2143 1
3056 3150 1
1832 4459 1
366 3791 1
1539 3648 1
943 2082 1
392 1979 1
330 1101 1
2145 4397 1
1126 4418 1
1713 1734 1
2733 4567 1
2807 4516 1
816 3438 1
3147 3618 1
2548 4787 1
1185 4998 1
397 4016 1
2828 4804 1
747 4772 1
293 660 1
2431 4387 1
2467 4798 1
552 2052 1
3677 3968 1
604 1461 1
4568 4701 1
459 2800 1
2307 4701 1
371 4084 1
1221 3500 1
159 3447 1
2509 3115 1
229 2688 1
1093 1221 1
2470 4291 1
959 2160 1
2012 3598 1
185 3705 1
1177 4490 1
3697 4569 1
1690 4486 1
420 1478 1
1719 3726 1
1855 4553 1
292 2232 1
1246 4445 1
550 1709 1
1708 2032 1
2879 4472 1
1210 1755 1
1311 1807 1
580 1359 1
253 964 1
1845 3434 1
2471 3896 1
3160 4872 1
4297 4318 1
1649 2741 1
319 3654 1
1461 3444 1
2612 2788 1
2660 3768 1
1750 4486 1
253 2253 1
781 4624 1
1937 4312 1
2176 2608 1
3928 4047 1
3286 4580 1
1175 4928 1
1140 4153 1
1632 4615 1
3454 4164 1
1735 3050 1
2516 3615 1
1213 4631 1
1311 4974 1
1423 1997 1
2551 3609 1
3779 4863 1
3066 4432 1
2240 3158 1
1204 3764 1
2737 3964 1
772 1663 1
959 1489 1
262 2315 1
2984 3841 1
621 4877 1
1246 2485 1
549 3311 1
1299 3809 1
480 3706 1
989 3583 1
889 1659 1
646 3594 1
352 3147 1
1296 4642 1
908 3779 1
2544 4858 1
1601 2245 1
1935 4750 1
525 981 1
1682 3523 1
1840 4863 1
1869 3349 1
28 3558 1
2268 3620 1
2774 3226 1
3555 3791 1
2469 2590 1
1729 2588 1
2510 3153 1
2386 4807 1
1030 3718 1
958 4781 1
458 3677 1
269 1526 1
267 699 1
81 1475 1
347 3846 1
1202 4360 1
773 1968 1
995 2569 1
788 3030 1
3148 3386 1
1694 1789 1
374 3390 1
407 3338 1
948 3662 1
1996 2127 1
555 4899 1
89 1716 1
295 4036 1
408 3159 1
280 3913 1
292 2984 1
1465 2087 1
1300 4494 1
245 4858 1
580 1172 1
3861 4382 1
1476 1687 1
2439 3986 1
1964 4659 1
2050 2898 1
1495 2087 1
2027 3668 1
168 265 1
1940 4423 1
343 3272 1
1176 3273 1
3648 4624 1
1124 1393 1
3247 4280 1
1319 2800 1
2136 3022 1
3262 3807 1
3148 4459 1
1207 3498 1
759 4274 1
3145 4161 1
1082 1517 1
573 3360 1
1421 2114 1
242 4694 1
2895 4363 1
265 332 1
3056 3126 1
1101 3987 1
1959 4018 1
4462 4682 1
656 2590 1
1917 3792 1
482 2437 1
788 2709 1
12 2488 1
1729 4495 1
3062 3321 1
3132 4060 1
704 4701 1
550 4234 1
266 4475 1
409 619 1
1167 1200 1
4169 4995 1
3222 4892 1
318 851 1
786 4891 1
303 3202 1
1423 3233 1
1803 2700 1
67 4423 1
3059 3558 1
1161 3233 1
3349 4825 1
2241 3865 1
3287 3947 1
602 4932 1
4413 4924 1
2544 4805 1
1329 1504 1
1535 3824 1
2515 3286 1
314 708 1
2521 4040 1
1017 3080 1
3284 4965 1
962 4312 1
110 1063 1
201 3433 1
919 2895 1
3352 4318 1
3369 3733 1
55 2295 1
1780 1911 1
1964 4472 1
2652 4846 1
398 2634 1
3588 4036 1
1338 4949 1
1644 2023 1
226 2335 1
267 3090 1
1478 2485 1
1414 4944 1
2267 4631 1
346 4322 1
1845 4349 1
2122 2937 1
1083 1582 1
2243 4395 1
1887 3070 1
727 1920 1
231 1716 1
621 4153 1
743 1864 1
3683 4781 1
2570 3477 1
400 4908 1
2296 4406 1
1102 1982 1
1913 4641 1
3203 4329 1
2938 4812 1
648 3697 1
85 4523 1
1056 4431 1
3692 4493 1
2971 4171 1
172 735 1
1140 2624 1
2545 3016 1
2768 3061 1
333 4975 1
64 1552 1
592 3923 1
821 1531 1
1851 2046 1
386 4986 1
1482 4431 1
2452 4895 1
857 2127 1
1297 2399 1
71 437 1
3245 3750 1
619 3652 1
1179 2528 1
816 1722 1
1103 1752 1
2092 2266 1
2747 4412 1
51 1101 1
4589 4613 1
838 3174 1
3957 4336 1
2949 4546 1
496 2656 1
317 2132 1
2094 4382 1
2065 3452 1
1030 1250 1
1632 3570 1
2370 3499 1
25 1731 1
1745 3447 1
3364 4357 1
463 4586 1
1594 4217 1
481 2913 1
2142 3268 1
184 448 1
2102 3869 1
1214 1717 1
2063 3914 1
686 2729 1
534 4587 1
670 3724 1
1835 2185 1
899 4715 1
3780 4019 1
2178 2524 1
159 3370 1
482 4023 1
2452 4224 1
541 4603 1
1261 4700 1
1281 2134 1
629 1979 1
1981 2545 1
1538 4419 1
2658 4450 1
2028 4054 1
1663 3367 1
4138 4235 1
1241 3674 1
2598 3618 1
1669 4875 1
1421 4773 1
860 2262 1
1381 3654 1
1262 3962 1
849 1349 1
3677 4025 1
1108 3495 1
122 3464 1
2859 4332 1
1379 4897 1
18 81 1
1327 2263 1
1764 3018 1
2170 3706 1
3253 3855 1
1233 4321 1
618 4957 1
3595 4723 1
2578 3127 1
1115 2730 1
4135 4852 1
2078 2962 1
968 4373 1
4118 4656 1
2337 2664 1
1356 2977 1
1175 4851 1
1729 2027 1
75 2062 1
775 4917 1
2294 4657 1
665 3059 1
3056 4980 1
2946 3122 1
2142 4825 1
2534 4117 1
39 2782 1
104 3931 1
848 4614 1
1536 1982 1
3234 3939 1
2408 2665 1
159 605 1
1729 3316 1
386 4933 1
848 2520 1
2565 4719 1
946 3055 1
3033 4595 1
3037 4714 1
1144 4733 1
2653 3785 1
2572 2665 1
717 724 1
379 4112 1
3130 4124 1
1934 4256 1
293 1335 1
1285 3810 1
982 4563 1
1314 3050 1
2303 3564 1
2192 3733 1
87 1617 1
1207 1648 1
938 4641 1
3536 4411 1
2589 4308 1
741 3538 1
3377 3600 1
1935 3518 1
2697 3841 1
818 3004 1
174 458 1
1684 3118 1
4538 4571 1
1058 1151 1
4047 4684 1
817 1439 1
777 4292 1
2687 3688 1
2031 2071 1
2495 2929 1
2278 2702 1
2916 4679 1
1845 2820 1
2736 2991 1
1657 3523 1
117 2152 1
583 1393 1
741 2733 1
2284 2867 1
2165 3175 1
2150 3806 1
1124 3410 1
1563 1794 1
2629 4972 1
406 1881 1
3825 4998 1
105 4370 1
4348 4773 1
219 2405 1
1282 1902 1
2030 4047 1
84 1988 1
352 3688 1
2048 4818 1
1322 3960 1
699 4735 1
962 1173 1
1046 2564 1
849 4679 1
1785 2903 1
482 3165 1
1013 3555 1
1089 3550 1
2849 3941 1
617 3740 1
1852 2031 1
3276 4917 1
598 2185 1
1200 1287 1
3760 3983 1
1504 3950 1
1851 2745 1
964 3447 1
2580 4059 1
1919 4542 1
1790 2442 1
3813 3967 1
253 3062 1
2190 3315 1
2119 4603 1
699 4280 1
904 1302 1
1589 4788 1
3235 4111 1
64 507 1
372 660 1
264 2258 1
3051 4933 1
215 4059 1
3231 3588 1
2176 4706 1
450 2421 1
138 3058 1
1463 4275 1
1719 1986 1
1318 4860 1
2792 3891 1
2087 3321 1
2510 4178 1
597 2067 1
1295 4849 1
2544 4728 1
117 4059 1
408 2545 1
2928 4876 1
376 3761 1
357 1267 1
964 3931 1
630 2365 1
1442 2243 1
1089 2879 1
2820 4784 1
1319 3341 1
2580 4543 1
944 1185 1
1324 4624 1
1797 2592 1
4413 4631 1
1200 3999 1
16 2263 1
1769 3927 1
447 4701 1
1720 4974 1
705 795 1
1687 2582 1
709 914 1
1175 4127 1
2596 3332 1
345 1391 1
2408 4035 1
1706 3763 1
921 2490 1
4047 4631 1
2808 4908 1
461 2505 1
1799 3927 1
1410 1900 1
357 1401 1
1671 3927 1
943 3188 1
1625 2993 1
964 1032 1
631 4764 1
220 3732 1
153 2510 1
333 1165 1
85 1063 1
103 3332 1
1151 1797 1
428 2341 1
1243 1736 1
1318 4539 1
2474 4227 1
456 3985 1
2684 4976 1
2629 2825 1
34 2572 1
3452 3801 1
3056 3801 1
1657 2665 1
292 2049 1
1508 2542 1
1730 2389 1
1115 3779 1
293 961 1
1387 2023 1
502 546 1
209 1233 1
4035 4731 1
2243 2358 1
335 4755 1
3239 4043 1
53 1659 1
3137 3766 1
3123 3868 1
1337 3976 1
1313 3390 1
442 653 1
63 4040 1
937 1763 1
1991 3426 1
854 4919 1
3092 3592 1
3548 4397 1
1794 2508 1
2279 4243 1
551 1885 1
4143 4957 1
465 3242 1
2332 2564 1
518 2876 1
2956 4643 1
2720 3612 1
2514 2955 1
1965 4433 1
1171 4572 1
2291 4603 1
679 2420 1
696 1835 1
7 4242 1
2835 4474 1
3306 4059 1
2087 3268 1
1825 3268 1
3438 4363 1
2097 4895 1
2835 4824 1
675 742 1
1347 2303 1
818 1959 1
2697 2796 1
2232 4157 1
1609 4932 1
48 994 1
1601 4290 1
1358 4532 1
2332 3048 1
2142 4614 1
2665 4389 1
1471 1965 1
3523 4420 1
2592 4850 1
1248 1893 1
768 4474 1
3464 4779 1
2421 4968 1
3457 4362 1
2942 3916 1
297 1856 1
4691 4872 1
2845 3983 1
4006 4015 1
303 3556 1
919 1610 1
4009 4286 1
2916 3634 1
3718 4487 1
2000 2063 1
2179 4280 1
30 4336 1
1803 4932 1
944 3710 1
951 1683 1
2195 4224 1
1644 4121 1
1855 4533 1
36 4501 1
2624 3583 1
1939 3480 1
738 2329 1
4036 4954 1
2470 3116 1
2143 2721 1
3046 4215 1
136 2638 1
4074 4657 1
2252 2664 1
1716 3593 1
2872 4035 1
4224 4601 1
3517 4739 1
1017 1340 1
294 4917 1
545 2284 1
3680 3979 1
3915 4785 1
1931 2434 1
721 3449 1
19 3931 1
1939 4769 1
2792 4456 1
846 2397 1
94 1072 1
2715 3455 1
2030 3352 1
1536 3783 1
717 3680 1
2243 4399 1
1026 4435 1
929 4502 1
447 3038 1
3012 4580 1
276 2402 1
3586 4852 1
332 3465 1
2295 4939 1
3367 3990 1
448 4579 1
90 4871 1
219 3938 1
253 1078 1
2050 2260 1
2088 3306 1
1900 3255 1
757 3994 1
782 4990 1
1172 3455 1
2370 4308 1
2060 3328 1
376 488 1
625 1192 1
215 3014 1
831 1068 1
187 966 1
448 741 1
879 3179 1
1213 2301 1
516 3127 1
2085 2230 1
545 1613 1
2439 3482 1
2501 4360 1
1388 3056 1
2057 3565 1
1637 2979 1
2655 2733 1
1056 4919 1
2771 3847 1
585 2301 1
1722 3467 1
2028 2985 1
149 458 1
1215 3636 1
320 3723 1
2114 2944 1
3165 3370 1
3760 4711 1
1167 3595 1
219 3267 1
2513 3565 1
3433 4474 1
850 1794 1
2122 4848 1
2514 3386 1
1982 4279 1
2054 3401 1
464 977 1
519 4848 1
1613 3658 1
4357 4943 1
4410 4577 1
4354 4645 1
240 2400 1
16 3446 1
621 3031 1
553 4967 1
3111 3618 1
488 3791 1
352 4684 1
107 4099 1
2390 2545 1
49 1650 1
1528 4243 1
948 1682 1
1094 1507 1
1885 4480 1
2853 4871 1
2533 4701 1
537 1589 1
3004 4286 1
141 835 1
3100 4748 1
1990 2961 1
138 537 1
2323 2612 1
975 2165 1
3045 3536 1
3050 3880 1
66 2354 1
436 1133 1
4234 4835 1
488 2986 1
223 1025 1
2046 4182 1
2954 3768 1
2243 4696 1
490 4752 1
1792 2545 1
2160 4661 1
1287 4507 1
2722 3418 1
1080 4968 1
717 4916 1
994 3504 1
2489 2658 1
632 4054 1
866 2006 1
3766 3804 1
1276 3567 1
591 2710 1
135 215 1
2722 3768 1
1705 2926 1
356 2843 1
1186 1580 1
2032 4260 1
1734 2351 1
1577 4619 1
1585 2228 1
821 1832 1
4105 4559 1
545 3654 1
1212 4871 1
3061 4523 1
3056 4179 1
2087 4317 1
892 2422 1
1294 1648 1
617 3126 1
2090 2521 1
87 682 1
2573 3429 1
2251 3378 1
2335 4769 1
3807 3939 1
2300 3270 1
1990 2290 1
2485 4713 1
2148 3630 1
66 1683 1
4582 4874 1
3554 3651 1
105 4240 1
2104 2927 1
4693 4863 1
3146 3267 1
37 1103 1
3488 4724 1
1691 4451 1
3623 4360 1
2192 2932 1
987 2793 1
2671 4852 1
2700 3338 1
458 2449 1
1426 2840 1
1020 2152 1
152 2342 1
2207 4344 1
765 4262 1
3270 3841 1
1186 4292 1
905 1798 1
1342 2553 1
1523 4062 1
1965 2717 1
1369 3595 1
440 4852 1
1799 3179 1
3683 4545 1
4421 4474 1
3168 4099 1
482 2230 1
342 3913 1
1584 3375 1
1744 4596 1
2826 4335 1
1194 4129 1
1166 3801 1
204 946 1
3354 3673 1
2843 4689 1
680 4847 1
580 3677 1
1798 1799 1
172 3882 1
1319 4016 1
2220 2431 1
2772 2944 1
280 4324 1
827 4493 1
863 4150 1
1009 3975 1
64 4699 1
3616 4962 1
3228 4099 1
974 1887 1
1356 1989 1
724 1712 1
519 2246 1
598 2539 1
460 885 1
1597 2051 1
2658 4885 1
3740 4624 1
989 2168 1
4042 4962 1
1956 2334 1
1302 3796 1
115 2543 1
4063 4496 1
2303 3381 1
85 3832 1
2664 3360 1
1089 3688 1
1751 3807 1
2561 2858 1
4680 4845 1
1313 3581 1
1679 3904 1
43 573 1
266 2308 1
101 4715 1
3989 4173 1
711 4644 1
1401 2647 1
4397 4907 1
233 855 1
1998 4788 1
2665 2807 1
2057 4614 1
1496 4577 1
3061 4470 1
117 4063 1
850 3648 1
1003 3890 1
1935 4624 1
1940 4968 1
498 2442 1
368 4813 1
2894 3017 1
1302 3930 1
32 168 1
2688 4080 1
2087 4614 1
72 1637 1
1937 2576 1
1975 2868 1
3994 4651 1
1798 2417 1
767 4121 1
786 1919 1
1511 4804 1
153 3669 1
1111 4870 1
3360 4486 1
4949 4965 1
68 2807 1
2521 3162 1
3364 4605 1
270 1221 1
514 3833 1
2182 4635 1
2360 4907 1
705 2088 1
2673 3906 1
715 4496 1
36 1175 1
342 4665 1
729 3613 1
619 1001 1
332 944 1
3181 4497 1
480 3259 1
3689 4149 1
519 4153 1
1728 3475 1
229 415 1
3805 4482 1
823 3783 1
3187 4103 1
556 4193 1
1823 4651 1
73 4224 1
3510 3975 1
962 3568 1
2923 4215 1
3021 4750 1
2954 3528 1
1347 1689 1
2152 2840 1
2432 2665 1
3871 4139 1
2758 2835 1
386 2819 1
458 1941 1
902 3675 1
1380 4431 1
1368 2916 1
1101 2572 1
846 3743 1
469 1541 1
2038 2896 1
1312 2984 1
715 4980 1
2903 4852 1
725 3224 1
1108 4682 1
1431 3615 1
846 4682 1
1005 2460 1
2259 3245 1
2246 3949 1
2263 3364 1
1258 1593 1
1368 4205 1
1079 4102 1
138 781 1
2452 4956 1
2037 4714 1
4805 4895 1
941 3764 1
4344 4685 1
2023 3503 1
3566 4391 1
625 1249 1
468 3517 1
721 4929 1
1604 2738 1
1852 4560 1
1979 2800 1
3727 4874 1
354 1321 1
519 1388 1
2544 3740 1
166 2024 1
1563 4807 1
197 1337 1
3154 4423 1
215 4360 1
4559 4623 1
961 1706 1
4564 4967 1
2425 3267 1
1083 4355 1
418 3184 1
1072 2476 1
545 2959 1
500 1496 1
1940 4915 1
1537 3744 1
1261 1594 1
3475 4407 1
1684 4171 1
4082 4819 1
553 1507 1
16 4308 1
1342 4407 1
2303 2873 1
3485 3782 1
1291 4627 1
429 690 1
962 1153 1
1210 4638 1
219 4263 1
2846 3273 1
1911 2241 1
1607 4459 1
711 1692 1
754 2328 1
2309 4731 1
418 2379 1
1866 4161 1
1935 3766 1
16 2564 1
4355 4927 1
1277 1322 1
834 3196 1
39 481 1
1966 2298 1
386 2282 1
1153 2949 1
482 1990 1
1428 4874 1
965 2898 1
2257 4167 1
514 747 1
669 1816 1
507 3740 1
1448 2493 1
1506 2663 1
1160 2026 1
0 4848 1
1716 2658 1
907 2519 1
3990 4024 1
862 1056 1
1207 4474 1
813 2103 1
4753 4949 1
3958 4486 1
2927 3746 1
1946 4813 1
686 4213 1
1368 4018 1
1223 4603 1
669 1011 1
32 1888 1
670 4619 1
954 1934 1
2510 4747 1
1703 2961 1
820 4563 1
966 4388 1
914 1754 1
1677 2679 1
188 307 1
2505 4753 1
2665 3722 1
51 975 1
374 4634 1
2412 2495 1
2894 3932 1
529 1889 1
2421 4651 1
1735 4323 1
651 1478 1
389 1478 1
1824 4553 1
3434 4411 1
197 2439 1
1195 4759 1
458 4466 1
1313 4980 1
389 2417 1
1127 2346 1
1654 4492 1
197 3378 1
4474 4863 1
545 4061 1
679 4815 1
1974 4847 1
1601 4107 1
293 4779 1
1700 4086 1
4263 4801 1
1983 3620 1
481 1043 1
2264 3081 1
3140 4472 1
2943 3369 1
686 1448 1
959 4990 1
219 1982 1
1447 1546 1
96 3080 1
175 4127 1
2028 2989 1
4318 4858 1
968 3763 1
1797 3056 1
9 4589 1
561 2850 1
3360 4596 1
400 1212 1
2024 2466 1
916 2260 1
1766 4682 1
2294 4047 1
3061 4714 1
3587 4006 1
884 2722 1
765 3030 1
1987 4277 1
1185 2835 1
278 3851 1
403 2799 1
1000 4775 1
203 4431 1
540 818 1
3048 4078 1
3030 4438 1
693 1033 1
1845 3231 1
379 2563 1
967 2733 1
1 4108 1
2463 3051 1
1958 4047 1
848 2260 1
3038 4679 1
42 4082 1
4157 4485 1
602 2204 1
1341 2543 1
1551 4073 1
1917 3642 1
2493 3051 1
2052 4998 1
476 4724 1
4309 4475 1
1009 2743 1
4245 4490 1
2425 4987 1
1526 3612 1
1798 1856 1
545 4679 1
97 3765 1
1409 3966 1
1019 4720 1
188 2348 1
267 3395 1
4222 4829 1
1080 3683 1
4180 4603 1
2330 3006 1
1524 4074 1
159 1768 1
3471 4291 1
138 4863 1
972 4500 1
0 957 1
2121 3017 1
1436 2914 1
1103 4956 1
2410 4059 1
856 1292 1
4528 4912 1
1888 3196 1
1666 4315 1
2810 4932 1
394 4644 1
234 3231 1
767 3694 1
545 4813 1
242 840 1
3731 4753 1
2482 2622 1
1222 4274 1
1063 3463 1
3901 4383 1
1519 2925 1
2386 2510 1
1712 4259 1
3338 3896 1
3081 4994 1
2012 3208 1
2788 3429 1
682 4121 1
3760 4528 1
2333 3788 1
320 507 1
3 4772 1
3315 3885 1
2613 3613 1
1798 3629 1
3563 4364 1
1044 1477 1
1863 2334 1
1734 3644 1
2052 2233 1
1675 2283 1
2136 3624 1
69 1046 1
196 3073 1
2682 3568 1
2742 4373 1
1370 2586 1
1807 3341 1
2872 3665 1
943 1021 1
0 2380 1
516 3428 1
2474 3804 1
2551 4024 1
2894 4363 1
4107 4585 1
683 2787 1
1192 2664 1
975 4881 1
1449 3983 1
1258 1971 1
1032 4634 1
534 3603 1
820 1745 1
1200 1966 1
781 4234 1
1526 2136 1
1803 4107 1
2821 3861 1
187 1401 1
2115 3820 1
704 2859 1
308 2859 1
621 1104 1
1841 2305 1
1185 3132 1
2085 2665 1
1694 3009 1
1830 4590 1
2282 3179 1
639 1683 1
943 4538 1
516 529 1
1911 2485 1
2427 3533 1
2015 4528 1
479 4030 1
100 1001 1
3023 4503 1
1507 4472 1
2198 3831 1
1015 4949 1
3090 3446 1
991 2111 1
91 134 1
1369 1505 1
419 1885 1
1728 4821 1
1678 2260 1
1332 1623 1
2660 4801 1
2044 4303 1
1003 4565 1
2107 2373 1
529 4682 1
2709 4693 1
2466 4935 1
2380 3471 1
933 3045 1
3497 3581 1
2127 3375 1
2417 3888 1
1968 2564 1
741 4164 1
3743 3987 1
3027 4571 1
591 3816 1
1492 2985 1
917 4740 1
16 848 1
448 505 1
3030 3714 1
1193 4796 1
2032 2333 1
2949 3725 1
1748 2574 1
856 4622 1
1491 2918 1
2872 3478 1
7 3364 1
2299 3616 1
3594 3648 1
1832 4150 1
1101 3113 1
839 3113 1
197 1394 1
3041 4603 1
4161 4634 1
854 4175 1
682 4068 1
1393 2359 1
2392 4315 1
3360 4706 1
2358 2452 1
3378 4531 1
1530 3761 1
2299 2811 1
2252 4685 1
1804 2051 1
350 454 1
630 2723 1
1586 4043 1
1175 2257 1
32 4494 1
1549 4161 1
742 2375 1
499 927 1
2697 3207 1
3746 4526 1
1533 4567 1
2297 3273 1
34 1507 1
2303 4219 1
3326 4317 1
383 1102 1
1052 4644 1
32 2750 1
2848 3911 1
3056 4614 1
2601 4973 1
87 178 1
1272 4768 1
1222 2961 1
1678 3012 1
294 656 1
51 898 1
2165 2541 1
4850 4939 1
366 3161 1
488 4844 1
3612 3906 1
4204 4949 1
2 605 1
2846 3814 1
1538 3732 1
3360 4035 1
1823 4655 1
1212 4501 1
124 4917 1
69 2766 1
1388 1694 1
2093 3203 1
3013 4112 1
2782 4179 1
3524 4035 1
2082 3953 1
2359 2541 1
3370 3568 1
75 4624 1
844 2920 1
2769 4102 1
477 3126 1
2121 4066 1
1729 2495 1
178 965 1
592 3988 1
583 2182 1
536 4056 1
1293 4035 1
534 3229 1
3364 4288 1
1313 4687 1
59 3875 1
2082 3148 1
136 1089 1
2985 4642 1
2940 3179 1
908 3820 1
3967 4739 1
30 4076 1
496 4815 1
161 3778 1
95 1438 1
1223 3050 1
922 3876 1
120 3188 1
354 386 1
507 1382 1
1712 3214 1
2259 2794 1
1099 3364 1
741 3656 1
2205 3497 1
3103 4647 1
1127 1598 1
1342 3472 1
251 4179 1
4232 4582 1
1906 3056 1
8 1977 1
138 1269 1
1734 2949 1
533 1798 1
4153 4474 1
1871 3220 1
2669 3200 1
755 4062 1
552 2979 1
2803 4331 1
764 2835 1
2097 3159 1
717 4709 1
1911 4689 1
2135 4582 1
1178 2071 1
2434 3683 1
531 2260 1
194 1177 1
1791 3991 1
194 4560 1
3931 4603 1
2114 4644 1
724 4725 1
613 4894 1
2731 3273 1
2824 3464 1
1086 4360 1
1569 3016 1
1175 1399 1
261 3688 1
1694 1964 1
3700 4074 1
732 3273 1
436 4443 1
3433 3730 1
2423 4059 1
1101 4833 1
2262 2421 1
2742 3812 1
2520 4931 1
1007 4417 1
2253 4587 1
680 4022 1
892 2215 1
895 3452 1
2020 3827 1
1337 3797 1
3454 4957 1
857 4099 1
3440 3746 1
1150 1877 1
773 1338 1
2067 3242 1
1449 4361 1
581 4551 1
46 1009 1
818 3740 1
479 4274 1
2332 3890 1
66 2415 1
2051 3648 1
1824 4423 1
1299 1569 1
1622 2976 1
715 3992 1
329 2236 1
398 1841 1
3164 3639 1
1426 2283 1
1207 3673 1
3581 3927 1
570 2298 1
1538 1935 1
392 491 1
3620 4040 1
4093 4260 1
3038 3126 1
2317 2612 1
1734 4506 1
1893 2284 1
231 923 1
2278 3788 1
3955 4676 1
942 2412 1
1697 4974 1
2829 4076 1
2466 4024 1
1965 2510 1
2077 2751 1
2427 4261 1
506 3952 1
213 4639 1
588 3762 1
1426 4861 1
2598 4301 1
3009 3081 1
2006 4389 1
276 2894 1
1926 3871 1
332 3957 1
2634 4897 1
2596 4605 1
1185 3644 1
2270 4620 1
1077 1832 1
977 3880 1
2290 2993 1
2369 3286 1
3 641 1
1185 1550 1
101 1930 1
1990 2701 1
1592 3594 1
1167 2664 1
1185 4933 1
2165 4395 1
3285 4426 1
3092 4031 1
2895 2928 1
4016 4123 1
786 3322 1
1911 3697 1
2002 3061 1
2898 4138 1
1437 3814 1
3892 4996 1
3491 4652 1
1292 3086 1
2859 4560 1
3229 3339 1
2164 3769 1
426 693 1
1207 1258 1
3822 4607 1
893 2788 1
435 3630 1
880 1048 1
3255 4910 1
1987 2537 1
1421 3846 1
1054 2332 1
219 2470 1
516 4908 1
3126 3749 1
863 1983 1
1086 3718 1
1087 2630 1
39 1721 1
985 4605 1
3280 4566 1
3130 4807 1
321 4036 1
1172 1398 1
2032 2256 1
1151 4493 1
2572 3698 1
1001 1516 1
1389 2564 1
1038 1583 1
2803 4762 1
4606 4823 1
172 910 1
39 3010 1
4294 4736 1
176 3281 1
3612 4150 1
2571 4412 1
3063 4874 1
4582 4614 1
3028 4099 1
1014 1347 1
0 22 1
117 607 1
3835 4572 1
1175 3924 1
1056 2512 1
1379 3165 1
2263 4417 1
1748 4725 1
1097 3452 1
2291 3432 1
1584 3570 1
1727 4787 1
1338 3514 1
1310 1466 1
3860 4228 1
3555 3592 1
1355 3868 1
4603 4686 1
1440 1697 1
738 2179 1
5 342 1
261 2025 1
1089 4099 1
3771 4506 1
1170 2775 1
1295 3975 1
171 2482 1
2119 2924 1
2263 3612 1
382 450 1
4334 4619 1
2025 2508 1
841 4936 1
2553 2627 1
1070 2544 1
3499 4757 1
2408 3966 1
2340 2519 1
1185 1713 1
3986 4286 1
401 850 1
2534 2735 1
30 4320 1
4682 4928 1
180 2544 1
364 409 1
73 1923 1
2473 3398 1
726 2488 1
3900 4111 1
2871 3444 1
295 1743 1
178 1343 1
3765 4825 1
671 687 1
516 3782 1
1341 1421 1
577 2745 1
3059 4030 1
3472 4199 1
392 2211 1
4252 4539 1
1845 1893 1
1313 4476 1
4554 4877 1
1780 4127 1
1601 2664 1
2277 4933 1
3871 4066 1
1316 2653 1
1094 3772 1
3482 3732 1
2083 4286 1
3234 3630 1
900 3906 1
2722 3455 1
1046 3731 1
519 4214 1
887 2166 1
3225 3517 1
2867 3055 1
1089 1334 1
1832 4825 1
2451 3342 1
1049 1935 1
732 2228 1
219 4861 1
649 4445 1
2514 4630 1
513 3618 1
2187 4235 1
745 4153 1
1128 1447 1
2246 4815 1
2220 3594 1
854 4850 1
1273 3491 1
2484 3640 1
1102 1165 1
1638 3619 1
1617 2742 1
421 1935 1
555 1935 1
4803 4934 1
3922 4919 1
2431 4164 1
91 488 1
280 3393 1
1885 3846 1
519 4348 1
2494 4893 1
2466 2845 1
2087 2260 1
233 3173 1
3440 3990 1
539 1001 1
318 4974 1
516 1017 1
966 3697 1
3211 4103 1
2835 4755 1
461 2249 1
2527 4410 1
1720 2624 1
2458 2553 1
3382 4924 1
1092 3055 1
2347 2722 1
19 4533 1
554 1659 1
192 4461 1
507 1089 1
1542 2702 1
1624 3266 1
717 4282 1
507 4472 1
3048 3708 1
2647 3364 1
460 2182 1
3352 4119 1
807 4175 1
3714 4700 1
266 2316 1
780 2537 1
4360 4848 1
389 437 1
2683 4899 1
1523 3749 1
3097 3950 1
866 2661 1
1569 2589 1
87 2142 1
457 921 1
357 3723 1
42 4651 1
2745 3683 1
623 3842 1
3446 3730 1
857 2733 1
843 2835 1
795 1855 1
961 3056 1
1515 4396 1
1538 2313 1
466 4016 1
3482 3545 1
1445 2122 1
247 4652 1
4320 4644 1
749 1106 1
329 520 1
408 813 1
1373 3939 1
3715 4655 1
1205 1322 1
781 3246 1
2498 3001 1
1734 1851 1
1962 3930 1
458 526 1
3780 4491 1
1863 3924 1
3914 4491 1
206 3688 1
1637 3581 1
482 2051 1
936 4473 1
153 1583 1
2464 2986 1
370 2749 1
2071 4223 1
187 3796 1
894 3658 1
624 3797 1
663 1281 1
1153 3360 1
921 3791 1
3180 4095 1
1597 2088 1
49 829 1
3032 4382 1
3202 4793 1
4759 4825 1
797 1631 1
394 2180 1
108 4792 1
434 2518 1
1736 4475 1
1207 4885 1
479 948 1
1614 3731 1
824 2114 1
3320 3859 1
51 3130 1
2270 2315 1
2788 3998 1
1192 3449 1
2768 4285 1
2263 4527 1
1313 4907 1
704 1416 1
2369 4953 1
3800 4846 1
586 4578 1
781 2575 1
225 4572 1
454 2180 1
4432 4564 1
2971 4240 1
3979 4030 1
1374 3089 1
307 440 1
3030 4820 1
2737 4009 1
4285 4487 1
1021 2412 1
717 2940 1
652 3454 1
975 2417 1
352 3192 1
3029 3255 1
723 3105 1
134 1020 1
87 2894 1
892 1601 1
2163 3491 1
582 621 1
2150 2505 1
2029 4430 1
2877 3773 1
1641 3567 1
975 3706 1
527 4482 1
1771 2859 1
389 2828 1
280 3824 1
941 1089 1
732 4887 1
1807 3455 1
2094 4451 1
1409 4348 1
894 2182 1
1902 3692 1
400 3367 1
1957 3399 1
2389 3029 1
768 4702 1
2460 2680 1
2205 3851 1
116 3958 1
336 3732 1
1898 4108 1
3851 4894 1
1478 3522 1
1514 3179 1
549 4779 1
4362 4817 1
1683 3927 1
2914 3385 1
693 4127 1
1510 3595 1
3065 3554 1
295 1048 1
867 4657 1
605 4657 1
3229 3396 1
1604 4169 1
2817 4391 1
2812 4047 1
2894 4611 1
342 2742 1
580 1567 1
3955 4412 1
3671 4653 1
1030 1803 1
854 4021 1
1967 2127 1
3285 4617 1
440 1937 1
87 2573 1
1219 1675 1
4560 4936 1
2824 4407 1
1760 3719 1
989 2152 1
4650 4829 1
2074 3128 1
702 1341 1
701 1870 1
200 3574 1
2839 4099 1
1495 4360 1
3979 4782 1
2828 3186 1
1627 2035 1
997 4083 1
2530 3529 1
1463 3324 1
329 951 1
215 4047 1
739 2512 1
2798 3694 1
3801 4860 1
258 1650 1
781 3677 1
343 3451 1
3195 4269 1
2845 3890 1
2525 4474 1
1881 4372 1
571 4217 1
1507 1687 1
820 2477 1
2005 2903 1
2446 4531 1
194 2954 1
735 3278 1
1554 4135 1
3202 4285 1
2354 2498 1
131 1851 1
4802 4953 1
1173 4443 1
493 4684 1
2331 2514 1
717 1948 1
85 917 1
1150 4459 1
621 4869 1
981 4623 1
2458 4891 1
507 2488 1
4089 4872 1
1217 4341 1
898 3807 1
2205 3664 1
2711 4024 1
988 1256 1
600 2837 1
66 2903 1
908 4121 1
1675 4788 1
2179 4321 1
3108 4784 1
2984 3028 1
96 1210 1
3367 4486 1
481 3495 1
726 2545 1
103 3320 1
3984 4805 1
135 3797 1
4644 4851 1
632 4603 1
2270 4974 1
1759 2772 1
531 2427 1
2926 3558 1
539 4762 1
1604 1888 1
1151 3074 1
2807 4805 1
4651 4867 1
1001 1036 1
1104 1915 1
632 2859 1
231 1761 1
1304 1976 1
887 4317 1
904 4486 1
379 1632 1
862 4260 1
1341 3706 1
1326 2674 1
3051 4734 1
4147 4179 1
2464 4974 1
258 4496 1
1906 4646 1
3179 4919 1
534 2859 1
3374 4606 1
4585 4755 1
564 4953 1
807 2459 1
2360 3281 1
773 2094 1
403 1063 1
1610 3722 1
1766 4235 1
2494 2722 1
2722 4801 1
2971 3061 1
2477 2526 1
2993 3574 1
781 4779 1
1304 4554 1
1107 4949 1
2817 3533 1
2802 4164 1
2111 3492 1
2472 3471 1
1104 3338 1
2993 4863 1
1537 2439 1
1494 1803 1
40 206 1
115 3763 1
614 3861 1
1839 3154 1
1871 1911 1
1936 4026 1
2812 4828 1
307 1839 1
4095 4099 1
1674 1747 1
3057 4632 1
3907 4802 1
900 3292 1
1471 4047 1
2477 3010 1
3698 4813 1
448 916 1
1616 1927 1
771 3821 1
1843 2872 1
3749 3812 1
179 499 1
3902 4054 1
349 1095 1
3316 4869 1
3323 3596 1
1879 2687 1
2104 2805 1
4215 4931 1
961 1824 1
1651 3991 1
276 967 1
529 3133 1
539 4575 1
2624 4726 1
1903 4212 1
2333 3796 1
2751 3555 1
669 4833 1
858 1322 1
732 2903 1
2745 3740 1
1038 3360 1
1843 2067 1
3090 4125 1
1885 3232 1
1160 2010 1
678 1512 1
3 2097 1
4760 4973 1
1021 1851 1
280 4068 1
3802 3957 1
1424 2241 1
820 3258 1
1756 4700 1
2427 3407 1
3686 3782 1
1270 1774 1
188 2035 1
3404 4069 1
545 3211 1
741 871 1
1185 1851 1
2143 3998 1
3063 4907 1
432 2745 1
2061 2653 1
3218 3505 1
4121 4999 1
1579 2128 1
544 1646 1
448 4567 1
348 3397 1
1843 2551 1
2402 4235 1
391 1000 1
1089 3782 1
580 1461 1
1522 4603 1
1535 2556 1
3212 3444 1
117 3807 1
1194 3202 1
548 3993 1
420 4747 1
1175 4091 1
2629 3244 1
342 892 1
266 4280 1
1845 4825 1
3565 4097 1
2942 4872 1
1527 3203 1
1043 4322 1
981 3444 1
79 2360 1
1304 2407 1
3616 4035 1
2263 2490 1
1936 2095 1
1499 2094 1
1647 1992 1
1514 4846 1
1650 2263 1
320 2422 1
1929 4307 1
938 4686 1
292 3757 1
3038 4179 1
1030 1242 1
648 1140 1
482 4820 1
12 2427 1
1999 4487 1
89 395 1
2518 2608 1
3796 3979 1
4292 4560 1
2544 4960 1
2143 4616 1
641 4291 1
135 1679 1
2542 4133 1
3061 4698 1
2654 3785 1
775 1258 1
1399 4091 1
2465 2573 1
2678 3620 1
788 904 1
1531 4395 1
841 3948 1
510 4343 1
2733 2738 1
1747 3461 1
2028 2168 1
1935 3697 1
66 4302 1
159 329 1
654 4472 1
931 3060 1
3488 3960 1
141 1628 1
974 2383 1
1412 4272 1
1706 3995 1
1207 3116 1
2468 4318 1
257 2742 1
54 693 1
630 1792 1
946 3718 1
2018 2769 1
1617 2425 1
3927 4946 1
520 3317 1
3768 4135 1
1486 2127 1
2843 3791 1
1876 2312 1
3491 4766 1
1476 4822 1
848 1089 1
3733 4299 1
335 1470 1
625 2737 1
2182 2769 1
1306 1378 1
1428 3061 1
365 3564 1
3193 3796 1
903 1927 1
1002 1906 1
989 3364 1
2584 3688 1
1990 2949 1
1219 1382 1
1910 2431 1
832 3565 1
1221 1805 1
483 2630 1
58 946 1
4120 4721 1
2356 2898 1
449 767 1
1471 3673 1
104 2984 1
823 1917 1
1422 4720 1
269 3051 1
180 2979 1
3127 4623 1
1101 2800 1
777 1922 1
884 1230 1
3077 3166 1
743 998 1
1341 1856 1
2745 3366 1
962 2991 1
1706 3674 1
1991 4597 1
1232 3791 1
3966 4388 1
3468 4111 1
1217 2170 1
1358 3341 1
539 3046 1
69 4063 1
87 670 1
3581 4927 1
2697 2894 1
335 2088 1
378 3478 1
1616 2976 1
33 1723 1
3085 4881 1
1207 1990 1
1912 2745 1
280 2539 1
1498 3105 1
113 147 1
4292 4507 1
481 2263 1
467 2365 1
1067 1606 1
229 1261 1
1569 2756 1
1080 4285 1
3050 4486 1
3478 4933 1
458 1498 1
136 1447 1
1939 3228 1
540 3782 1
244 4952 1
3470 4291 1
811 4245 1
3603 4820 1
900 3536 1
516 2607 1
1092 3706 1
1321 2253 1
1749 2700 1
2234 4435 1
641 2494 1
520 4419 1
117 2494 1
2156 2300 1
220 1683 1
3365 4066 1
2260 4343 1
1902 4635 1
1087 4651 1
3291 4302 1
669 1694 1
3873 4657 1
4459 4754 1
3718 4719 1
2971 2984 1
359 4070 1
846 3434 1
1456 4117 1
2232 3584 1
1093 3311 1
1598 2480 1
2706 3625 1
488 4076 1
2537 4570 1
3726 4206 1
944 1848 1
1298 4066 1
1616 2655 1
721 2742 1
2422 2526 1
706 3373 1
948 2906 1
2827 3743 1
2494 2779 1
1129 2917 1
3212 4493 1
1911 3892 1
1020 4852 1
2379 2425 1
1917 4057 1
2510 2881 1
1101 2747 1
1044 2213 1
2723 3928 1
603 2470 1
3748 4099 1
1456 2157 1
74 2126 1
2529 4062 1
3253 3339 1
590 4113 1
3147 3293 1
4487 4788 1
1342 3159 1
1252 4205 1
1527 2158 1
1728 4134 1
305 4102 1
482 4930 1
2526 3360 1
2120 2672 1
3601 3648 1
989 4734 1
552 1727 1
281 4647 1
1239 1876 1
2386 3730 1
3148 4053 1
4223 4341 1
3185 4874 1
353 736 1
611 3246 1
2556 3360 1
507 4586 1
481 3365 1
2358 3375 1
178 3364 1
1253 1932 1
3161 4638 1
2545 3386 1
1200 4930 1
1597 3812 1
3819 4234 1
4121 4572 1
110 3206 1
540 2790 1
421 1378 1
961 2820 1
2884 4895 1
1342 4582 1
3255 3495 1
581 2949 1
71 3601 1
1416 3750 1
1569 3992 1
961 4109 1
2470 3161 1
1387 2231 1
1516 1887 1
3749 4942 1
356 2457 1
2452 4460 1
807 2329 1
1089 1261 1
2840 4542 1
243 3684 1
4181 4949 1
667 979 1
963 3781 1
97 4798 1
1330 3952 1
2510 4788 1
754 3792 1
1094 2894 1
1677 2720 1
1845 2304 1
409 3730 1
1706 4589 1
68 1185 1
601 3900 1
947 2093 1
1881 2900 1
481 3983 1
1988 4460 1
1270 1965 1
1569 4476 1
198 1416 1
201 933 1
807 2463 1
1204 1345 1
1494 2612 1
616 2114 1
1431 1509 1
4027 4616 1
1007 3433 1
754 2987 1
895 4912 1
2717 4461 1
3097 4682 1
1495 2433 1
1103 3895 1
1218 1401 1
3608 3851 1
888 4091 1
3677 4395 1
332 3644 1
187 1011 1
1486 2505 1
2358 3188 1
244 4928 1
2756 3234 1
417 2412 1
1900 2495 1
2459 4179 1
2354 2665 1
1108 4215 1
4089 4689 1
1484 4502 1
1845 3727 1
3056 3122 1
3140 4513 1
1352 3794 1
2811 3291 1
1097 2521 1
329 4635 1
1104 4631 1
3569 4811 1
4095 4103 1
947 3866 1
4495 4976 1
176 1545 1
3061 4755 1
2672 3482 1
55 1218 1
1302 3276 1
1851 3518 1
1347 2295 1
677 3224 1
3927 4869 1
471 1843 1
3774 4812 1
869 4333 1
1683 4846 1
2629 4724 1
1192 4986 1
203 2028 1
321 1495 1
1401 2127 1
468 4928 1
1124 3512 1
95 401 1
4525 4572 1
573 1157 1
621 2137 1
2629 2630 1
2011 3749 1
1271 3939 1
3029 3503 1
105 4472 1
1694 4981 1
454 4067 1
3697 4541 1
944 3702 1
3762 4936 1
699 4837 1
1610 4694 1
2300 2697 1
1298 2887 1
1845 3056 1
1750 2230 1
3827 4772 1
520 4313 1
1676 4001 1
3140 3842 1
1056 4293 1
87 4431 1
3520 4248 1
1266 2975 1
719 1116 1
500 4196 1
2535 4792 1
267 3436 1
3491 3668 1
3231 4495 1
1641 2071 1
2430 4217 1
103 4910 1
1316 1722 1
3821 4711 1
719 1466 1
18 4802 1
892 1394 1
1232 3714 1
4025 4891 1
2564 4567 1
3200 4219 1
1171 4377 1
3485 4388 1
3581 4850 1
1198 2790 1
1910 4716 1
549 2344 1
1519 2616 1
2243 2647 1
2164 4074 1
1631 3022 1
347 3334 1
178 4279 1
1408 3916 1
1949 2550 1
1426 4495 1
1665 2791 1
362 3807 1
2634 3592 1
4256 4773 1
4121 4548 1
3056 4224 1
1215 4433 1
544 4228 1
1445 4895 1
1995 4773 1
1344 3500 1
1413 3859 1
926 1297 1
662 4634 1
3919 4040 1
2988 4470 1
4476 4897 1
2544 2736 1
393 4217 1
3070 4280 1
1306 1703 1
937 4280 1
171 2303 1
1406 3038 1
1540 3038 1
635 717 1
833 3176 1
2417 3311 1
3444 4871 1
211 389 1
954 4634 1
1709 3978 1
2229 4953 1
2700 4538 1
1160 3921 1
3153 4291 1
987 4932 1
3708 4513 1
3763 4974 1
1172 3931 1
3334 4302 1
1109 2828 1
26 3618 1
3367 3661 1
3888 4107 1
458 2494 1
1022 4522 1
611 3490 1
356 4661 1
1423 2587 1
2474 3979 1
1763 2655 1
4567 4745 1
843 965 1
581 965 1
32 1689 1
749 4713 1
3564 3959 1
2067 3978 1
2430 4030 1
1707 3635 1
3436 4713 1
1225 3137 1
4731 4745 1
545 3378 1
231 4908 1
1803 4282 1
1851 3010 1
856 4179 1
383 2269 1
3127 3554 1
1276 3075 1
2537 4277 1
2377 3056 1
1233 2439 1
302 1526 1
481 3743 1
3148 4781 1
1319 4061 1
1567 1911 1
1728 2768 1
398 2927 1
458 2978 1
292 3440 1
581 1099 1
1056 2146 1
207 2578 1
420 3625 1
1089 1505 1
2873 4734 1
1500 4257 1
1250 4082 1
494 1295 1
2720 4869 1
1388 4955 1
820 1465 1
985 3784 1
2282 4643 1
967 4144 1
2794 4791 1
103 1824 1
2942 4689 1
2094 2902 1
432 3985 1
1982 3600 1
669 3174 1
1551 4545 1
137 3286 1
2329 4997 1
2800 4582 1
2781 4340 1
1204 1589 1
1185 1347 1
1979 3837 1
1986 2564 1
2221 4124 1
3076 4638 1
1797 3796 1
59 4103 1
683 1486 1
872 4391 1
908 4048 1
2105 4299 1
302 1794 1
1652 4731 1
3159 3710 1
153 2425 1
1990 4726 1
1516 4843 1
2134 4074 1
1805 4572 1
1345 2867 1
390 2903 1
109 2661 1
3013 3669 1
4195 4578 1
1124 4561 1
300 916 1
356 3669 1
4036 4117 1
529 4536 1
1248 4223 1
1101 2483 1
1302 4459 1
1864 3408 1
3976 4224 1
3496 4553 1
109 1856 1
102 4849 1
4348 4769 1
1225 2145 1
1359 2899 1
2219 3757 1
2315 3465 1
1420 1832 1
1974 3172 1
389 1092 1
2624 4974 1
1579 4336 1
3554 4127 1
789 1965 1
1353 3993 1
443 1328 1
1703 3059 1
1794 2423 1
939 2848 1
1851 3896 1
192 1867 1
1534 4943 1
1083 2038 1
754 816 1
2973 3973 1
3196 3456 1
527 4974 1
584 2098 1
1595 2371 1
767 4434 1
1510 3953 1
385 4332 1
3144 4205 1
3705 4272 1
2430 3172 1
281 3228 1
3364 3979 1
1225 4723 1
1487 3942 1
1979 3650 1
2257 3594 1
1157 2495 1
3097 4739 1
117 3921 1
1675 4528 1
3390 3456 1
3791 4554 1
611 3116 1
430 826 1
3673 3744 1
724 2993 1
2257 2439 1
2624 3364 1
48 909 1
316 4107 1
846 889 1
1030 3450 1
1116 2470 1
943 1761 1
1823 4025 1
350 4630 1
3056 3179 1
1720 1803 1
3772 4288 1
103 1905 1
705 1007 1
1393 2347 1
3017 4355 1
671 4806 1
1688 1706 1
1465 4852 1
1288 1772 1
2055 2439 1
665 2547 1
1516 3851 1
704 1721 1
989 2644 1
345 2542 1
1043 4570 1
2572 3308 1
595 3656 1
2988 4714 1
209 1900 1
1706 1881 1
87 971 1
488 4698 1
481 1275 1
4772 4910 1
2425 2507 1
1750 3092 1
358 2373 1
1431 4278 1
2017 4375 1
2815 3601 1
187 3430 1
1560 1655 1
2191 4905 1
1341 2291 1
1033 2138 1
1530 2944 1
1805 4869 1
1347 1547 1
1567 3765 1
2425 3796 1
850 4124 1
590 4951 1
3890 4239 1
4303 4408 1
946 3832 1
943 3534 1
1855 4582 1
69 526 1
125 3841 1
1541 2702 1
2520 4972 1
1694 2944 1
19 2102 1
2591 4623 1
795 3262 1
115 3503 1
2006 2657 1
767 1214 1
3979 4819 1
3671 4474 1
1448 3827 1
1914 3068 1
2998 3442 1
4542 4932 1
813 2498 1
1341 4869 1
1902 4936 1
652 860 1
3680 4378 1
2563 3864 1
467 2800 1
236 2867 1
2742 3048 1
1816 3822 1
176 1281 1
2265 2894 1
626 3961 1
101 3581 1
2119 4762 1
317 4145 1
1463 3145 1
788 3730 1
469 4916 1
1322 4603 1
3994 4322 1
260 2298 1
3749 4491 1
3897 4389 1
332 1420 1
3058 3819 1
2349 3130 1
850 2514 1
1053 1153 1
2087 3130 1
2 727 1
2824 2834 1
556 3730 1
3242 3347 1
2278 3829 1
12 2354 1
232 4572 1
2835 4686 1
1486 4603 1
302 615 1
1675 4475 1
2304 2956 1
3317 4056 1
550 1067 1
710 3042 1
3848 4446 1
922 3864 1
2071 4825 1
1113 1180 1
3673 4630 1
1936 2156 1
63 3581 1
724 846 1
507 2309 1
2439 4470 1
2797 4178 1
1045 3116 1
941 2012 1
1987 2094 1
2926 3245 1
1601 4502 1
2291 2505 1
2000 4019 1
1709 4035 1
420 4003 1
678 2541 1
671 1370 1
2023 2690 1
2544 4082 1
1845 4081 1
2210 2516 1
1678 4907 1
1342 3460 1
24 4942 1
573 1966 1
1207 3043 1
1031 4507 1
4099 4980 1
2600 4364 1
2563 4482 1
2269 4035 1
1145 2542 1
3512 4631 1
2404 3671 1
2307 3738 1
3179 3667 1
1573 4682 1
1261 2875 1
929 2136 1
1295 2459 1
736 2495 1
4299 4637 1
921 1494 1
2383 4672 1
1939 3692 1
2303 4154 1
653 1679 1
998 4343 1
3309 4837 1
332 4482 1
392 4533 1
2542 3389 1
1540 3579 1
1256 3820 1
425 1448 1
1137 4128 1
3110 3846 1
2884 4257 1
1483 3984 1
386 2624 1
324 1746 1
520 3378 1
457 2275 1
821 3491 1
2727 3677 1
2020 3815 1
19 2049 1
3730 4843 1
941 1341 1
2988 4206 1
1962 3056 1
1843 3364 1
2345 4514 1
4433 4936 1
3080 3391 1
236 4908 1
383 3615 1
699 3097 1
919 1151 1
4219 4603 1
224 360 1
1641 4519 1
4318 4582 1
1030 4365 1
169 3282 1
2937 3463 1
645 767 1
1830 3667 1
1716 1845 1
4972 4998 1
103 2820 1
3241 4032 1
1049 3452 1
1659 3381 1
1103 1968 1
3658 4320 1
972 2451 1
1870 3601 1
2821 4577 1
1207 1567 1
4161 4382 1
2469 3371 1
1347 3267 1
2477 3986 1
516 895 1
719 3698 1
1099 3165 1
840 3436 1
1502 3555 1
442 4329 1
3950 4320 1
2388 2601 1
2204 4012 1
3857 4506 1
2057 4716 1
305 4216 1
4047 4603 1
203 3939 1
187 962 1
854 2179 1
2182 4603 1
1766 2446 1
71 4170 1
3063 3305 1
2087 4716 1
1313 2878 1
2665 4198 1
963 1533 1
161 4063 1
2932 3761 1
1466 3093 1
2283 3315 1
280 4694 1
2971 4655 1
2016 2971 1
552 686 1
718 1887 1
564 1420 1
1734 4978 1
1531 2175 1
631 3581 1
302 1046 1
827 3119 1
742 4701 1
4460 4502 1
2321 2802 1
631 4870 1
1135 4403 1
1922 3470 1
961 4223 1
2800 4907 1
2087 2756 1
220 1744 1
1445 3289 1
3093 3439 1
3686 3953 1
348 1929 1
2197 2335 1
929 3372 1
583 2735 1
1250 3952 1
78 3731 1
3364 4841 1
1295 4634 1
682 1401 1
427 2572 1
64 2520 1
764 1965 1
2135 2773 1
1128 4871 1
1399 3644 1
743 2027 1
397 1390 1
1176 4538 1
3620 3841 1
1070 1109 1
541 765 1
3268 3389 1
1463 3255 1
33 4496 1
2297 2700 1
3370 4605 1
440 4096 1
919 3542 1
3364 4036 1
2526 2937 1
103 3922 1
526 2335 1
1420 2023 1
1984 4805 1
623 3399 1
3147 3220 1
1013 1864 1
1541 4235 1
507 3224 1
39 904 1
2098 2840 1
892 1345 1
3777 4555 1
2674 3939 1
2431 3989 1
1438 3733 1
3396 4863 1
326 4317 1
4170 4257 1
1537 3712 1
715 894 1
2543 4395 1
2895 3534 1
2993 4631 1
1591 4887 1
1575 1910 1
145 899 1
594 725 1
1855 1927 1
908 1824 1
519 551 1
2301 2953 1
2815 3174 1
2257 2846 1
1541 3430 1
1761 4894 1
3931 4217 1
987 3810 1
2544 3842 1
1038 2055 1
4257 4387 1
3815 4042 1
4487 4849 1
2099 2445 1
4825 4844 1
807 3061 1
868 2933 1
1746 4370 1
1097 3924 1
2956 4294 1
1870 3093 1
43 3200 1
1610 2230 1
1615 2574 1
1417 1835 1
1137 2949 1
63 3825 1
1398 4976 1
1274 3220 1
25 1089 1
1303 1706 1
389 962 1
3931 4701 1
1219 1419 1
4942 4974 1
1900 4032 1
1538 4582 1
2843 3612 1
413 3426 1
2197 3437 1
583 3837 1
4079 4757 1
2518 3263 1
1181 3005 1
317 685 1
1497 4931 1
291 3436 1
1650 1763 1
2665 3690 1
397 4586 1
3919 4475 1
1420 3930 1
317 4068 1
3464 4080 1
948 4874 1
2431 4957 1
611 3791 1
3382 3489 1
1692 3305 1
195 3324 1
90 1810 1
449 2682 1
483 1512 1
105 1337 1
1657 1779 1
590 820 1
3119 4957 1
550 3673 1
2425 3048 1
742 3843 1
3832 4075 1
267 1106 1
1977 2134 1
1678 2252 1
3040 4260 1
990 1851 1
2510 2755 1
3371 4215 1
346 2688 1
2687 4522 1
3067 4743 1
792 1462 1
315 4506 1
520 1528 1
894 2678 1
104 1061 1
2631 4563 1
19 199 1
996 1642 1
3387 4317 1
4215 4728 1
1267 2859 1
7 2067 1
634 2165 1
1805 2161 1
2634 3706 1
189 4932 1
772 3038 1
2773 4804 1
1031 1986 1
119 2658 1
4401 4487 1
127 1021 1
4631 4949 1
169 1432 1
2588 3711 1
3411 4687 1
257 498 1
2156 4431 1
1729 2674 1
294 1319 1
598 1730 1
1313 3927 1
516 3583 1
640 2895 1
2985 3882 1
2520 3553 1
782 4641 1
2903 3291 1
1583 4138 1
2906 4528 1
187 267 1
479 1607 1
1807 4785 1
195 1848 1
757 1551 1
103 2259 1
460 4748 1
33 739 1
2574 4139 1
26 699 1
39 2624 1
2425 4955 1
2420 4611 1
849 1675 1
3251 4539 1
4412 4571 1
4150 4571 1
292 4009 1
1030 3938 1
3363 4191 1
2105 2506 1
2702 4482 1
553 3784 1
1203 3866 1
117 2665 1
1010 3471 1
4093 4976 1
1474 1885 1
1052 4636 1
457 1043 1
2490 4976 1
4218 4863 1
1089 2424 1
1684 3765 1
1766 1885 1
1191 1388 1
807 4431 1
309 1680 1
3523 3668 1
1207 3584 1
2516 3514 1
892 2260 1
702 1382 1
741 3030 1
465 880 1
848 4590 1
1982 4519 1
3618 4844 1
2470 3519 1
2541 3170 1
2353 3119 1
773 1383 1
348 4617 1
2996 3750 1
3382 4725 1
400 4026 1
1852 2544 1
481 2702 1
4153 4198 1
1911 4063 1
3891 4952 1
3698 4557 1
399 1707 1
1610 1856 1
1830 4074 1
2503 2662 1
3005 3812 1
3046 3813 1
1489 3781 1
1055 4263 1
5 4412 1
841 4684 1
3388 4866 1
2046 2544 1
1750 3714 1
425 4217 1
655 4679 1
2565 4829 1
2544 3952 1
233 1014 1
1212 4038 1
2433 4121 1
415 496 1
516 1302 1
3129 3824 1
1931 3910 1
3080 4871 1
2249 2499 1
2892 3130 1
75 778 1
3485 3644 1
2095 2971 1
973 2867 1
1372 2576 1
1227 3915 1
53 4587 1
615 4290 1
1824 2858 1
925 1483 1
2303 4024 1
2465 3793 1
1338 2591 1
3612 3927 1
197 1683 1
1982 2104 1
3698 3886 1
1541 1580 1
3927 4877 1
1482 1939 1
3751 4651 1
1932 4619 1
4003 4872 1
2117 3618 1
1721 3618 1
3733 4230 1
1567 4871 1
1885 3460 1
2776 3439 1
216 3372 1
2856 4307 1
2296 2398 1
2203 3927 1
398 3793 1
756 2720 1
1633 2993 1
2521 3455 1
545 3439 1
507 703 1
656 2489 1
1998 3121 1
1803 4343 1
934 1679 1
502 3742 1
2647 2978 1
1377 3188 1
884 3255 1
2021 2701 1
2835 3214 1
1563 3543 1
1924 2768 1
265 2459 1
1856 2075 1
1410 3486 1
969 2023 1
398 2988 1
1669 3188 1
196 3793 1
4294 4781 1
1233 3789 1
178 4153 1
408 4615 1
2163 2942 1
738 3029 1
397 2736 1
1965 2368 1
1645 2198 1
2730 3928 1
171 3332 1
2924 4171 1
2079 2655 1
565 1007 1
2328 3359 1
3491 4026 1
4747 4884 1
2252 4303 1
1695 2665 1
448 3990 1
482 2820 1
2372 4755 1
1678 2846 1
635 3035 1
721 2055 1
3527 4972 1
1037 2291 1
938 3975 1
145 1895 1
513 3045 1
408 777 1
228 3061 1
2389 2830 1
2962 4412 1
2903 3051 1
1080 3277 1
442 2239 1
483 2240 1
1345 3733 1
2023 2857 1
520 3061 1
2421 2903 1
3086 3293 1
1682 3503 1
2277 4844 1
3278 3463 1
3565 4459 1
3983 4972 1
890 4442 1
2578 4957 1
871 1948 1
2872 3714 1
788 4165 1
1170 2015 1
780 2769 1
1172 2061 1
4033 4685 1
1366 2866 1
2663 3725 1
1971 4895 1
1216 3299 1
655 788 1
717 2420 1
1009 3760 1
42 561 1
862 2020 1
1342 3411 1
1345 2928 1
3120 4351 1
904 3185 1
1807 4679 1
1349 3801 1
1793 2529 1
1089 2184 1
4039 4476 1
1750 2051 1
1232 4340 1
1035 3237 1
32 3791 1
1993 2186 1
809 1204 1
3749 4121 1
3353 4121 1
736 2796 1
2243 3273 1
3744 4127 1
1423 2945 1
1273 3186 1
3289 4486 1
1049 1980 1
1590 2304 1
81 1000 1
2398 4692 1
2293 2986 1
1780 3367 1
465 2868 1
4312 4769 1
3592 4645 1
2921 3686 1
1940 4753 1
1526 2669 1
639 3371 1
1900 4573 1
2055 2232 1
26 138 1
160 892 1
2816 4050 1
1957 2074 1
539 3140 1
2591 4871 1
1715 3480 1
2195 4871 1
729 4203 1
946 1986 1
899 4614 1
957 1586 1
1471 1807 1
1932 2956 1
2835 4450 1
2244 4359 1
993 1401 1
12 2468 1
103 1832 1
356 965 1
2446 4466 1
1914 4605 1
417 4624 1
1070 3691 1
2553 3774 1
2603 3137 1
662 1422 1
4343 4539 1
4054 4436 1
1855 1931 1
3106 4108 1
293 4938 1
3083 4878 1
559 893 1
3365 3810 1
672 770 1
493 2525 1
3325 4411 1
2215 2624 1
1438 2932 1
818 3224 1
1250 3635 1
80 1797 1
3705 4817 1
3242 3595 1
3708 4334 1
2145 4487 1
1049 2598 1
73 4009 1
3973 4982 1
2545 4606 1
740 4472 1
1371 2060 1
32 2665 1
71 149 1
993 1885 1
1456 3861 1
1934 3671 1
2654 3960 1
3110 4765 1
1188 4046 1
1179 3179 1
2551 3431 1
1345 1936 1
1617 4344 1
961 1007 1
672 904 1
3763 3990 1
4205 4335 1
2207 4560 1
2585 3200 1
2654 2805 1
1543 1547 1
894 3353 1
1806 4401 1
1343 3179 1
1852 3056 1
449 458 1
3334 3668 1
679 3364 1
2176 3153 1
1706 4170 1
2647 2738 1
202 3210 1
2043 4694 1
1203 2768 1
2176 3503 1
732 4314 1
2165 2590 1
843 3364 1
2887 3514 1
2241 2585 1
2034 3046 1
1170 2446 1
507 2102 1
856 2256 1
1847 1907 1
797 2615 1
408 1342 1
719 3678 1
2655 3514 1
769 2260 1
367 1691 1
895 1810 1
1665 3714 1
827 2615 1
3662 4018 1
821 2800 1
1998 3365 1
4153 4255 1
846 3796 1
1931 4772 1
1557 4531 1
788 3791 1
256 3930 1
4096 4660 1
2551 3699 1
1343 1569 1
4550 4830 1
3555 3747 1
3677 4676 1
2097 2940 1
3809 4603 1
2627 3694 1
4089 4620 1
741 3571 1
868 4844 1
613 4325 1
1010 3207 1
301 2518 1
1471 2104 1
1552 3032 1
595 4685 1
1737 4475 1
3225 4932 1
465 2360 1
1717 4762 1
764 1461 1
611 2185 1
1111 4952 1
315 3355 1
812 4161 1
2243 4993 1
466 491 1
963 1297 1
2757 2962 1
513 2000 1
800 2996 1
975 3751 1
1597 2751 1
2027 2335 1
1221 3403 1
581 599 1
732 4932 1
1370 2745 1
3295 3927 1
1179 3931 1
2678 3958 1
1846 3613 1
371 1893 1
2263 3901 1
670 1960 1
671 4814 1
4160 4755 1
1345 3038 1
1655 1766 1
1935 4035 1
2634 3255 1
1185 2002 1
124 2551 1
501 2309 1
53 3839 1
827 3233 1
371 4121 1
276 3480 1
775 2669 1
482 1104 1
1550 2665 1
1113 2664 1
3134 3554 1
2924 3744 1
3424 4821 1
4752 4801 1
2188 4615 1
1709 2136 1
1675 4215 1
1002 3183 1
1407 4400 1
3278 3841 1
1492 3949 1
1135 4651 1
658 1279 1
965 1207 1
1462 2013 1
653 4318 1
1420 4231 1
408 3733 1
1936 2835 1
69 1823 1
87 4846 1
862 4842 1
1278 4528 1
1116 3446 1
3430 3457 1
408 1639 1
2421 2476 1
1507 4765 1
860 982 1
936 4949 1
55 962 1
946 3385 1
3315 3857 1
3581 3976 1
321 4272 1
488 1002 1
1008 2923 1
899 1475 1
1245 1331 1
604 2466 1
354 1537 1
2076 3888 1
2446 3421 1
3798 3987 1
1217 4386 1
347 3749 1
39 3596 1
1911 3262 1
493 3574 1
116 1372 1
1329 1594 1
1172 3862 1
3868 4167 1
1025 4566 1
3270 4972 1
3440 4629 1
630 4976 1
2839 3473 1
797 4335 1
38 4283 1
165 1614 1
4266 4563 1
1569 4033 1
320 1902 1
263 1368 1
1655 3807 1
903 1728 1
1450 4341 1
703 3360 1
2332 3268 1
4542 4619 1
415 3078 1
3915 4871 1
3471 4076 1
1034 3473 1
4650 4687 1
1417 4177 1
329 2903 1
2013 4962 1
67 2903 1
2025 4033 1
3045 4614 1
293 4377 1
1803 2119 1
598 1226 1
2979 3213 1
1705 2715 1
175 342 1
3048 4481 1
954 4244 1
3628 4009 1
126 2520 1
1657 1893 1
2959 3096 1
3076 4435 1
1751 4938 1
73 415 1
1523 4522 1
110 482 1
721 4019 1
342 990 1
4063 4472 1
448 3860 1
1602 2721 1
418 985 1
1135 4009 1
621 1344 1
443 2735 1
2554 4107 1
1248 1442 1
3514 3856 1
1153 1555 1
26 4517 1
943 1745 1
762 1175 1
1429 1638 1
1712 4178 1
1438 2855 1
1965 3311 1
4004 4026 1
2895 3595 1
2074 2665 1
1218 1926 1
2670 4416 1
2291 3831 1
440 3352 1
4364 4719 1
3121 4288 1
1797 1983 1
601 1176 1
2288 4472 1
975 4800 1
2697 3179 1
4087 4791 1
1478 2388 1
1764 3913 1
1344 2573 1
652 3743 1
223 3071 1
1150 2707 1
3810 4109 1
742 1192 1
623 1500 1
92 3527 1
2821 3780 1
1043 1305 1
2025 3846 1
595 2835 1
2745 4135 1
332 3364 1
2624 3616 1
3618 4474 1
507 1675 1
3032 4350 1
2567 4021 1
702 2301 1
2184 2913 1
3514 4474 1
1167 2071 1
4102 4644 1
1657 1706 1
2295 3683 1
4275 4572 1
1632 3339 1
1081 3236 1
284 448 1
172 1927 1
1656 4864 1
794 3179 1
2054 4910 1
1598 2415 1
335 3796 1
2291 4099 1
209 1213 1
1683 4216 1
354 3257 1
2244 2940 1
615 1342 1
2966 3864 1
672 3539 1
1257 3411 1
985 2723 1
119 3740 1
769 1378 1
1486 3648 1
337 2687 1
481 1877 1
2136 3006 1
1855 3895 1
1299 1728 1
721 3966 1
2586 2653 1
1378 3714 1
1278 2544 1
1342 1805 1
3358 4603 1
1832 3130 1
2472 2524 1
1465 1616 1
357 1410 1
914 2267 1
1201 3263 1
405 3329 1
1729 2601 1
2636 3305 1
540 4685 1
359 2395 1
617 4151 1
1589 2032 1
1456 2442 1
821 4146 1
989 3730 1
1359 2509 1
3492 3640 1
1429 4968 1
381 841 1
40 548 1
3472 3927 1
2586 2787 1
445 2704 1
4292 4605 1
347 4798 1
91 4054 1
2300 2551 1
1487 3202 1
611 3531 1
889 4973 1
1381 1463 1
1541 3438 1
2420 4538 1
3953 3984 1
2835 3999 1
1871 4481 1
2253 2331 1
1356 4035 1
1464 3568 1
896 4050 1
488 2535 1
742 3583 1
2564 3132 1
3452 3594 1
743 4747 1
4030 4739 1
4331 4667 1
3205 4067 1
2291 3912 1
1150 3004 1
4555 4560 1
289 2675 1
891 4995 1
282 1504 1
449 4650 1
1706 4390 1
1422 4631 1
2179 4610 1
1728 2459 1
1491 3455 1
2879 4432 1
145 1391 1
1175 2660 1
3556 3893 1
786 1387 1
1742 4205 1
1852 2121 1
868 2136 1
281 3322 1
2182 3164 1
788 2372 1
4024 4119 1
1522 2367 1
267 4363 1
1683 3224 1
3166 3307 1
3751 3960 1
1433 2295 1
1185 2193 1
3832 4299 1
1650 4215 1
2553 3457 1
1302 3882 1
1243 4241 1
916 3846 1
549 2332 1
1170 2450 1
1723 1845 1
1657 4231 1
1232 2547 1
3456 3796 1
4605 4757 1
1515 2835 1
849 2220 1
4032 4895 1
892 3610 1
4061 4135 1
580 1803 1
1902 1968 1
709 4842 1
652 4308 1
2072 2379 1
2980 4217 1
170 592 1
555 4375 1
572 3790 1
4710 4931 1
1465 4596 1
30 962 1
4056 4326 1
3376 4567 1
1734 3673 1
87 715 1
1567 2220 1
4089 4624 1
3595 4089 1
2215 4885 1
2528 3130 1
219 1019 1
2491 4002 1
1381 2215 1
2205 3416 1
632 4571 1
1153 1799 1
1824 3724 1
1115 2446 1
251 4098 1
3150 4762 1
2544 4952 1
327 1841 1
3601 3880 1
2664 2775 1
3491 4624 1
481 1153 1
1588 1888 1
1319 3915 1
1966 4665 1
717 2534 1
1894 3099 1
1269 3047 1
1151 2237 1
1123 4161 1
1735 4917 1
539 4864 1
71 2544 1
420 4418 1
2961 3654 1
332 2319 1
1233 1488 1
837 4706 1
4324 4574 1
170 1210 1
476 4700 1
261 574 1
144 3961 1
888 4644 1
2049 4676 1
226 738 1
1635 2592 1
1313 2541 1
243 2627 1
320 2093 1
853 2556 1
185 1868 1
2082 4974 1
3 3325 1
944 1893 1
758 2669 1
2685 4486 1
1186 1426 1
1852 2418 1
1165 4871 1
4164 4985 1
358 641 1
2862 4159 1
257 3218 1
347 1391 1
2422 3860 1
2157 4343 1
3509 4909 1
2726 4271 1
831 1211 1
1531 4066 1
3370 3784 1
495 2982 1
61 246 1
2582 3179 1
2000 3763 1
1656 3953 1
276 585 1
2509 3640 1
482 653 1
703 4035 1
4661 4986 1
2858 3235 1
4499 4843 1
3208 4930 1
2344 3364 1
2240 2260 1
1978 2260 1
1019 3086 1
926 4615 1
131 1900 1
717 4441 1
1116 1706 1
3829 4432 1
467 3512 1
317 4507 1
2476 2887 1
2627 3056 1
1641 3779 1
1008 3866 1
1522 4087 1
2647 4462 1
580 4328 1
1089 4205 1
1214 3153 1
3140 4745 1
3033 4124 1
1637 4195 1
3975 4792 1
2867 3832 1
1733 4657 1
4236 4567 1
3040 3760 1
1158 1716 1
3 910 1
1883 4601 1
1830 3277 1
169 3831 1
900 2589 1
2575 3781 1
1238 3523 1
1124 2455 1
231 2615 1
1998 4150 1
984 2071 1
1560 3924 1
1935 3047 1
3098 3714 1
975 1019 1
469 2379 1
2309 4951 1
2076 3437 1
2145 3796 1
837 3714 1
1895 2867 1
1697 4572 1
1506 1594 1
1425 4638 1
1433 4499 1
2176 2328 1
1936 3807 1
4651 4916 1
1316 4853 1
848 2533 1
786 3375 1
1175 1615 1
3255 3674 1
120 2733 1
961 3349 1
2521 4618 1
416 4946 1
789 3242 1
2114 3705 1
352 4961 1
482 3499 1
695 4546 1
2608 4213 1
199 4315 1
118 943 1
421 4135 1
1478 3063 1
1292 3839 1
4286 4363 1
81 2000 1
36 537 1
607 1292 1
233 1051 1
1589 3833 1
1810 2489 1
2350 3931 1
719 1698 1
3205 4445 1
1221 2094 1
1219 2021 1
1122 2088 1
4420 4713 1
669 2520 1
1352 2550 1
1369 1965 1
743 2442 1
3265 4846 1
552 2874 1
1097 4660 1
1391 2663 1
967 2335 1
468 1456 1
2624 4291 1
1550 2161 1
3612 3614 1
3106 4974 1
1249 4650 1
2495 4820 1
333 2170 1
415 3700 1
1225 2751 1
460 4382 1
1568 3090 1
3608 4030 1
135 1781 1
479 1591 1
742 4445 1
1250 1468 1
1002 3618 1
1241 3634 1
4368 4657 1
1186 3146 1
933 2700 1
0 4747 1
962 1186 1
850 4917 1
1615 2505 1
3175 3774 1
520 4224 1
2013 2551 1
717 2294 1
4285 4780 1
3743 4231 1
1851 4852 1
1991 3142 1
4083 4272 1
2636 3846 1
3948 4047 1
3724 4339 1
482 2023 1
124 2315 1
2336 4493 1
2675 3959 1
419 1674 1
1824 4318 1
590 4939 1
3475 3985 1
827 2408 1
180 2597 1
1859 2060 1
759 961 1
1729 1987 1
223 4364 1
2736 3272 1
1989 2291 1
3826 4592 1
679 2136 1
4300 4633 1
1378 4739 1
5 4262 1
4203 4700 1
1026 3533 1
3584 3904 1
2097 4611 1
2477 4832 1
496 3718 1
3094 3488 1
1877 3524 1
3057 4360 1
3697 4720 1
1314 2660 1
1337 3021 1
377 4965 1
905 3364 1
2851 2979 1
58 4431 1
161 3620 1
3480 4089 1
1799 2301 1
611 823 1
1803 2420 1
2430 2518 1
2979 3514 1
1043 2143 1
329 3554 1
2337 4047 1
826 4360 1
3765 4423 1
162 1347 1
3613 4968 1
292 4611 1
1160 1388 1
0 238 1
767 2625 1
87 2866 1
2143 4531 1
2184 4340 1
2977 3976 1
1213 1399 1
1720 2893 1
3105 4161 1
2800 4464 1
1471 4259 1
2629 4582 1
4186 4614 1
2420 4408 1
482 3930 1
1436 4423 1
545 2000 1
242 1999 1
3386 4911 1
3472 3931 1
3209 4460 1
781 937 1
4160 4682 1
1832 2329 1
2805 3064 1
1523 4957 1
998 2103 1
781 4320 1
1843 1929 1
1694 1806 1
1885 3094 1
946 4572 1
961 3914 1
168 2026 1
1592 4912 1
22 3140 1
1207 4320 1
67 3822 1
1655 3921 1
691 4403 1
2127 3916 1
2211 4553 1
1380 2935 1
87 2195 1
426 1661 1
2425 2792 1
984 3120 1
1541 4731 1
121 4408 1
3714 3948 1
1496 1955 1
1645 2987 1
2452 2521 1
3677 4066 1
719 2263 1
937 3654 1
1852 4219 1
1141 2895 1
1099 2669 1
703 2669 1
770 1447 1
491 2032 1
773 964 1
2052 2937 1
1092 4881 1
2102 2300 1
1935 3291 1
1250 3188 1
1969 2121 1
1408 3774 1
2714 3029 1
1533 4974 1
1179 4476 1
224 348 1
506 3444 1
1378 1653 1
552 1345 1
961 2304 1
1712 4158 1
560 4589 1
875 1217 1
2463 3568 1
2067 3568 1
400 924 1
3034 4323 1
683 4430 1
4039 4781 1
2862 4216 1
1332 1843 1
2515 4108 1
2052 2132 1
913 1859 1
3514 3620 1
149 4846 1
1506 4066 1
1103 2895 1
3238 4853 1
3349 3903 1
1556 2840 1
1734 4832 1
25 996 1
1924 4175 1
231 4282 1
3564 3683 1
436 715 1
937 2983 1
2178 4472 1
1598 1911 1
703 1998 1
2325 3179 1
1795 3364 1
1005 1932 1
2894 3457 1
941 4391 1
46 2758 1
4605 4895 1
3175 3884 1
2737 4412 1
4318 4838 1
534 2697 1
138 253 1
1115 2450 1
1911 3323 1
3029 3658 1
756 3456 1
267 1013 1
62 1547 1
253 2835 1
1001 4391 1
4423 4608 1
113 1485 1
2334 4715 1
510 4339 1
983 4751 1
683 2015 1
4493 4788 1
3089 4998 1
2552 3073 1
3058 3433 1
124 3714 1
1645 4089 1
1347 2934 1
1426 3227 1
3444 4408 1
580 1486 1
69 2502 1
1564 1656 1
741 4063 1
3440 3885 1
713 2015 1
2278 4382 1
1221 1667 1
1965 3104 1
2942 4547 1
915 1368 1
813 4474 1
1004 1790 1
1043 4936 1
2925 3038 1
786 3782 1
51 1118 1
3237 4064 1
3424 3890 1
257 4377 1
1716 3874 1
2798 3613 1
2488 2633 1
1571 2961 1
757 3202 1
2315 3644 1
152 3802 1
267 342 1
58 3386 1
2336 3932 1
680 3140 1
1055 2263 1
17 2796 1
292 4721 1
22 4860 1
2014 4820 1
1792 2529 1
1188 3546 1
1601 2961 1
2867 4507 1
1678 2427 1
4550 4651 1
821 2971 1
2087 4517 1
146 1112 1
2800 3635 1
3550 4887 1
138 2160 1
2165 2895 1
525 1108 1
482 3690 1
3871 4713 1
46 127 1
1675 2479 1
3769 4436 1
3411 4728 1
2473 4179 1
191 481 1
94 548 1
484 703 1
2184 3295 1
2084 2125 1
2722 4102 1
1796 4876 1
385 2417 1
629 1057 1
1382 2792 1
3763 4779 1
1571 3445 1
1915 3255 1
1667 3907 1
705 1052 1
1470 2612 1
3142 3348 1
2675 3882 1
719 1889 1
4292 4719 1
3147 4631 1
2242 2310 1
963 1468 1
1465 1864 1
519 3706 1
1888 2721 1
699 4805 1
3871 4847 1
1863 2664 1
1302 4317 1
2859 4349 1
968 2751 1
1338 1530 1
1076 1530 1
3367 4755 1
2047 3158 1
892 3106 1
132 385 1
976 4682 1
150 2654 1
3648 4401 1
2198 3677 1
1288 4395 1
457 2023 1
1208 3877 1
3826 4299 1
2526 4832 1
85 4487 1
1026 2301 1
267 2249 1
619 1388 1
1486 3225 1
820 3364 1
1102 2296 1
109 4292 1
448 1506 1
1504 3215 1
764 961 1
1316 1474 1
1675 4036 1
2530 4550 1
1313 4586 1
2632 3514 1
3399 4181 1
1296 2138 1
1156 3821 1
2424 3750 1
223 3616 1
3446 4377 1
894 4760 1
4323 4650 1
1516 4514 1
2660 2687 1
550 1917 1
101 4565 1
1823 2944 1
923 967 1
3514 3730 1
1218 3544 1
555 3200 1
1871 4863 1
1778 2420 1
601 1855 1
613 926 1
962 2800 1
2398 4757 1
1280 4772 1
807 2862 1
827 1794 1
2236 3648 1
1551 3545 1
1083 1225 1
1258 1980 1
671 4664 1
224 3975 1
807 3801 1
2284 2534 1
2664 2755 1
3126 4506 1
591 2052 1
2088 2595 1
1895 4644 1
3846 4603 1
1150 1292 1
821 3268 1
320 4972 1
1507 3781 1
1111 3781 1
75 2697 1
37 2405 1
3612 3618 1
1227 4895 1
1413 1867 1
370 1302 1
536 4223 1
699 3463 1
738 3391 1
2812 4881 1
415 671 1
378 3987 1
534 1302 1
231 1493 1
4630 4661 1
103 2247 1
4024 4851 1
4417 4553 1
1175 2237 1
1333 3577 1
1420 3731 1
2196 3952 1
2421 4070 1
585 4623 1
955 3402 1
2176 4239 1
2334 4825 1
352 1611 1
116 2832 1
2526 2551 1
1475 2879 1
2135 4615 1
1574 2858 1
3022 3886 1
1614 3573 1
2022 3398 1
3570 3876 1
966 4291 1
4135 4816 1
2498 4266 1
4120 4693 1
1900 4317 1
1902 2700 1
3242 4949 1
2457 2922 1
850 1083 1
4838 4909 1
2269 3625 1
827 3351 1
2684 3086 1
3224 4528 1
449 1678 1
1426 3121 1
142 215 1
2956 4713 1
320 2207 1
421 3013 1
409 1498 1
2848 3086 1
4179 4468 1
2585 4554 1
1814 3179 1
2022 3882 1
832 1577 1
2533 3051 1
131 4913 1
1624 3994 1
278 3620 1
3373 4196 1
123 4271 1
2072 3595 1
223 4852 1
2776 3159 1
2074 3641 1
179 4553 1
2981 3564 1
3268 4560 1
1774 4288 1
1843 3893 1
482 4739 1
2744 4560 1
559 4959 1
1734 4889 1
3270 4606 1
881 4421 1
1679 1957 1
930 4313 1
1703 3482 1
2897 3462 1
2269 3893 1
2119 4299 1
354 3749 1
1735 3555 1
1745 2553 1
2352 2965 1
1057 1398 1
386 1193 1
2827 3231 1
4181 4624 1
1502 3734 1
1445 3200 1
4542 4603 1
3024 3745 1
1620 3955 1
436 3939 1
2541 3776 1
2425 3601 1
188 3056 1
162 1835 1
3703 4218 1
1751 2344 1
961 2979 1
797 3514 1
448 3360 1
415 968 1
817 4920 1
460 1650 1
79 1958 1
2775 3017 1
1366 2102 1
1044 2051 1
1143 3750 1
131 2498 1
1674 3386 1
480 962 1
2648 4531 1
910 3175 1
1792 4546 1
3038 4716 1
1092 2657 1
1429 1488 1
55 3792 1
454 4063 1
2790 3833 1
2977 3659 1
3130 3901 1
1175 4762 1
1706 4398 1
135 2216 1
169 1046 1
1965 4100 1
1083 2140 1
40 2329 1
458 2088 1
2724 4502 1
200 517 1
1607 3988 1
3291 3603 1
4486 4939 1
1806 3824 1
3232 4127 1
3762 4127 1
2087 3285 1
3348 4487 1
105 1569 1
2028 3644 1
1264 3248 1
422 687 1
4047 4461 1
3130 4035 1
1275 4538 1
647 805 1
667 4655 1
187 820 1
2330 3393 1
26 3346 1
3467 4559 1
1727 4820 1
192 4547 1
1603 3064 1
600 3618 1
226 933 1
1258 3029 1
2072 3542 1
2020 3352 1
2665 4056 1
989 2612 1
2608 3522 1
741 2510 1
4603 4719 1
229 2335 1
215 1124 1
1212 3973 1
613 1170 1
2755 4107 1
802 4075 1
3286 3743 1
328 1186 1
1427 4312 1
3020 4755 1
783 4964 1
988 1232 1
1089 2038 1
2558 3943 1
278 2762 1
2284 4872 1
1551 3789 1
2239 3409 1
3791 3851 1
1212 4323 1
1151 3855 1
72 3825 1
1207 3198 1
1116 4800 1
2767 4467 1
1342 4554 1
1099 2352 1
1826 3620 1
595 3758 1
1964 4493 1
1471 4560 1
2493 4056 1
1459 3045 1
354 1602 1
510 4559 1
135 740 1
4472 4720 1
341 3060 1
138 257 1
3480 4874 1
854 3810 1
4410 4781 1
103 4585 1
1151 3050 1
906 2465 1
2979 4299 1
3779 4160 1
3440 4694 1
1177 1238 1
693 3111 1
1689 4796 1
899 3179 1
2805 3365 1
2578 4140 1
3772 4874 1
4019 4751 1
4423 4612 1
3485 4063 1
1256 1881 1
1913 4662 1
3026 3714 1
1195 2544 1
400 2835 1
3514 3653 1
2079 4550 1
735 4811 1
926 2127 1
1378 1470 1
172 4139 1
333 4996 1
1792 4493 1
683 3308 1
1855 3529 1
1713 4577 1
302 3616 1
4121 4223 1
358 2959 1
2707 3745 1
420 3837 1
745 1153 1
4024 4290 1
4328 4701 1
501 1732 1
4553 4819 1
955 1902 1
1502 2071 1
1538 1728 1
1847 3237 1
3264 4952 1
213 2204 1
2551 2801 1
519 3442 1
1935 2303 1
1564 3299 1
203 4899 1
514 2317 1
1405 2488 1
2214 2657 1
2088 2518 1
377 2985 1
683 2503 1
2016 3581 1
2439 4438 1
1780 2550 1
706 3426 1
97 4099 1
1714 1903 1
1068 4946 1
139 2231 1
672 4946 1
3678 3787 1
284 4083 1
2372 3751 1
187 4150 1
209 876 1
2024 3418 1
300 994 1
2442 3931 1
1172 4895 1
962 1113 1
3393 4153 1
9 3447 1
219 4223 1
742 2278 1
2846 3233 1
46 3514 1
2439 4572 1
1716 3423 1
2523 2957 1
3743 4158 1
2054 3418 1
2716 4291 1
1589 3089 1
1462 2725 1
519 1832 1
3418 4748 1
417 3807 1
1271 4850 1
407 2530 1
302 4234 1
1219 2216 1
90 379 1
3735 4805 1
816 1422 1
2939 4871 1
599 1195 1
208 1539 1
223 4291 1
1742 3839 1
255 3048 1
477 2895 1
905 4096 1
1196 2582 1
965 4147 1
717 2355 1
55 2613 1
156 975 1
975 1832 1
3895 4282 1
2406 2664 1
2299 4487 1
308 965 1
482 2084 1
2110 2521 1
418 3762 1
325 1319 1
87 215 1
54 4239 1
1172 1191 1
1832 2927 1
2398 3338 1
1567 1720 1
417 1258 1
2917 4657 1
625 1961 1
1540 2526 1
51 4318 1
741 3075 1
727 3177 1
2874 4206 1
1401 4811 1
4360 4560 1
2545 2984 1
1514 2244 1
3234 3960 1
730 3825 1
2965 3543 1
1979 3512 1
943 4872 1
174 3378 1
510 4990 1
1166 1911 1
1730 3939 1
727 1083 1
3080 4432 1
1752 2008 1
833 3953 1
55 653 1
600 2439 1
667 4415 1
256 2629 1
3814 4427 1
3509 3791 1
3796 3821 1
1210 3122 1
2906 4252 1
1017 2727 1
3434 4371 1
1207 2824 1
2525 4560 1
2717 4730 1
452 4611 1
777 4179 1
357 1341 1
371 458 1
1830 4119 1
1021 1506 1
2500 4099 1
2510 3097 1
1507 3651 1
864 4713 1
4492 4998 1
1347 3369 1
1302 1906 1
1222 1388 1
2046 2589 1
1641 4755 1
2006 3190 1
507 2574 1
1195 3914 1
2485 2636 1
854 1342 1
436 1768 1
253 2815 1
1026 1984 1
1902 3375 1
1563 3909 1
97 208 1
1841 2318 1
1426 3796 1
3060 4048 1
1894 3083 1
1906 2154 1
131 3360 1
4045 4793 1
4218 4721 1
3242 3880 1
3772 4634 1
1732 4603 1
400 4689 1
271 1835 1
1052 2400 1
1057 2744 1
3067 4064 1
2258 3895 1
1701 3977 1
3747 4173 1
3273 4290 1
2130 2555 1
1902 3859 1
2347 4475 1
1471 4804 1
1447 4218 1
4069 4574 1
564 1656 1
887 2309 1
119 4423 1
922 4747 1
251 378 1
2417 3901 1
2009 2386 1
548 3782 1
1950 2745 1
1984 2329 1
223 3433 1
3238 3491 1
3317 3784 1
2176 3438 1
982 4397 1
1805 3121 1
906 3998 1
961 4459 1
126 4789 1
3048 4656 1
1625 4624 1
3648 3897 1
2689 4723 1
848 4932 1
26 2114 1
1390 1724 1
655 1504 1
3891 4005 1
156 2345 1
720 4373 1
3323 4487 1
687 1981 1
2059 2233 1
1193 4004 1
1601 3075 1
4179 4822 1
332 2921 1
4003 4596 1
1324 3706 1
1716 2244 1
220 1175 1
2178 2305 1
247 1278 1
32 1124 1
1092 4487 1
1221 4143 1
87 4968 1
1380 2675 1
2505 3050 1
3081 4149 1
1379 2450 1
2251 4631 1
653 2346 1
1439 3255 1
1399 2136 1
482 1710 1
256 2121 1
2308 3071 1
1165 2090 1
900 2573 1
2617 4580 1
1385 1864 1
1130 3035 1
786 3225 1
2494 3426 1
1852 3959 1
962 4390 1
2030 4231 1
2892 3472 1
2935 4108 1
994 3147 1
2798 3056 1
138 2408 1
943 1115 1
3029 4874 1
1083 2815 1
2979 3067 1
2114 4494 1
25 3635 1
1420 4837 1
4161 4915 1
4109 4725 1
1296 4801 1
4164 4432 1
1588 2169 1
3558 4622 1
1674 4195 1
292 4164 1
2145 3780 1
1773 1922 1
2483 3021 1
1667 4155 1
743 1592 1
199 2660 1
2859 3308 1
1312 1712 1
658 3174 1
1537 4082 1
448 3364 1
513 4513 1
2051 4303 1
104 2773 1
147 1157 1
3107 3760 1
576 2768 1
717 4693 1
4023 4927 1
1101 2589 1
1585 4099 1
2710 4474 1
494 3308 1
2094 3976 1
187 1845 1
347 3066 1
195 3426 1
2098 2405 1
119 398 1
595 4299 1
4179 4285 1
1832 1882 1
2243 3668 1
1028 2087 1
2655 3612 1
126 3447 1
504 2841 1
1940 4798 1
3454 4002 1
54 3544 1
3960 4362 1
3714 4306 1
852 4463 1
219 3796 1
2065 4685 1
1650 4443 1
2452 2879 1
1796 3514 1
1099 2088 1
1332 2067 1
1167 4474 1
3164 4778 1
583 4423 1
3102 3900 1
519 4438 1
1606 4521 1
300 1856 1
1317 4418 1
1215 2421 1
1344 2077 1
499 4725 1
3900 4819 1
1751 4121 1
2439 4495 1
2544 3757 1
1926 2432 1
1271 4423 1
455 3083 1
3569 3901 1
494 4731 1
2259 3746 1
2336 4932 1
1981 2489 1
2944 4788 1
1151 3725 1
917 2740 1
1764 2612 1
2962 3465 1
2246 3295 1
1086 2145 1
2700 3465 1
2750 2828 1
687 3567 1
3285 3337 1
2433 4060 1
1092 2340 1
3242 3640 1
1562 3952 1
4523 4528 1
906 2335 1
1537 3895 1
3567 4339 1
2545 4651 1
2432 2495 1
516 2530 1
2207 3316 1
1104 2700 1
344 2423 1
2651 3707 1
330 2525 1
3774 4975 1
350 3931 1
1845 3085 1
267 2176 1
1134 1761 1
729 3927 1
1250 2875 1
481 1381 1
2984 4297 1
394 2136 1
1371 4333 1
841 1135 1
2308 4657 1
4639 4837 1
2528 4431 1
482 1202 1
1089 4620 1
805 4861 1
211 1089 1
1915 3800 1
3472 4586 1
619 3543 1
130 3352 1
270 2608 1
2639 4770 1
2821 4252 1
4381 4555 1
294 4133 1
1851 4165 1
1263 4934 1
270 514 1
2835 4308 1
2597 4894 1
66 4656 1
65 4431 1
1207 4975 1
1030 1141 1
3953 4643 1
276 4651 1
2674 3801 1
1483 3338 1
1218 3821 1
3147 4021 1
387 1449 1
2123 3698 1
1314 1839 1
2423 3401 1
480 1613 1
2543 4257 1
623 1167 1
211 4606 1
1966 2933 1
2076 4791 1
3296 4494 1
2497 2569 1
1313 4997 1
2309 3272 1
1206 2656 1
678 4257 1
1686 4047 1
1803 4632 1
342 4308 1
2830 3159 1
1089 3949 1
3136 3616 1
4226 4936 1
3455 3561 1
3567 3802 1
3147 3216 1
1342 3082 1
2267 4335 1
3196 4798 1
1322 2615 1
537 1342 1
1855 3078 1
1932 3298 1
1302 2902 1
1212 4140 1
1445 4119 1
2243 4099 1
1021 3791 1
759 3791 1
1413 3083 1
3624 4844 1
2204 4521 1
432 4335 1
3083 3931 1
2119 4413 1
1356 3673 1
153 2641 1
655 3037 1
3790 4732 1
3258 4871 1
3938 4603 1
999 2288 1
3514 4275 1
735 1461 1
1642 2165 1
895 1184 1
292 891 1
2522 3648 1
25 4684 1
2702 4747 1
1370 4079 1
335 3597 1
1652 1698 1
1423 4844 1
31 4125 1
2589 2776 1
2687 3311 1
590 2776 1
2091 3438 1
1726 2751 1
3331 3763 1
1841 2509 1
1309 3402 1
519 1031 1
1009 3110 1
2303 4260 1
2510 3772 1
178 4121 1
904 2535 1
2151 3839 1
824 2017 1
595 1965 1
3225 4656 1
2879 3265 1
332 2494 1
2031 4861 1
3792 4107 1
545 1447 1
3089 4364 1
1279 3886 1
540 4486 1
1805 4117 1
109 4650 1
9 1036 1
179 1447 1
998 1550 1
1173 2305 1
135 4558 1
2087 3399 1
1471 2901 1
2238 3568 1
1488 2316 1
57 4086 1
552 1813 1
717 4132 1
1907 3589 1
3956 4083 1
2722 2984 1
2774 3174 1
519 3743 1
2432 3410 1
916 935 1
126 4980 1
79 2690 1
2811 3214 1
3411 4899 1
916 4318 1
632 4559 1
2810 2989 1
19 3578 1
516 4384 1
1297 4949 1
4201 4237 1
1292 3851 1
507 2578 1
3880 4596 1
1968 3841 1
1706 3841 1
651 4959 1
1416 2547 1
741 4852 1
127 1017 1
3017 4571 1
3257 3277 1
1632 1798 1
586 1716 1
1732 2379 1
749 4339 1
499 4164 1
1731 3847 1
863 4037 1
2039 2687 1
2781 4987 1
3455 4931 1
454 3990 1
3568 4054 1
1845 2040 1
146 3056 1
1648 1876 1
1589 4679 1
3524 4105 1
332 3596 1
1355 3694 1
356 2677 1
1412 3447 1
3401 3890 1
2074 4320 1
320 2431 1
1614 3581 1
1089 1481 1
1734 4629 1
1343 2529 1
1709 4572 1
105 1496 1
1447 4572 1
1494 3637 1
22 4844 1
1345 3514 1
4062 4696 1
4235 4624 1
904 3771 1
630 2256 1
3732 4003 1
2624 3043 1
3405 3608 1
3581 4773 1
1709 3417 1
1466 2878 1
2259 2514 1
965 4582 1
736 3032 1
2000 3751 1
2738 3680 1
797 1965 1
1198 3063 1
2733 3336 1
482 641 1
2544 3814 1
1106 4413 1
1656 1847 1
2805 2808 1
3510 4317 1
1211 2894 1
2344 3352 1
1657 2422 1
1550 3491 1
937 3264 1
1250 1509 1
4272 4990 1
695 3916 1
2178 4753 1
2665 4117 1
722 4773 1
545 939 1
2205 2412 1
3122 3804 1
295 764 1
2427 3013 1
2430 2530 1
19 2586 1
879 3444 1
371 4731 1
1222 3783 1
2421 4107 1
846 4435 1
670 4209 1
2263 3706 1
459 764 1
3144 4852 1
2291 2721 1
2867 3820 1
704 3978 1
105 1175 1
3761 4262 1
397 3269 1
2519 3487 1
1021 4035 1
2294 4308 1
360 2074 1
342 4686 1
2178 4887 1
1030 2808 1
2663 2835 1
3081 3348 1
2554 3831 1
4317 4493 1
559 3573 1
905 1766 1
4215 4216 1
1166 1541 1
504 4805 1
27 4651 1
1799 3147 1
2017 4538 1
1717 4246 1
1507 4436 1
698 2577 1
276 4574 1
1845 4431 1
632 1957 1
958 2127 1
2769 3769 1
3629 4627 1
96 3825 1
557 2722 1
1720 3389 1
1319 3045 1
1297 3286 1
829 966 1
646 2013 1
1024 2373 1
2961 4878 1
619 4539 1
2542 4894 1
591 2491 1
1415 3692 1
401 2367 1
939 3174 1
2284 3323 1
1401 4925 1
2261 4093 1
872 2891 1
724 741 1
1021 2425 1
159 740 1
1674 3744 1
583 2199 1
1584 2538 1
1021 3364 1
742 3949 1
496 510 1
188 3548 1
1356 2307 1
453 4196 1
2335 4550 1
1191 1681 1
2897 4438 1
1611 4869 1
498 3565 1
2798 3678 1
1843 3714 1
1983 3694 1
2730 2985 1
3316 4772 1
601 1973 1
418 2266 1
2503 3171 1
741 3673 1
961 1727 1
3225 4095 1
323 4099 1
2900 3931 1
1314 2380 1
1295 2138 1
293 4048 1
1141 3391 1
46 2636 1
1388 3268 1
185 1482 1
95 4972 1
2263 2714 1
2008 4639 1
198 4161 1
3202 4619 1
1937 2894 1
1347 3617 1
206 2709 1
3649 4557 1
741 3807 1
481 4634 1
194 4577 1
2451 4054 1
2105 3417 1
892 943 1
924 3110 1
176 4156 1
2566 4943 1
4405 4661 1
335 3654 1
2864 3819 1
2745 4127 1
202 4064 1
205 4335 1
683 1893 1
2074 3141 1
1021 1888 1
4528 4852 1
261 1611 1
940 4151 1
49 1728 1
3500 3629 1
1480 3341 1
3784 4327 1
3880 4035 1
2794 3588 1
1089 4624 1
1446 4107 1
377 631 1
622 2879 1
824 3013 1
1952 4625 1
3108 4313 1
3051 3779 1
1669 2058 1
242 564 1
4106 4354 1
570 2315 1
1134 4343 1
759 4466 1
1463 3121 1
2383 4030 1
3503 4061 1
43 354 1
545 1504 1
3464 3544 1
652 3064 1
853 2788 1
1033 1443 1
3921 4170 1
354 4538 1
2291 2347 1
1370 3465 1
4145 4817 1
933 1212 1
1046 1089 1
46 1160 1
307 1689 1
988 4302 1
2087 3456 1
3563 4088 1
2310 2747 1
197 2460 1
245 3440 1
0 1165 1
1839 4293 1
2067 4682 1
2291 4575 1
1537 4867 1
4624 4828 1
1210 4472 1
105 3029 1
1191 1978 1
3281 4725 1
3446 4792 1
466 4728 1
1486 2835 1
4277 4720 1
3086 4257 1
813 1803 1
1031 3194 1
3825 4596 1
1667 2846 1
2484 2876 1
2647 4560 1
1606 4822 1
2894 4437 1
1824 3769 1
1803 2892 1
2367 4920 1
2085 3544 1
987 4026 1
4065 4433 1
1476 3436 1
655 1752 1
138 1233 1
3371 3463 1
862 2984 1
2085 3894 1
812 1177 1
2145 4699 1
1628 3426 1
4293 4418 1
337 3513 1
3047 3524 1
421 2460 1
2252 4946 1
3353 4735 1
2334 4756 1
1990 4946 1
3364 3581 1
1598 3375 1
2544 3253 1
1390 3611 1
39 449 1
516 1542 1
2697 4407 1
159 4688 1
238 4981 1
80 2143 1
928 1486 1
1024 1194 1
26 2846 1
1404 1415 1
2508 4885 1
1787 4371 1
3153 3869 1
3623 4572 1
3688 4967 1
3543 4054 1
418 603 1
739 1183 1
662 4346 1
256 3658 1
787 850 1
3715 4696 1
1425 3581 1
3393 4645 1
3749 4280 1
2589 3130 1
2427 2802 1
388 552 1
3620 4809 1
425 619 1
3348 4121 1
3370 4634 1
4215 4460 1
596 4638 1
3901 4270 1
661 2781 1
2120 2278 1
3369 4409 1
229 680 1
1108 1780 1
2993 3371 1
901 4870 1
3036 3418 1
2260 4917 1
1016 3130 1
324 4300 1
104 2082 1
3378 4121 1
1688 4691 1
1908 2745 1
232 2267 1
3678 3824 1
4571 4630 1
775 974 1
1199 4685 1
1559 2776 1
3957 4178 1
3027 3490 1
742 1965 1
527 1811 1
1407 2355 1
2682 3455 1
4262 4410 1
3441 3480 1
910 2488 1
1166 4363 1
309 3022 1
2031 3121 1
548 3038 1
1855 2895 1
3809 4815 1
1204 1622 1
2445 3111 1
1301 2494 1
344 4147 1
2845 3984 1
1592 4363 1
2598 3326 1
1428 1488 1
862 2797 1
564 3140 1
1568 3188 1
2470 2767 1
4517 4878 1
367 2976 1
408 2977 1
910 4127 1
2727 3332 1
81 138 1
3694 4841 1
717 4486 1
1080 2094 1
2067 4979 1
257 3747 1
539 3433 1
3268 3686 1
219 1011 1
1194 4825 1
908 1987 1
381 780 1
594 4271 1
1712 3475 1
895 1001 1
2485 2644 1
1552 2439 1
1087 2110 1
3036 3686 1
1683 2895 1
1447 1864 1
3046 3061 1
3045 3590 1
226 3629 1
615 4343 1
1979 2260 1
1447 3153 1
1729 2085 1
1675 2788 1
418 1705 1
695 4457 1
1140 2629 1
3705 4171 1
570 786 1
1261 4087 1
3231 4288 1
1166 4981 1
4103 4217 1
1764 4149 1
2574 3200 1
860 4682 1
3931 4864 1
1530 3164 1
36 448 1
2234 2728 1
383 2249 1
880 2301 1
432 3831 1
4019 4869 1
758 4755 1
350 3240 1
2423 4320 1
2020 3149 1
4035 4813 1
4052 4228 1
619 4596 1
3179 4074 1
1756 4042 1
482 3544 1
3142 4946 1
3032 4936 1
413 1845 1
1032 4334 1
3931 4998 1
1083 4299 1
188 2666 1
1523 4571 1
4195 4290 1
514 3590 1
111 4139 1
2824 3859 1
3529 3648 1
1745 4391 1
1425 2723 1
735 3185 1
3555 3556 1
3570 4588 1
566 1686 1
583 1101 1
12 3729 1
1514 1610 1
218 1353 1
643 1502 1
1462 2359 1
3360 3438 1
828 2975 1
427 1877 1
12 2574 1
2847 3977 1
1302 3016 1
1962 4752 1
1931 3187 1
482 1934 1
1750 4869 1
234 4838 1
741 1636 1
214 2119 1
2032 4932 1
3871 3896 1
459 1923 1
2780 3105 1
87 4037 1
1250 2452 1
369 717 1
2781 3515 1
1024 2109 1
1497 2329 1
5 440 1
962 4614 1
962 2170 1
583 1585 1
1274 3196 1
418 2457 1
3480 4805 1
2733 3824 1
840 3843 1
1192 2982 1
3568 3871 1
1274 3546 1
1718 2274 1
613 1585 1
439 3684 1
16 3581 1
2676 4229 1
1194 3028 1
3147 3814 1
860 1462 1
3795 4035 1
994 2216 1
75 4161 1
2399 2608 1
3364 4980 1
3218 3465 1
2114 2624 1
1544 3033 1
188 4223 1
537 2879 1
2127 2859 1
910 1175 1
3852 4919 1
3358 4384 1
1887 3372 1
717 1534 1
4361 4796 1
1381 4732 1
2062 4127 1
1706 2048 1
1649 4897 1
1401 4795 1
3364 3825 1
2835 4235 1
540 2022 1
1701 2054 1
2779 4303 1
943 2412 1
105 1313 1
4102 4693 1
700 2654 1
1617 4800 1
4294 4863 1
1831 2285 1
1421 4107 1
170 1149 1
3817 4682 1
892 4517 1
3588 4822 1
1685 3399 1
1716 4964 1
1272 1540 1
96 3829 1
1667 4513 1
2071 4374 1
4206 4642 1
1657 3044 1
850 1258 1
3656 4175 1
1531 3871 1
187 914 1
2303 2630 1
1095 4472 1
2722 3553 1
456 2270 1
965 4399 1
1001 4810 1
1611 2295 1
1588 4755 1
2920 2979 1
3386 4472 1
2534 4606 1
494 1222 1
522 4179 1
71 2028 1
446 1151 1
3612 4411 1
3097 4719 1
2253 3051 1
3796 3939 1
2431 3323 1
4468 4746 1
480 1674 1
510 3014 1
2420 3164 1
675 3081 1
3488 4725 1
1304 1562 1
756 3420 1
1971 4277 1
1902 2420 1
2267 3107 1
967 1388 1
3133 3221 1
2490 3529 1
311 710 1
2700 4278 1
482 3975 1
2870 4689 1
1674 3882 1
1474 4760 1
849 2456 1
1262 2625 1
2047 3309 1
531 3086 1
425 1347 1
1632 4006 1
904 3267 1
3061 4792 1
255 2629 1
3502 3976 1
2101 3703 1
1669 1794 1
144 3929 1
1646 4062 1
51 732 1
4077 4850 1
1341 3426 1
1857 4474 1
269 2877 1
1077 1101 1
788 998 1
1855 2334 1
2198 2673 1
1019 1281 1
465 1661 1
2872 4869 1
1342 2688 1
626 2518 1
2319 4131 1
483 4684 1
2950 4937 1
2260 4490 1
3038 4757 1
393 2697 1
2110 2452 1
659 2816 1
3475 3977 1
4822 4953 1
4115 4337 1
1573 3910 1
1850 2498 1
4039 4692 1
12 3355 1
91 3648 1
1342 4916 1
805 2991 1
215 3714 1
1102 2231 1
1957 2745 1
491 2077 1
863 902 1
109 1194 1
900 4167 1
3523 4933 1
2842 3259 1
488 2129 1
2423 3275 1
2046 3325 1
2260 4974 1
1065 1359 1
1218 1601 1
3122 3434 1
2284 2335 1
1302 3931 1
1836 4804 1
1089 3823 1
335 1109 1
354 1159 1
1689 3064 1
3325 4143 1
1912 4799 1
1153 4747 1
2168 2510 1
1194 2304 1
3613 4021 1
1054 1735 1
281 3505 1
1507 3932 1
2574 2639 1
2142 2228 1
1951 3414 1
127 3038 1
2914 4959 1
827 1729 1
87 1919 1
1744 3121 1
3558 4472 1
320 3618 1
1001 3013 1
1593 4645 1
4297 4811 1
474 1052 1
1401 3132 1
1421 4538 1
11 3213 1
3927 4719 1
899 3675 1
988 4656 1
3700 4713 1
1336 2895 1
2991 4216 1
79 2751 1
1108 1166 1
523 2233 1
1851 4657 1
3161 4785 1
2894 4441 1
621 1987 1
161 2002 1
2177 2548 1
1172 3029 1
3886 3913 1
140 2064 1
3242 3811 1
1645 1906 1
1824 4123 1
3629 4257 1
2594 3775 1
2216 4354 1
755 4030 1
1526 3153 1
2119 4421 1
2564 4283 1
747 2634 1
1251 4611 1
0 1653 1
4442 4895 1
662 1772 1
3332 3862 1
445 3989 1
1037 1649 1
2014 3092 1
1401 4555 1
1043 4847 1
2636 2846 1
712 1300 1
672 4153 1
2469 3083 1
3365 4160 1
87 4631 1
2685 4401 1
2797 4642 1
1200 1239 1
2617 2954 1
1115 2629 1
941 2476 1
307 1372 1
482 1373 1
4451 4957 1
1567 3103 1
3488 4351 1
554 2188 1
96 556 1
3308 4915 1
267 4575 1
1302 3744 1
944 4036 1
387 3364 1
3074 4869 1
1594 2051 1
687 3067 1
219 747 1
1807 3098 1
692 967 1
1172 2358 1
917 3529 1
3807 4639 1
1856 2990 1
3070 4346 1
291 4006 1
428 2025 1
787 4587 1
4216 4285 1
2127 4392 1
332 4946 1
764 1193 1
996 1728 1
1486 3807 1
1240 4340 1
3402 4711 1
21 4303 1
504 2959 1
679 3714 1
457 4833 1
3089 3433 1
546 3370 1
4006 4825 1
1217 2077 1
2435 4895 1
570 2266 1
623 2277 1
1810 3530 1
332 3791 1
1879 4798 1
2254 4675 1
2299 3694 1
654 809 1
3517 4260 1
1175 2201 1
1975 2816 1
1606 4639 1
3022 3500 1
1516 1713 1
1839 2366 1
958 4603 1
1007 2775 1
1814 2309 1
276 984 1
4013 4999 1
1475 3782 1
1438 3900 1
242 3093 1
3242 4563 1
726 4603 1
2085 4650 1
519 2812 1
832 1057 1
267 1810 1
1448 2494 1
641 1462 1
1539 2612 1
2510 2520 1
51 4814 1
178 425 1
1167 1693 1
1729 2894 1
3780 4215 1
1207 4475 1
2736 4179 1
1077 2150 1
294 4922 1
386 1478 1
1657 1678 1
1942 4291 1
2949 3132 1
1457 3495 1
1959 4645 1
1233 4733 1
2067 4178 1
425 4974 1
1540 4661 1
3073 4107 1
1712 1735 1
59 4624 1
653 667 1
962 1422 1
657 786 1
1481 1987 1
1734 4153 1
648 3706 1
2088 2372 1
2244 3851 1
1022 1823 1
278 2079 1
1907 1987 1
602 4620 1
426 4394 1
2210 2927 1
1263 2824 1
46 1140 1
78 1617 1
3180 3364 1
335 3902 1
389 2418 1
284 904 1
2519 4032 1
258 3655 1
2529 3030 1
1097 1192 1
124 3840 1
1388 3061 1
758 2665 1
2545 3159 1
2629 4550 1
1319 4395 1
13 976 1
372 4292 1
2845 3801 1
904 2840 1
988 3477 1
1528 4919 1
0 3373 1
494 4662 1
1089 1839 1
159 1151 1
933 4709 1
346 4949 1
266 4431 1
1780 3827 1
857 2620 1
631 4529 1
215 3153 1
2061 3288 1
2806 4196 1
471 864 1
539 3250 1
1492 4299 1
4251 4926 1
849 4607 1
680 1388 1
961 4821 1
2432 3581 1
1673 2775 1
1656 3360 1
2544 3822 1
2 3395 1
383 4026 1
3060 4089 1
1442 3781 1
664 2733 1
2150 4807 1
963 3554 1
135 4863 1
4178 4424 1
2490 4875 1
1613 4952 1
756 3611 1
1401 4315 1
3200 4634 1
201 356 1
354 598 1
2441 4582 1
168 2128 1
964 1281 1
2364 3581 1
965 4135 1
2682 3890 1
479 2929 1
4109 4603 1
3801 4450 1
702 2220 1
1734 4316 1
2193 4638 1
2962 3880 1
1940 4192 1
2664 4223 1
1131 1579 1
1022 2575 1
3002 3464 1
1971 2724 1
135 1025 1
967 3807 1
540 2242 1
853 1426 1
2859 3536 1
3791 4270 1
2335 4290 1
134 1712 1
1347 1934 1
335 682 1
850 2067 1
1080 4973 1
103 332 1
1412 3268 1
3750 3865 1
273 743 1
2702 3710 1
2781 4003 1
124 620 1
219 4829 1
45 1266 1
3209 3891 1
198 2262 1
801 3464 1
3234 4887 1
457 3654 1
4047 4209 1
1258 4871 1
2768 3367 1
1700 2745 1
3414 3892 1
1177 1657 1
0 1092 1
1703 3393 1
2346 3270 1
2425 4317 1
988 2135 1
1751 3060 1
2399 4035 1
1380 4810 1
2433 2865 1
174 2561 1
504 975 1
466 4655 1
1622 4343 1
2141 2464 1
146 4650 1
3038 4143 1
629 862 1
1604 3922 1
695 1859 1
1416 2181 1
1462 2526 1
1185 1494 1
1427 3471 1
1313 1679 1
3360 4544 1
440 2279 1
2180 2927 1
3763 4934 1
69 3275 1
2782 3749 1
2592 2871 1
820 2685 1
3502 3846 1
2156 3472 1
1507 2834 1
1734 3779 1
985 4415 1
1439 2141 1
1597 2727 1
2400 3051 1
2747 4852 1
232 3804 1
2145 3471 1
2615 2831 1
3153 3446 1
727 750 1
197 1716 1
322 2916 1
967 3620 1
267 4148 1
4286 4843 1
267 1115 1
379 1356 1
449 597 1
717 1351 1
1678 2261 1
3674 3683 1
2134 3066 1
131 4637 1
3644 4972 1
418 1469 1
581 3153 1
2835 3113 1
1203 2907 1
1769 3318 1
1000 1824 1
110 4699 1
3004 3299 1
84 3286 1
2452 3725 1
1263 1645 1
1118 2984 1
1961 4427 1
1092 1763 1
2257 3257 1
1169 1983 1
3426 4870 1
1048 3154 1
2308 2441 1
2070 3781 1
592 1598 1
337 2769 1
683 962 1
2979 4531 1
185 685 1
2710 3360 1
2993 3648 1
1656 2636 1
2211 2858 1
4217 4968 1
2083 3612 1
75 1429 1
1888 3144 1
2779 3315 1
1172 1476 1
3620 3931 1
1192 4572 1
605 4812 1
1461 2518 1
3973 4234 1
1151 1538 1
882 4531 1
541 4238 1
2716 4844 1
665 1271 1
4215 4871 1
3206 3890 1
680 3242 1
721 799 1
1705 4167 1
1342 4115 1
1159 4408 1
1042 1379 1
1601 3063 1
699 4423 1
26 358 1
2620 2638 1
2826 4958 1
880 2899 1
4395 4815 1
669 3618 1
2835 3731 1
3349 3952 1
2666 4676 1
758 2909 1
4470 4585 1
294 1462 1
502 2165 1
139 2113 1
2425 2520 1
4450 4872 1
2260 4173 1
1713 4943 1
190 3741 1
3248 4435 1
490 1000 1
419 4732 1
2172 2232 1
458 1462 1
32 307 1
914 1678 1
2156 4358 1
1832 3480 1
570 2807 1
2987 3697 1
392 3444 1
1615 2664 1
550 2340 1
1049 3973 1
990 2612 1
178 482 1
2123 2316 1
2615 2778 1
2267 3758 1
3038 3635 1
1093 4430 1
2141 2895 1
991 4153 1
3132 3455 1
80 2017 1
2082 2665 1
5 1843 1
386 2474 1
3093 4631 1
2542 4528 1
1401 3620 1
3443 3697 1
807 1191 1
3939 4278 1
282 1720 1
329 3229 1
798 1987 1
705 3516 1
1014 4271 1
1454 2291 1
1426 4215 1
540 2136 1
1388 3923 1
4103 4278 1
821 1597 1
1305 3107 1
703 4759 1
1233 1541 1
403 4467 1
17 267 1
605 3820 1
3289 3364 1
1674 2573 1
239 1218 1
593 1716 1
548 1973 1
1009 3122 1
694 1798 1
2299 3564 1
103 3020 1
1909 4318 1
303 3081 1
3381 3488 1
1192 2425 1
2055 3554 1
2539 2620 1
1964 2123 1
2581 3785 1
383 4888 1
4538 4690 1
875 4596 1
1774 2938 1
599 4139 1
3523 4079 1
92 4308 1
3216 3370 1
2782 4798 1
211 2687 1
3202 4603 1
955 3370 1
3749 4772 1
1063 2903 1
2653 2883 1
1935 2832 1
1341 4345 1
990 3364 1
3364 3618 1
1256 3483 1
2027 3360 1
2909 3977 1
1964 2257 1
95 418 1
1855 3253 1
652 3719 1
743 3837 1
2629 2647 1
1223 4474 1
1009 1512 1
251 4314 1
258 3041 1
2675 3931 1
1694 4998 1
4135 4784 1
3414 4270 1
251 1281 1
1342 4546 1
860 2328 1
4607 4779 1
345 2636 1
4015 4086 1
1778 4295 1
529 1410 1
1824 2196 1
3137 3588 1
215 3694 1
1481 2796 1
942 4962 1
3500 3613 1
71 1471 1
3332 4968 1
2344 2612 1
3242 3762 1
820 1185 1
2979 4291 1
0 665 1
961 2329 1
995 2879 1
540 3238 1
30 3890 1
1198 4901 1
1540 1632 1
1426 2284 1
376 1302 1
788 1246 1
4074 4800 1
1077 4732 1
2243 2664 1
3220 4107 1
1399 1750 1
998 4624 1
3291 3758 1
3268 4528 1
1661 1935 1
2054 4081 1
2835 4646 1
270 4824 1
1742 3213 1
1098 1421 1
669 2439 1
1157 3691 1
507 4363 1
510 3880 1
1957 2054 1
775 4528 1
2088 2510 1
3791 4811 1
2574 4847 1
1939 4107 1
102 4435 1
2474 3862 1
590 3435 1
2551 4082 1
352 2331 1
2301 3153 1
830 2141 1
4243 4689 1
126 2927 1
458 1222 1
781 909 1
641 4312 1
1845 4980 1
2017 2054 1
243 1233 1
317 401 1
291 3152 1
3234 3334 1
1026 2029 1
389 2906 1
117 2218 1
4423 4633 1
735 4482 1
704 2917 1
1624 4580 1
850 2742 1
672 4133 1
3480 4679 1
1761 1845 1
1735 4596 1
496 3153 1
124 1295 1
2396 4278 1
1639 1855 1
2779 4982 1
1256 3780 1
2328 2831 1
2109 3467 1
2178 3826 1
550 3739 1
1369 4596 1
2688 3524 1
2335 4160 1
611 2702 1
1251 1342 1
278 3990 1
1342 4843 1
2326 3293 1
3463 4459 1
3273 4335 1
91 4514 1
3902 4506 1
1081 2220 1
117 2702 1
148 2015 1
494 962 1
1729 3195 1
354 4335 1
2615 3022 1
13 1598 1
455 2697 1
1716 3899 1
2425 2898 1
536 1373 1
396 3056 1
1115 2743 1
81 1732 1
1342 3688 1
504 2589 1
581 2055 1
2205 4063 1
1498 3447 1
1981 2103 1
145 2656 1
387 4633 1
623 968 1
428 2944 1
2878 3782 1
94 1378 1
1002 3216 1
871 4453 1
2794 4808 1
179 3179 1
2460 3242 1
345 2128 1
176 4571 1
1428 2277 1
1218 2467 1
2291 4372 1
2094 3269 1
1343 4798 1
2895 4486 1
1780 2355 1
126 2390 1
26 4603 1
105 732 1
1151 2534 1
502 2088 1
987 3823 1
1907 4732 1
1542 1601 1
597 4577 1
4506 4912 1
4124 4810 1
669 1447 1
2554 3038 1
3051 3844 1
826 3124 1
1426 4809 1
2183 4788 1
951 1318 1
641 1092 1
1475 4701 1
4035 4179 1
1893 4460 1
2360 4835 1
767 2894 1
2797 3146 1
3452 4538 1
1728 2114 1
1215 4747 1
2373 3757 1
354 4603 1
113 2262 1
1744 2243 1
1465 2828 1
4278 4472 1
89 2807 1
1966 2063 1
942 2494 1
589 3130 1
124 2047 1
905 2612 1
3438 4616 1
1855 3363 1
580 2263 1
2393 3978 1
2964 4733 1
3865 3902 1
2070 4456 1
2550 3403 1
2102 4179 1
892 1976 1
2143 2490 1
848 3367 1
141 2751 1
1570 4291 1
2721 3635 1
1709 3137 1
943 1160 1
1089 3429 1
103 3398 1
554 826 1
428 2407 1
1938 2593 1
1587 1612 1
3760 3862 1
897 1165 1
1413 2213 1
3154 4806 1
2333 3122 1
2032 3948 1
2014 4308 1
1078 2674 1
448 2470 1
966 4153 1
3684 4217 1
821 1520 1
3914 4679 1
10 2244 1
531 3444 1
2119 3543 1
224 483 1
1449 2028 1
1498 3610 1
2778 3364 1
1212 1526 1
2399 3718 1
355 1124 1
1694 3148 1
274 1135 1
2839 4929 1
889 1408 1
1486 3384 1
483 4692 1
2143 3913 1
1787 3497 1
1116 3292 1
181 2260 1
2329 2733 1
1207 2629 1
415 3595 1
3683 4099 1
471 494 1
2205 4360 1
842 2127 1
1547 3636 1
3775 4627 1
194 2845 1
1807 2220 1
833 2014 1
580 787 1
829 1491 1
4582 4696 1
3348 3597 1
3439 3715 1
2260 4043 1
1967 4730 1
55 3975 1
172 1342 1
2685 4946 1
540 2677 1
836 1507 1
1722 3586 1
1 1645 1
2308 2929 1
3228 4592 1
3105 4377 1
2303 2935 1
267 2676 1
1992 4736 1
3888 4234 1
2441 4562 1
2417 3222 1
87 988 1
135 3688 1
1319 4643 1
1756 4644 1
519 1584 1
1116 2971 1
534 3555 1
1855 3310 1
886 3448 1
2048 4644 1
62 1466 1
554 1928 1
1347 1564 1
767 2975 1
267 4315 1
618 2852 1
69 3576 1
1342 4603 1
1722 4070 1
1820 4413 1
58 943 1
1314 2555 1
1200 3207 1
2442 4167 1
224 4618 1
1272 2329 1
1445 2257 1
632 656 1
2495 4178 1
1571 1807 1
1772 3783 1
2591 4640 1
2620 3126 1
87 4505 1
1541 3658 1
197 4111 1
2000 3418 1
3668 4974 1
2983 4117 1
1200 4496 1
64 1488 1
4009 4486 1
3475 3798 1
101 2309 1
1602 4661 1
2373 4538 1
2205 4173 1
1431 2335 1
66 2473 1
3581 3635 1
964 3623 1
3183 4528 1
1369 4840 1
199 3002 1
2508 2669 1
3452 4164 1
2614 3819 1
4379 4554 1
723 4850 1
207 1550 1
57 2545 1
3243 4929 1
227 2956 1
734 4450 1
724 3762 1
3270 3342 1
2315 2624 1
224 2658 1
1920 3788 1
1677 4030 1
829 2243 1
427 1674 1
1832 4318 1
1592 4107 1
1461 3624 1
187 3126 1
1233 4928 1
1270 3275 1
995 3070 1
2465 4611 1
3623 4934 1
185 986 1
2294 3975 1
909 1017 1
1506 2993 1
1110 2993 1
1991 4728 1
1729 4728 1
1622 4107 1
820 2665 1
1654 2110 1
1794 3810 1
1097 4636 1
2671 4837 1
352 2038 1
21 2433 1
3620 4232 1
3785 4299 1
1734 4698 1
961 4748 1
2067 2629 1
314 2685 1
1151 1839 1
2166 3574 1
1233 4123 1
2074 4739 1
835 2542 1
3705 4720 1
840 3640 1
3028 4478 1
270 1043 1
2565 4976 1
1398 2655 1
1929 2291 1
3543 3611 1
1175 4303 1
1491 2065 1
1706 3939 1
985 4179 1
1095 3785 1
2087 4570 1
96 1048 1
3490 4135 1
479 2506 1
1322 3949 1
943 3364 1
502 1177 1
1823 3184 1
389 2963 1
4644 4689 1
79 1983 1
770 1342 1
3521 4360 1
195 3097 1
2758 3812 1
220 4847 1
1168 1388 1
1806 3365 1
3750 4597 1
670 1111 1
1003 3391 1
848 2322 1
134 3733 1
3797 4793 1
758 1116 1
553 1650 1
2473 3427 1
1531 3668 1
2064 4131 1
1372 2857 1
2297 4864 1
857 3165 1
3233 4054 1
1113 4848 1
988 2867 1
353 4571 1
3176 4459 1
1845 3427 1
2621 3648 1
1198 3616 1
477 850 1
3706 4624 1
1094 4956 1
1083 4043 1
820 4572 1
1656 4844 1
4367 4491 1
933 2005 1
4231 4630 1
1483 4135 1
963 4099 1
2453 2909 1
381 2431 1
3949 4917 1
856 4387 1
176 4628 1
966 2303 1
3278 3931 1
1387 4777 1
91 3766 1
755 1302 1
1772 3864 1
1257 2452 1
348 389 1
2956 4819 1
1911 1929 1
1632 2514 1
418 2067 1
2892 4245 1
1703 2165 1
261 2083 1
1486 3628 1
2346 4486 1
3021 3901 1
3065 4173 1
1258 4932 1
580 1836 1
4580 4733 1
292 4587 1
1011 4274 1
703 4121 1
3130 3255 1
724 1965 1
863 2309 1
3471 4487 1
2956 3075 1
3505 4071 1
530 4351 1
461 2494 1
4019 4292 1
3542 4138 1
1215 1421 1
4054 4286 1
3871 4579 1
103 2971 1
2399 4096 1
1000 4650 1
3615 3835 1
1741 4096 1
1094 4285 1
3098 3316 1
1975 2987 1
1720 4158 1
3253 3604 1
765 1750 1
711 4897 1
3295 4769 1
2906 3496 1
36 3038 1
829 2674 1
350 4891 1
2982 3491 1
418 2551 1
2176 2869 1
703 1222 1
2413 4502 1
682 4317 1
1807 4692 1
2220 4107 1
699 3732 1
516 4779 1
647 1098 1
1447 1905 1
715 3676 1
2611 3174 1
3378 3841 1
2879 3928 1
394 4035 1
1973 2136 1
195 2105 1
104 297 1
1864 3132 1
704 1982 1
1934 3871 1
401 1981 1
590 2634 1
3031 4672 1
1823 2542 1
2636 2830 1
944 4825 1
316 4502 1
3690 4493 1
2433 3410 1
2094 3944 1
767 4374 1
294 1710 1
519 4272 1
1856 2840 1
1274 3424 1
1480 3492 1
1975 3471 1
514 3147 1
199 1823 1
1092 2629 1
1604 2023 1
597 1869 1
4143 4596 1
2612 3533 1
1295 4651 1
192 4035 1
588 4035 1
2198 3893 1
2991 3529 1
812 4682 1
2230 2835 1
3470 3914 1
1624 3779 1
211 2183 1
2975 4874 1
2839 4047 1
432 4811 1
449 4980 1
3823 4217 1
2134 3477 1
353 1485 1
25 3871 1
1224 4195 1
3182 4571 1
2452 4725 1
1915 2800 1
2417 3950 1
4127 4978 1
775 3056 1
3648 4751 1
2431 3067 1
1968 3565 1
2098 2857 1
389 4683 1
994 2578 1
1166 3062 1
429 2769 1
1193 1475 1
539 2937 1
3357 4171 1
3373 4115 1
1573 1881 1
2359 2790 1
1316 2979 1
1531 4099 1
1135 4099 1
2170 3268 1
489 726 1
1975 2800 1
2267 4140 1
1861 3452 1
2088 2677 1
2180 4895 1
1882 3740 1
1900 3565 1
1172 2826 1
1462 3339 1
1461 3868 1
570 1445 1
3436 4413 1
2109 4089 1
1011 4571 1
2284 4844 1
1470 2641 1
398 1338 1
1401 4002 1
621 629 1
963 4530 1
3471 4784 1
3311 3371 1
2136 4572 1
1043 4644 1
350 516 1
370 3612 1
507 1631 1
1342 2432 1
2243 3099 1
1675 3581 1
510 2087 1
267 3083 1
893 3545 1
973 1030 1
2442 2935 1
2562 3983 1
449 3504 1
2071 3931 1
373 3105 1
371 3032 1
21 4905 1
2431 4624 1
4074 4430 1
448 1185 1
429 943 1
449 4793 1
1158 3038 1
176 2160 1
3130 4975 1
372 3792 1
623 2879 1
1302 1447 1
3958 4605 1
119 4285 1
3950 3963 1
2669 4738 1
1551 3090 1
1907 1971 1
611 1714 1
2866 4528 1
1988 2310 1
188 2520 1
1845 4476 1
3323 4215 1
670 2294 1
1196 1586 1
457 4630 1
1030 2048 1
1253 3783 1
1910 3558 1
4308 4960 1
3618 3759 1
1608 3193 1
2490 3086 1
1318 2865 1
1832 3086 1
1446 3050 1
4148 4863 1
63 138 1
448 1669 1
343 3346 1
269 1145 1
3825 4560 1
79 267 1
748 4563 1
2544 4611 1
2067 3491 1
1297 2526 1
66 2664 1
1043 4107 1
3153 4288 1
4214 4678 1
1998 3512 1
1602 2758 1
549 2259 1
777 4338 1
1622 4164 1
1075 1551 1
393 965 1
1394 3748 1
461 3543 1
646 2542 1
1907 3744 1
526 4877 1
1092 1316 1
3748 4474 1
1766 3512 1
3918 4885 1
1602 4047 1
141 3723 1
2981 3780 1
3901 4689 1
592 1151 1
1574 3692 1
122 2168 1
531 3127 1
2933 2985 1
1049 2558 1
415 700 1
303 4431 1
1087 2261 1
87 3086 1
2564 4027 1
427 3154 1
910 4062 1
316 3323 1
961 3061 1
1911 4401 1
71 3492 1
2175 3693 1
671 2733 1
27 187 1
32 531 1
1885 4119 1
2798 3268 1
2432 4638 1
850 3206 1
294 2759 1
56 1655 1
46 1876 1
662 4094 1
507 773 1
624 1358 1
1575 4586 1
97 2595 1
4293 4650 1
1900 1902 1
2216 4582 1
1602 3376 1
1342 4957 1
583 1707 1
1104 3099 1
378 2995 1
3161 4208 1
2689 4398 1
2840 4567 1
619 2303 1
758 3401 1
159 598 1
881 3966 1
3536 4270 1
1851 1986 1
297 1471 1
250 4099 1
267 3514 1
405 4387 1
833 892 1
1034 2868 1
4270 4615 1
3229 4877 1
3793 4461 1
30 3951 1
1222 3104 1
1318 2812 1
3833 4799 1
229 2067 1
2859 4004 1
2291 4486 1
1104 3233 1
105 2940 1
3235 4291 1
3427 4461 1
1333 4224 1
2032 3444 1
756 2119 1
687 4234 1
2583 4486 1
105 846 1
4135 4174 1
1433 1580 1
2768 3485 1
3781 4585 1
1447 4861 1
611 2145 1
4179 4631 1
1175 4173 1
591 1678 1
2201 3788 1
1026 1606 1
820 2669 1
3792 4343 1
450 857 1
3502 4769 1
2156 4395 1
1543 3414 1
906 4291 1
383 3018 1
1280 3943 1
2278 3045 1
1992 2459 1
1020 3080 1
3061 3841 1
131 3332 1
1342 3481 1
2993 3148 1
266 1463 1
112 996 1
4149 4714 1
621 4256 1
669 2984 1
2188 3286 1
1216 3153 1
345 416 1
2074 3938 1
966 2978 1
1927 4642 1
1089 3543 1
1652 2902 1
1101 3553 1
1990 2897 1
1434 4894 1
900 4960 1
2830 4042 1
2422 2527 1
808 2927 1
2189 2733 1
2263 4345 1
699 890 1
363 941 1
153 1885 1
788 3564 1
2739 2769 1
4550 4603 1
1905 4263 1
943 1408 1
1512 3780 1
423 4755 1
700 2589 1
2662 4592 1
2736 4541 1
4318 4603 1
605 2702 1
736 3939 1
2263 3540 1
998 4848 1
75 3641 1
2742 3016 1
1780 3571 1
1862 4135 1
792 3467 1
1172 3688 1
4272 4608 1
1342 4099 1
474 1845 1
532 2015 1
19 4648 1
613 2943 1
2319 3448 1
3046 4716 1
974 4238 1
3097 3715 1
1256 3170 1
2971 4542 1
724 4063 1
120 916 1
1683 2456 1
2644 3366 1
292 619 1
1648 3401 1
30 3093 1
4257 4461 1
3493 4065 1
1172 2883 1
2769 3253 1
1083 4531 1
69 3206 1
2013 4438 1
4234 4450 1
848 2944 1
951 3823 1
1058 4474 1
3418 4830 1
2216 4208 1
1577 2006 1
169 4726 1
305 2143 1
2574 4855 1
91 4254 1
756 4644 1
1041 2561 1
1087 1216 1
550 3263 1
426 1507 1
1409 4650 1
2608 4974 1
1678 4286 1
67 4957 1
2975 3455 1
4575 4877 1
194 4732 1
3832 4015 1
1170 4260 1
153 1698 1
2190 3121 1
2052 4877 1
2916 4164 1
1567 4835 1
2365 4061 1
382 2874 1
3239 4036 1
1099 2865 1
1185 4137 1
2843 4975 1
3953 4318 1
2074 4235 1
1854 2017 1
794 2037 1
1989 3373 1
2054 3768 1
366 4219 1
1041 3045 1
1170 3455 1
1247 2921 1
109 2284 1
256 267 1
25 2586 1
1233 2464 1
1935 1982 1
126 386 1
3885 4160 1
2355 4231 1
1734 3389 1
4555 4894 1
811 1428 1
1160 2336 1
1192 2059 1
32 4292 1
1695 3784 1
4486 4915 1
1141 4164 1
3749 4622 1
695 1603 1
4318 4550 1
758 3645 1
2332 3846 1
448 2665 1
2925 4360 1
2020 2039 1
3370 4976 1
3667 4216 1
322 3465 1
405 4631 1
2377 3215 1
1175 1839 1
271 4816 1
247 4230 1
2895 3555 1
3106 3775 1
1222 3348 1
1839 4448 1
934 2127 1
1792 2912 1
2127 2636 1
1416 3564 1
2259 2563 1
908 1845 1
670 741 1
1504 2630 1
4033 4515 1
289 1049 1
268 4144 1
2254 2569 1
4160 4475 1
1713 4874 1
930 4236 1
1655 4869 1
1319 2476 1
4426 4567 1
985 4293 1
2666 3802 1
632 3616 1
4417 4639 1
1492 4474 1
2548 2800 1
3427 3900 1
1170 1979 1
1586 4109 1
1835 4813 1
4850 4871 1
3220 4546 1
1606 1728 1
1413 2087 1
135 4099 1
1175 3612 1
1617 2267 1
383 1168 1
510 2441 1
1821 3760 1
1212 4433 1
267 993 1
710 4946 1
736 3915 1
1775 2072 1
641 645 1
551 4135 1
1203 1846 1
647 1399 1
108 3565 1
2520 4111 1
123 3873 1
3949 4897 1
3355 4158 1
2720 3418 1
856 1923 1
407 599 1
448 4572 1
721 1698 1
2519 4825 1
892 3273 1
465 954 1
420 3463 1
1653 3371 1
1823 3782 1
467 1939 1
682 3813 1
2474 4651 1
430 2811 1
2575 3013 1
1811 2617 1
3359 4815 1
4026 4312 1
253 2360 1
46 2067 1
223 3649 1
2824 4656 1
814 1646 1
850 1303 1
220 3351 1
1292 1648 1
2524 2674 1
1032 3037 1
1216 2592 1
2375 2551 1
2201 4650 1
1475 2294 1
3618 4113 1
963 2119 1
209 1657 1
2879 4713 1
95 2309 1
3007 3932 1
354 1257 1
397 2647 1
1823 3916 1
269 1149 1
1729 3500 1
1505 1540 1
176 3587 1
1083 1258 1
2495 2629 1
2985 4708 1
2751 3723 1
1001 4050 1
741 2433 1
899 3773 1
1735 3291 1
916 3188 1
694 4307 1
55 2105 1
1722 4749 1
1175 2136 1
156 467 1
2335 4949 1
1962 3455 1
2421 3969 1
1516 1648 1
1887 4035 1
1656 3348 1
3369 3893 1
974 4482 1
158 3896 1
1674 3927 1
2714 3440 1
2332 3338 1
153 519 1
4676 4689 1
2991 3159 1
306 1700 1
2672 3564 1
941 3379 1
626 4307 1
1460 3944 1
1969 3821 1
496 1982 1
1683 3989 1
1230 4421 1
450 1048 1
2616 4571 1
1864 3246 1
26 720 1
2437 4047 1
3782 4196 1
1607 4529 1
3517 4679 1
1302 4647 1
2355 2702 1
1089 1156 1
3442 4505 1
725 3323 1
3041 4161 1
458 2979 1
520 4611 1
955 3785 1
1729 3179 1
480 1048 1
996 1342 1
738 3558 1
1046 1459 1
2542 3467 1
2490 4997 1
1089 1506 1
631 3846 1
2404 2944 1
1296 1984 1
3121 3524 1
206 4047 1
332 3405 1
3353 4032 1
2269 3658 1
2263 2308 1
1296 3273 1
1038 4735 1
1855 4957 1
3393 4747 1
3405 4572 1
4397 4603 1
295 4627 1
3481 4567 1
67 1013 1
559 1475 1
3989 4219 1
3686 4218 1
3364 4167 1
590 4171 1
134 3928 1
805 1881 1
1441 3031 1
216 1486 1
656 2697 1
735 2990 1
41 1081 1
982 3621 1
951 1302 1
3055 4701 1
54 1316 1
3078 4870 1
1151 3807 1
607 2431 1
3411 4521 1
799 2601 1
1160 2580 1
2949 3901 1
53 4474 1
2546 2730 1
149 4936 1
32 1153 1
2165 3038 1
1824 2745 1
2773 2894 1
1297 1538 1
2932 4644 1
908 2894 1
3246 3491 1
226 2308 1
2979 3901 1
1998 4968 1
179 4936 1
2794 4121 1
1280 1719 1
590 1272 1
655 1667 1
1536 3402 1
1745 3741 1
2232 3105 1
55 1113 1
2768 3839 1
3814 4887 1
398 1452 1
1212 1965 1
231 2278 1
520 4074 1
3620 4240 1
1900 1935 1
481 1113 1
1824 2879 1
3154 4440 1
1698 4460 1
2775 3855 1
493 1847 1
552 764 1
2781 4609 1
1769 4111 1
1005 2961 1
957 1981 1
743 3715 1
1925 4624 1
507 2684 1
1404 4363 1
504 2386 1
2515 2588 1
63 4895 1
1164 1678 1
1616 3465 1
1967 2002 1
611 1694 1
3470 3491 1
1734 2962 1
2205 4799 1
567 641 1
1550 3784 1
2539 3332 1
3730 4734 1
655 3090 1
1220 2310 1
318 3670 1
105 179 1
481 4630 1
4240 4432 1
3558 3846 1
1015 3783 1
857 945 1
853 3455 1
2685 4446 1
2714 2932 1
935 4019 1
3710 4617 1
2037 4410 1
2884 4282 1
2901 3697 1
392 2464 1
493 3270 1
125 2874 1
3380 4863 1
590 1890 1
854 1936 1
317 3983 1
3169 4801 1
1447 3389 1
1531 4026 1
2324 3662 1
71 894 1
255 3455 1
1516 4657 1
2700 3949 1
1898 2507 1
4086 4099 1
705 3691 1
3764 4048 1
257 4467 1
1807 4082 1
585 2054 1
1204 1537 1
3536 4571 1
609 3579 1
1681 2630 1
1378 2629 1
987 4693 1
408 4986 1
1439 4036 1
3286 4581 1
1290 3913 1
3339 4407 1
1270 3446 1
3166 3698 1
580 2999 1
2233 3493 1
2688 4073 1
3906 4639 1
955 3061 1
784 3179 1
51 1342 1
1043 4571 1
2872 3601 1
3213 4079 1
1140 2410 1
87 1911 1
374 2907 1
1258 1907 1
724 4417 1
111 3436 1
4676 4799 1
1806 4341 1
1966 2344 1
2563 4320 1
1900 3976 1
3089 3612 1
3524 3540 1
699 1512 1
1543 2776 1
2152 4577 1
21 2738 1
1433 4109 1
39 2755 1
199 4730 1
3267 3860 1
1087 4603 1
2711 4167 1
1065 4063 1
2641 4337 1
3341 3782 1
2535 4850 1
1856 4003 1
2656 3864 1
2413 4860 1
2067 4223 1
3693 3860 1
4217 4769 1
1273 4362 1
2195 4408 1
2573 3048 1
3949 4954 1
379 1641 1
1056 1102 1
467 4090 1
875 3161 1
1655 4255 1
996 4619 1
3959 4487 1
43 4701 1
2260 4779 1
1038 2751 1
3505 3758 1
3491 3860 1
745 1186 1
3627 4687 1
717 3864 1
641 4219 1
3714 4282 1
224 4870 1
1462 4368 1
261 965 1
267 2473 1
1030 3398 1
59 2709 1
9 902 1
743 3341 1
2090 3563 1
2028 2685 1
4240 4863 1
198 4938 1
516 1083 1
3401 4293 1
4371 4565 1
2492 4482 1
3552 4462 1
1358 2301 1
4313 4560 1
2367 2501 1
187 3244 1
3628 4457 1
837 4292 1
2460 2665 1
2644 4472 1
3924 4226 1
2067 3902 1
109 328 1
609 4815 1
32 3491 1
1888 2624 1
37 2145 1
694 4364 1
3405 4011 1
1514 1659 1
23 3378 1
2247 3846 1
1151 1957 1
392 1151 1
1212 3364 1
1871 2054 1
4651 4689 1
2366 3164 1
2025 2871 1
2269 3231 1
3585 4894 1
481 2512 1
1339 2543 1
1879 3985 1
835 3949 1
1981 2949 1
145 3502 1
4035 4541 1
3888 4299 1
66 176 1
1766 2768 1
1657 3764 1
1612 2301 1
1187 4781 1
239 1824 1
1806 2544 1
2556 3796 1
3171 4099 1
2775 4099 1
209 2332 1
429 4550 1
2757 4459 1
1119 2553 1
4377 4813 1
2937 3114 1
717 2738 1
3153 3678 1
176 3323 1
264 726 1
2010 4417 1
611 4971 1
4312 4603 1
4752 4875 1
3629 4546 1
3218 3514 1
336 3985 1
4630 4885 1
1020 4617 1
2772 4336 1
2051 4576 1
2142 3940 1
1173 4078 1
892 2338 1
81 3062 1
2412 2488 1
1176 4726 1
808 4330 1
524 4571 1
133 4915 1
4411 4558 1
507 2123 1
1694 3376 1
1986 4716 1
3481 4624 1
2534 4521 1
4215 4619 1
2000 3833 1
3953 4619 1
3273 4860 1
1463 4382 1
1151 2575 1
1084 1353 1
3231 4634 1
2397 4408 1
736 1020 1
1551 4387 1
1100 1482 1
2373 2509 1
1385 4849 1
2284 2437 1
479 2303 1
630 2472 1
963 4567 1
359 1420 1
719 2894 1
158 3766 1
1116 2715 1
2571 4722 1
3914 4236 1
1030 4634 1
2072 4974 1
1810 4974 1
415 574 1
504 2309 1
1175 4234 1
2747 3608 1
654 2253 1
1915 3455 1
632 3433 1
2080 2741 1
1882 2756 1
488 3654 1
2740 2787 1
2544 2875 1
773 3823 1
3882 4297 1
3620 4297 1
417 1909 1
1048 2715 1
1141 3660 1
3289 4133 1
4815 4852 1
3824 4477 1
1019 1196 1
681 2140 1
3234 4611 1
3093 3440 1
1288 3306 1
510 2258 1
1172 3131 1
2349 3696 1
3110 3794 1
4328 4360 1
3975 4996 1
1094 2659 1
1410 2141 1
1086 1263 1
2307 3820 1
1486 2136 1
1617 3373 1
841 3152 1
1988 3286 1
2151 2526 1
3137 3523 1
3825 3897 1
3147 4965 1
662 4318 1
2635 4036 1
1198 2608 1
3902 4494 1
194 3691 1
1845 3358 1
623 3050 1
1486 3425 1
3705 4330 1
1721 2541 1
1413 2388 1
843 4487 1
2390 3831 1
994 4656 1
1888 4344 1
3564 4098 1
57 545 1
4886 4987 1
17 3398 1
1526 2450 1
4619 4643 1
2727 2820 1
358 658 1
1354 3097 1
3031 3985 1
2769 3985 1
951 4555 1
53 961 1
775 1885 1
219 3882 1
3598 4217 1
1650 2085 1
2290 4889 1
3224 4915 1
2510 3882 1
2583 4360 1
176 371 1
1255 4565 1
1531 2928 1
292 1485 1
1610 3975 1
2 1911 1
3142 3950 1
788 2820 1
4286 4567 1
862 2769 1
555 1306 1
2733 4654 1
1428 2399 1
3618 4064 1
2088 4889 1
1210 4391 1
1258 3119 1
1958 2564 1
807 968 1
3888 4275 1
405 3590 1
539 4344 1
4470 4630 1
162 1388 1
2216 2980 1
1823 4217 1
2547 3494 1
2132 4972 1
1679 4438 1
3686 4706 1
662 3781 1
1482 4274 1
1327 4171 1
2801 3202 1
2235 4511 1
138 2441 1
284 4710 1
1092 4654 1
2520 2586 1
477 3038 1
1421 2843 1
10 1882 1
215 4731 1
3096 4035 1
1506 1611 1
507 3038 1
2142 3700 1
225 3325 1
2591 3526 1
1026 4542 1
219 2756 1
4476 4528 1
3089 4153 1
1260 3433 1
3771 3958 1
2835 3455 1
1216 3511 1
274 4506 1
67 4213 1
2150 4291 1
1207 1678 1
835 3038 1
2252 3255 1
49 2294 1
37 779 1
1840 4250 1
2865 3455 1
2373 4713 1
1547 2685 1
2450 4179 1
0 897 1
175 1652 1
2733 4467 1
489 2751 1
1540 4897 1
4550 4611 1
379 1832 1
1540 1864 1
196 2879 1
2625 2840 1
1545 3147 1
3465 3985 1
605 1771 1
1556 2747 1
539 4157 1
580 4158 1
38 1889 1
4508 4735 1
2018 4498 1
1593 3568 1
691 4928 1
2779 4596 1
3231 3939 1
669 1382 1
69 3080 1
1138 3523 1
4006 4874 1
933 2367 1
456 4657 1
2211 2984 1
1151 3758 1
2572 2963 1
2520 4493 1
1479 4755 1
1931 4098 1
1153 3804 1
3073 3888 1
1475 1603 1
1303 3748 1
807 4298 1
1198 3173 1
1089 1136 1
457 4077 1
1680 4987 1
3103 4827 1
1277 3816 1
3029 3565 1
1530 2949 1
1172 3241 1
3564 4074 1
909 1326 1
652 1670 1
1939 2595 1
2315 4572 1
1212 2266 1
3047 3740 1
2372 4325 1
3900 4181 1
3979 4474 1
1441 4755 1
71 4549 1
38 2157 1
3620 4541 1
1911 4869 1
27 3688 1
581 864 1
1656 3596 1
1387 3179 1
2736 4228 1
654 1342 1
3188 3571 1
1212 4494 1
420 3740 1
329 1932 1
626 3616 1
294 2877 1
2845 4521 1
3495 4603 1
3211 4844 1
427 3406 1
2655 4397 1
3010 3807 1
3796 4716 1
2051 4633 1
3166 4320 1
597 3036 1
4171 4778 1
3298 4624 1
3938 4018 1
1381 1805 1
498 3407 1
343 2338 1
2798 3520 1
4360 4650 1
1495 4536 1
1297 4551 1
2518 4634 1
258 4859 1
1010 3740 1
4492 4954 1
10 4757 1
2541 3305 1
2589 4285 1
1939 4957 1
1061 2739 1
1176 2689 1
450 2585 1
613 4269 1
3323 4280 1
4047 4311 1
821 4972 1
141 4459 1
1194 3268 1
270 4869 1
94 671 1
233 1015 1
1852 2679 1
990 994 1
2526 4121 1
3376 4291 1
633 1888 1
3066 3311 1
3046 3598 1
2450 4476 1
910 4798 1
564 4161 1
352 4470 1
1174 4844 1
1072 4567 1
1743 2520 1
863 1195 1
2256 2516 1
2179 2269 1
686 1498 1
397 3058 1
1591 3038 1
2868 4184 1
3756 4646 1
1216 4292 1
3597 3835 1
174 4891 1
64 3033 1
511 4476 1
2128 4559 1
1641 2751 1
595 2669 1
2907 4297 1
545 862 1
555 1550 1
567 621 1
276 2135 1
2654 3851 1
219 3321 1
2154 2747 1
3888 4169 1
4760 4852 1
2554 3620 1
2008 4615 1
81 354 1
1414 3876 1
1911 4682 1
383 3136 1
2499 4852 1
2776 3440 1
3994 4006 1
413 4476 1
2113 4035 1
332 2043 1
357 3793 1
971 1212 1
1504 3927 1
1024 4256 1
3491 3543 1
3152 4077 1
1703 2824 1
2257 4164 1
452 4030 1
1520 3871 1
1373 2131 1
46 1807 1
1694 1957 1
339 2059 1
1135 1212 1
977 3255 1
581 3255 1
924 1931 1
242 1345 1
1413 4539 1
2182 2835 1
2706 3744 1
109 1166 1
732 2111 1
4740 4869 1
3291 3616 1
3434 3924 1
242 1695 1
1207 4821 1
613 4082 1
1722 3200 1
823 4077 1
1442 4314 1
1318 1804 1
55 3939 1
786 2697 1
3583 3616 1
2194 3545 1
714 2979 1
2769 4981 1
1313 2749 1
69 962 1
124 669 1
294 1080 1
717 1937 1
1278 3667 1
1486 3616 1
3958 4967 1
4355 4603 1
956 4555 1
1845 3899 1
192 4344 1
1971 3257 1
2005 2087 1
1194 3565 1
2541 4541 1
115 1845 1
2675 4541 1
1188 3750 1
2745 3782 1
1005 4043 1
3698 4639 1
1378 3093 1
96 4232 1
103 2959 1
1931 4208 1
267 1835 1
1313 2883 1
3694 4870 1
1462 4669 1
3179 4424 1
2874 3788 1
386 4186 1
19 2672 1
1175 2360 1
810 1481 1
3175 3901 1
124 1153 1
1681 1939 1
494 686 1
1925 4551 1
342 2544 1
1266 2663 1
32 1564 1
935 1368 1
854 4412 1
386 2092 1
771 1903 1
759 2832 1
12 1851 1
1982 2052 1
865 1538 1
328 1333 1
553 3895 1
345 1502 1
117 332 1
36 3376 1
2916 3798 1
2518 2971 1
1506 2473 1
75 1799 1
1115 3756 1
2297 4665 1
1641 3048 1
951 1847 1
732 985 1
3295 3952 1
291 3494 1
1175 2494 1
5 656 1
889 1908 1
2779 4035 1
418 1734 1
55 3402 1
4373 4888 1
507 2745 1
2530 4270 1
2916 2993 1
1341 1601 1
3629 4363 1
1796 2181 1
1331 4296 1
216 2165 1
1974 4173 1
699 821 1
1669 4291 1
705 4773 1
705 2329 1
529 3793 1
598 3398 1
2533 2824 1
1243 4075 1
465 775 1
2895 4344 1
3731 4616 1
1851 4308 1
810 1160 1
813 2397 1
138 2982 1
670 4563 1
1492 2685 1
194 4045 1
951 3270 1
1934 2249 1
869 2679 1
2510 4102 1
1044 3434 1
1471 2747 1
474 837 1
2808 4698 1
1347 4374 1
2083 2722 1
3697 4042 1
3356 3749 1
1089 2803 1
96 4984 1
2546 2604 1
712 1540 1
875 2470 1
1876 2809 1
795 2706 1
2796 3718 1
1409 4097 1
1832 4200 1
1391 2737 1
736 3065 1
961 1463 1
1712 3317 1
3801 4930 1
3005 4996 1
458 3471 1
1712 4256 1
1832 4550 1
